iteration,id,source_index,category,answer_shape,requires_entity_resolution,question,sql_parse_ok,exec_ok,gold_exec_ok,result_f1,exact_match,subset_match,column_f1,cell_f1,gen_sql,gold_sql
1,Q01,1,LQLS,dimension_listing,0,"Return all the claims we have by claim number, open date and close date?",1,1,1,1.0,1,1,1.0,1.0,"SELECT company_claim_number, claim_open_date, claim_close_date
FROM oda_benchmark.acme_claim","SELECT company_claim_number, claim_open_date, claim_close_date
FROM oda_benchmark.acme_claim
ORDER BY company_claim_number ASC"
1,Q02,2,LQLS,dimension_listing,0,"Return all the policies we have by policy number, effective date and expiration date?",1,1,1,1.0,1,1,1.0,1.0,"SELECT policy_number, effective_date, expiration_date
FROM oda_benchmark.acme_policy","SELECT policy_number, effective_date, expiration_date
FROM oda_benchmark.acme_policy
ORDER BY policy_number ASC"
1,Q03,3,LQLS,dimension_listing,0,Return all the policies and their policy holder by id,1,1,1,0.0,0,1,0.8,0.8,"SELECT p.policy_identifier, p.policy_number, apr.party_identifier AS policyholder_id
FROM oda_benchmark.acme_policy p
JOIN oda_benchmark.acme_agreement_party_role apr
  ON p.policy_identifier = apr.agreement_identifier
WHERE apr.party_role_code = 'PH'","SELECT p.policy_number, apr.party_identifier AS policyholder_id
FROM oda_benchmark.acme_policy p
JOIN oda_benchmark.acme_agreement_party_role apr
  ON p.policy_identifier = apr.agreement_identifier
WHERE apr.party_role_code = 'PH'
ORDER BY p.policy_number ASC"
1,Q04,4,LQLS,dimension_listing,0,Return all the policies and the agents that sold them by policy number and agent id,1,1,1,1.0,1,1,1.0,1.0,"SELECT p.policy_number, apr.party_identifier AS agent_id
FROM oda_benchmark.acme_policy p
JOIN oda_benchmark.acme_agreement_party_role apr
  ON p.policy_identifier = apr.agreement_identifier
WHERE apr.party_role_code = 'AG'
ORDER BY p.policy_number, agent_id","SELECT p.policy_number, apr.party_identifier AS agent_id
FROM oda_benchmark.acme_policy p
JOIN oda_benchmark.acme_agreement_party_role apr
  ON p.policy_identifier = apr.agreement_identifier
WHERE apr.party_role_code = 'AG'
ORDER BY p.policy_number ASC"
1,Q05,5,LQLS,dimension_listing,0,What are all our policies that have a claim associated to them by policy and claim number?,1,1,1,1.0,1,1,1.0,1.0,"SELECT p.policy_number, c.company_claim_number
FROM oda_benchmark.acme_claim c
JOIN oda_benchmark.acme_claim_coverage cc ON c.claim_identifier = cc.claim_identifier
JOIN oda_benchmark.acme_policy_coverage_detail pcd ON cc.policy_coverage_detail_identifier = pcd.policy_coverage_detail_identifier
JOIN oda_benchmark.acme_policy p ON pcd.policy_identifier = p.policy_identifier;","SELECT DISTINCT p.policy_number, c.company_claim_number
FROM oda_benchmark.acme_claim c
JOIN oda_benchmark.acme_claim_coverage cc
  ON c.claim_identifier = cc.claim_identifier
JOIN oda_benchmark.acme_policy_coverage_detail pcd
  ON cc.policy_coverage_detail_identifier = pcd.policy_coverage_detail_identifier
JOIN oda_benchmark.acme_policy p
  ON pcd.policy_identifier = p.policy_identifier
ORDER BY p.policy_number ASC"
1,Q06,6,LQLS,dimension_listing,0,What are all the premiums that have been paid by policy holders?,1,1,1,0.0,0,0,0.0,0.0,"SELECT apr.party_identifier, SUM(pa.policy_amount) AS total_premium_paid
FROM oda_benchmark.acme_agreement_party_role apr
JOIN oda_benchmark.acme_policy_amount pa ON apr.agreement_identifier = pa.policy_identifier
JOIN oda_benchmark.acme_premium pr ON pa.policy_amount_identifier = pr.policy_amount_identifier
WHERE apr.party_role_code = 'PH'
GROUP BY apr.party_identifier
ORDER BY total_premium_paid DESC","SELECT apr.party_identifier AS policyholder_id,
       SUM(pa.policy_amount) AS total_premiums_paid
FROM oda_benchmark.acme_agreement_party_role apr
JOIN oda_benchmark.acme_policy p
  ON apr.agreement_identifier = p.policy_identifier
JOIN oda_benchmark.acme_policy_amount pa
  ON p.policy_identifier = pa.policy_identifier
JOIN oda_benchmark.acme_premium pr
  ON pa.policy_amount_identifier = pr.policy_amount_identifier
WHERE apr.party_role_code = 'PH'
GROUP BY apr.party_identifier
ORDER BY total_premiums_paid DESC"
1,Q07,7,LQLS,dimension_listing,0,What is the premium amount of all policies by policy number?,1,1,1,0.0,0,0,0.5,0.5,"SELECT p.policy_number, SUM(pa.policy_amount) AS total_premium_amount
FROM oda_benchmark.acme_policy p
JOIN oda_benchmark.acme_policy_amount pa ON p.policy_identifier = pa.policy_identifier
JOIN oda_benchmark.acme_premium pr ON pa.policy_amount_identifier = pr.policy_amount_identifier
GROUP BY p.policy_number
ORDER BY total_premium_amount DESC","SELECT p.policy_number,
       SUM(pa.policy_amount) AS premium_amount
FROM oda_benchmark.acme_policy p
JOIN oda_benchmark.acme_policy_amount pa
  ON p.policy_identifier = pa.policy_identifier
JOIN oda_benchmark.acme_premium pr
  ON pa.policy_amount_identifier = pr.policy_amount_identifier
GROUP BY p.policy_number
ORDER BY p.policy_number ASC"
1,Q08,8,LQLS,dimension_listing,0,"What is the premium amount of all policies by policy number, coverage effective date and coverage expiration date",1,1,1,0.0,0,0,0.75,0.75,"SELECT p.policy_number,
       pcd.effective_date AS coverage_effective_date,
       pcd.expiration_date AS coverage_expiration_date,
       SUM(pa.policy_amount) AS total_premium_amount
FROM oda_benchmark.acme_policy p
JOIN oda_benchmark.acme_policy_coverage_detail pcd
  ON p.policy_identifier = pcd.policy_identifier
JOIN oda_benchmark.acme_policy_amount pa
  ON p.policy_identifier = pa.policy_identifier
JOIN oda_benchmark.acme_premium pr
  ON pa.policy_amount_identifier = pr.policy_amount_identifier
GROUP BY p.policy_number, pcd.effective_date, pcd.expiration_date
ORDER BY p.policy_number;","SELECT p.policy_number,
       pcd.effective_date AS coverage_effective_date,
       pcd.expiration_date AS coverage_expiration_date,
       SUM(pa.policy_amount) AS premium_amount
FROM oda_benchmark.acme_policy p
JOIN oda_benchmark.acme_policy_coverage_detail pcd
  ON p.policy_identifier = pcd.policy_identifier
JOIN oda_benchmark.acme_policy_amount pa
  ON p.policy_identifier = pa.policy_identifier
JOIN oda_benchmark.acme_premium pr
  ON pa.policy_amount_identifier = pr.policy_amount_identifier
GROUP BY p.policy_number, pcd.effective_date, pcd.expiration_date
ORDER BY p.policy_number ASC"
1,Q09,9,LQLS,dimension_listing,0,What are the loss payment amount of all claims by claim number?,1,1,1,0.0,0,0,0.5,0.5,"SELECT c.company_claim_number, SUM(ca.claim_amount) AS total_loss_payment
FROM oda_benchmark.acme_claim c
JOIN oda_benchmark.acme_claim_amount ca ON c.claim_identifier = ca.claim_identifier
JOIN oda_benchmark.acme_loss_payment lp ON ca.claim_amount_identifier = lp.claim_amount_identifier
GROUP BY c.company_claim_number
ORDER BY total_loss_payment DESC","SELECT c.company_claim_number,
       SUM(ca.claim_amount) AS loss_payment_amount
FROM oda_benchmark.acme_claim c
JOIN oda_benchmark.acme_claim_amount ca
  ON c.claim_identifier = ca.claim_identifier
JOIN oda_benchmark.acme_loss_payment lp
  ON ca.claim_amount_identifier = lp.claim_amount_identifier
GROUP BY c.company_claim_number
ORDER BY c.company_claim_number ASC"
1,Q10,10,LQLS,dimension_listing,0,What are the loss reserve amount of all claims by claim number?,1,1,1,0.0,0,0,0.5,0.5,"SELECT c.company_claim_number, SUM(ca.claim_amount) AS total_loss_reserve
FROM oda_benchmark.acme_claim c
JOIN oda_benchmark.acme_claim_amount ca ON c.claim_identifier = ca.claim_identifier
JOIN oda_benchmark.acme_loss_reserve lr ON ca.claim_amount_identifier = lr.claim_amount_identifier
GROUP BY c.company_claim_number
ORDER BY total_loss_reserve DESC","SELECT c.company_claim_number,
       SUM(ca.claim_amount) AS loss_reserve_amount
FROM oda_benchmark.acme_claim c
JOIN oda_benchmark.acme_claim_amount ca
  ON c.claim_identifier = ca.claim_identifier
JOIN oda_benchmark.acme_loss_reserve lr
  ON ca.claim_amount_identifier = lr.claim_amount_identifier
GROUP BY c.company_claim_number
ORDER BY c.company_claim_number ASC"
1,Q11,11,LQLS,dimension_listing,0,What are the expense payment amount of all claims by claim number?,1,1,1,0.0,0,0,0.5,0.5,"SELECT c.company_claim_number, SUM(ca.claim_amount) AS total_expense_payment
FROM oda_benchmark.acme_claim c
JOIN oda_benchmark.acme_claim_amount ca ON c.claim_identifier = ca.claim_identifier
JOIN oda_benchmark.acme_expense_payment ep ON ca.claim_amount_identifier = ep.claim_amount_identifier
GROUP BY c.company_claim_number
ORDER BY total_expense_payment DESC","SELECT c.company_claim_number,
       SUM(ca.claim_amount) AS expense_payment_amount
FROM oda_benchmark.acme_claim c
JOIN oda_benchmark.acme_claim_amount ca
  ON c.claim_identifier = ca.claim_identifier
JOIN oda_benchmark.acme_expense_payment ep
  ON ca.claim_amount_identifier = ep.claim_amount_identifier
GROUP BY c.company_claim_number
ORDER BY c.company_claim_number ASC"
1,Q12,12,LQLS,dimension_listing,0,What are the expense reserve amount of all claims by claim number?,1,1,1,0.0,0,0,0.5,0.5,"SELECT c.company_claim_number, SUM(ca.claim_amount) AS total_expense_reserve
FROM oda_benchmark.acme_claim c
JOIN oda_benchmark.acme_claim_amount ca ON c.claim_identifier = ca.claim_identifier
JOIN oda_benchmark.acme_expense_reserve er ON ca.claim_amount_identifier = er.claim_amount_identifier
GROUP BY c.company_claim_number
ORDER BY total_expense_reserve DESC","SELECT c.company_claim_number,
       SUM(ca.claim_amount) AS expense_reserve_amount
FROM oda_benchmark.acme_claim c
JOIN oda_benchmark.acme_claim_amount ca
  ON c.claim_identifier = ca.claim_identifier
JOIN oda_benchmark.acme_expense_reserve er
  ON ca.claim_amount_identifier = er.claim_amount_identifier
GROUP BY c.company_claim_number
ORDER BY c.company_claim_number ASC"
1,Q13,13,LQHS,dimension_listing,0,"What are the loss payment, loss reserve, expense payment, expense reserve amount by claim number?",1,1,1,1.0,1,1,1.0,1.0,"SELECT c.company_claim_number,
       SUM(CASE WHEN lp.claim_amount_identifier IS NOT NULL THEN ca.claim_amount ELSE 0 END) AS loss_payment_amount,
       SUM(CASE WHEN lr.claim_amount_identifier IS NOT NULL THEN ca.claim_amount ELSE 0 END) AS loss_reserve_amount,
       SUM(CASE WHEN ep.claim_amount_identifier IS NOT NULL THEN ca.claim_amount ELSE 0 END) AS expense_payment_amount,
       SUM(CASE WHEN er.claim_amount_identifier IS NOT NULL THEN ca.claim_amount ELSE 0 END) AS expense_reserve_amount
FROM oda_benchmark.acme_claim c
JOIN oda_benchmark.acme_claim_amount ca
  ON c.claim_identifier = ca.claim_identifier
LEFT JOIN oda_benchmark.acme_loss_payment lp
  ON ca.claim_amount_identifier = lp.claim_amount_identifier
LEFT JOIN oda_benchmark.acme_loss_reserve lr
  ON ca.claim_amount_identifier = lr.claim_amount_identifier
LEFT JOIN oda_benchmark.acme_expense_payment ep
  ON ca.claim_amount_identifier = ep.claim_amount_identifier
LEFT JOIN oda_benchmark.acme_expense_reserve er
  ON ca.claim_amount_identifier = er.claim_amount_identifier
GROUP BY c.company_claim_number
ORDER BY c.company_claim_number;","SELECT c.company_claim_number,
       COALESCE(SUM(CASE WHEN lp.claim_amount_identifier IS NOT NULL THEN ca.claim_amount END), 0) AS loss_payment_amount,
       COALESCE(SUM(CASE WHEN lr.claim_amount_identifier IS NOT NULL THEN ca.claim_amount END), 0) AS loss_reserve_amount,
       COALESCE(SUM(CASE WHEN ep.claim_amount_identifier IS NOT NULL THEN ca.claim_amount END), 0) AS expense_payment_amount,
       COALESCE(SUM(CASE WHEN er.claim_amount_identifier IS NOT NULL THEN ca.claim_amount END), 0) AS expense_reserve_amount
FROM oda_benchmark.acme_claim c
JOIN oda_benchmark.acme_claim_amount ca ON c.claim_identifier = ca.claim_identifier
LEFT JOIN oda_benchmark.acme_loss_payment lp ON ca.claim_amount_identifier = lp.claim_amount_identifier
LEFT JOIN oda_benchmark.acme_loss_reserve lr ON ca.claim_amount_identifier = lr.claim_amount_identifier
LEFT JOIN oda_benchmark.acme_expense_payment ep ON ca.claim_amount_identifier = ep.claim_amount_identifier
LEFT JOIN oda_benchmark.acme_expense_reserve er ON ca.claim_amount_identifier = er.claim_amount_identifier
GROUP BY c.company_claim_number
ORDER BY c.company_claim_number ASC"
1,Q14,14,LQHS,dimension_listing,0,"What are the loss payment, loss reserve, expense payment, expense reserve amount by claim number and corresponding policy number, policy holder and premium amount paid?",1,1,1,0.0,0,0,1.0,0.4375,"SELECT 
  c.company_claim_number,
  p.policy_number,
  apr.party_identifier AS policyholder_id,
  SUM(CASE WHEN lp.claim_amount_identifier IS NOT NULL THEN ca.claim_amount ELSE 0 END) AS loss_payment_amount,
  SUM(CASE WHEN lr.claim_amount_identifier IS NOT NULL THEN ca.claim_amount ELSE 0 END) AS loss_reserve_amount,
  SUM(CASE WHEN ep.claim_amount_identifier IS NOT NULL THEN ca.claim_amount ELSE 0 END) AS expense_payment_amount,
  SUM(CASE WHEN er.claim_amount_identifier IS NOT NULL THEN ca.claim_amount ELSE 0 END) AS expense_reserve_amount,
  SUM(DISTINCT pa.policy_amount) AS premium_amount
FROM oda_benchmark.acme_claim c
LEFT JOIN oda_benchmark.acme_claim_amount ca 
  ON c.claim_identifier = ca.claim_identifier
LEFT JOIN oda_benchmark.acme_loss_payment lp 
  ON ca.claim_amount_identifier = lp.claim_amount_identifier
LEFT JOIN oda_benchmark.acme_loss_reserve lr 
  ON ca.claim_amount_identifier = lr.claim_amount_identifier
LEFT JOIN oda_benchmark.acme_expense_payment ep 
  ON ca.claim_amount_identifier = ep.claim_amount_identifier
LEFT JOIN oda_benchmark.acme_expense_reserve er 
  ON ca.claim_amount_identifier = er.claim_amount_identifier
LEFT JOIN oda_benchmark.acme_claim_coverage cc 
  ON c.claim_identifier = cc.claim_identifier
LEFT JOIN oda_benchmark.acme_policy_coverage_detail pcd 
  ON cc.policy_coverage_detail_identifier = pcd.policy_coverage_detail_identifier
LEFT JOIN oda_benchmark.acme_policy p 
  ON pcd.policy_identifier = p.policy_identifier
LEFT JOIN oda_benchmark.acme_agreement_party_role apr 
  ON p.policy_identifier = apr.agreement_identifier
  AND apr.party_role_code = 'PH'
LEFT JOIN oda_benchmark.acme_policy_amount pa 
  ON p.policy_identifier = pa.policy_identifier
LEFT JOIN oda_benchmark.acme_premium pr 
  ON pa.policy_amount_identifier = pr.policy_amount_identifier
GROUP BY 
  c.company_claim_number,
  p.policy_number,
  apr.party_identifier
ORDER BY 
  c.company_claim_number;","SELECT c.company_claim_number,
       p.policy_number,
       apr.party_identifier AS policyholder_id,
       SUM(DISTINCT pa.policy_amount) AS premium_amount,
       COALESCE(SUM(CASE WHEN lp.claim_amount_identifier IS NOT NULL THEN ca.claim_amount END), 0) AS loss_payment_amount,
       COALESCE(SUM(CASE WHEN lr.claim_amount_identifier IS NOT NULL THEN ca.claim_amount END), 0) AS loss_reserve_amount,
       COALESCE(SUM(CASE WHEN ep.claim_amount_identifier IS NOT NULL THEN ca.claim_amount END), 0) AS expense_payment_amount,
       COALESCE(SUM(CASE WHEN er.claim_amount_identifier IS NOT NULL THEN ca.claim_amount END), 0) AS expense_reserve_amount
FROM oda_benchmark.acme_claim c
JOIN oda_benchmark.acme_claim_amount ca ON c.claim_identifier = ca.claim_identifier
LEFT JOIN oda_benchmark.acme_loss_payment lp ON ca.claim_amount_identifier = lp.claim_amount_identifier
LEFT JOIN oda_benchmark.acme_loss_reserve lr ON ca.claim_amount_identifier = lr.claim_amount_identifier
LEFT JOIN oda_benchmark.acme_expense_payment ep ON ca.claim_amount_identifier = ep.claim_amount_identifier
LEFT JOIN oda_benchmark.acme_expense_reserve er ON ca.claim_amount_identifier = er.claim_amount_identifier
JOIN oda_benchmark.acme_claim_coverage cc ON c.claim_identifier = cc.claim_identifier
JOIN oda_benchmark.acme_policy_coverage_detail pcd ON cc.policy_coverage_detail_identifier = pcd.policy_coverage_detail_identifier
JOIN oda_benchmark.acme_policy p ON pcd.policy_identifier = p.policy_identifier
JOIN oda_benchmark.acme_agreement_party_role apr ON p.policy_identifier = apr.agreement_identifier
JOIN oda_benchmark.acme_policy_amount pa ON p.policy_identifier = pa.policy_identifier
JOIN oda_benchmark.acme_premium pr ON pa.policy_amount_identifier = pr.policy_amount_identifier
WHERE apr.party_role_code = 'PH'
GROUP BY c.company_claim_number, p.policy_number, apr.party_identifier
ORDER BY c.company_claim_number ASC"
1,Q15,15,LQHS,dimension_listing,0,"What are the loss payment, loss reserve, expense payment, expense reserve amount by claim number and corresponding policy number, policy holder, premium amount paid and the agent who sold it?",1,1,1,0.0,0,0,0.7778,0.2778,"SELECT 
  c.company_claim_number,
  p.policy_number,
  ph.party_identifier AS policy_holder,
  ag.party_identifier AS agent,
  SUM(CASE WHEN lp.claim_amount_identifier IS NOT NULL THEN ca.claim_amount ELSE 0 END) AS loss_payment_amount,
  SUM(CASE WHEN lr.claim_amount_identifier IS NOT NULL THEN ca.claim_amount ELSE 0 END) AS loss_reserve_amount,
  SUM(CASE WHEN ep.claim_amount_identifier IS NOT NULL THEN ca.claim_amount ELSE 0 END) AS expense_payment_amount,
  SUM(CASE WHEN er.claim_amount_identifier IS NOT NULL THEN ca.claim_amount ELSE 0 END) AS expense_reserve_amount,
  SUM(DISTINCT pa.policy_amount) AS premium_amount
FROM oda_benchmark.acme_claim c
LEFT JOIN oda_benchmark.acme_claim_amount ca 
  ON c.claim_identifier = ca.claim_identifier
LEFT JOIN oda_benchmark.acme_loss_payment lp 
  ON ca.claim_amount_identifier = lp.claim_amount_identifier
LEFT JOIN oda_benchmark.acme_loss_reserve lr 
  ON ca.claim_amount_identifier = lr.claim_amount_identifier
LEFT JOIN oda_benchmark.acme_expense_payment ep 
  ON ca.claim_amount_identifier = ep.claim_amount_identifier
LEFT JOIN oda_benchmark.acme_expense_reserve er 
  ON ca.claim_amount_identifier = er.claim_amount_identifier
LEFT JOIN oda_benchmark.acme_claim_coverage cc 
  ON c.claim_identifier = cc.claim_identifier
LEFT JOIN oda_benchmark.acme_policy_coverage_detail pcd 
  ON cc.policy_coverage_detail_identifier = pcd.policy_coverage_detail_identifier
LEFT JOIN oda_benchmark.acme_policy p 
  ON pcd.policy_identifier = p.policy_identifier
LEFT JOIN oda_benchmark.acme_agreement_party_role ph 
  ON p.policy_identifier = ph.agreement_identifier AND ph.party_role_code = 'PH'
LEFT JOIN oda_benchmark.acme_agreement_party_role ag 
  ON p.policy_identifier = ag.agreement_identifier AND ag.party_role_code = 'AG'
LEFT JOIN oda_benchmark.acme_policy_amount pa 
  ON p.policy_identifier = pa.policy_identifier
LEFT JOIN oda_benchmark.acme_premium pr 
  ON pa.policy_amount_identifier = pr.policy_amount_identifier
GROUP BY 
  c.company_claim_number,
  p.policy_number,
  ph.party_identifier,
  ag.party_identifier
ORDER BY c.company_claim_number;","SELECT c.company_claim_number,
       p.policy_number,
       ph_apr.party_identifier AS policyholder_id,
       ag_apr.party_identifier AS agent_id,
       SUM(DISTINCT pa.policy_amount) AS premium_amount,
       COALESCE(SUM(CASE WHEN lp.claim_amount_identifier IS NOT NULL THEN ca.claim_amount END), 0) AS loss_payment_amount,
       COALESCE(SUM(CASE WHEN lr.claim_amount_identifier IS NOT NULL THEN ca.claim_amount END), 0) AS loss_reserve_amount,
       COALESCE(SUM(CASE WHEN ep.claim_amount_identifier IS NOT NULL THEN ca.claim_amount END), 0) AS expense_payment_amount,
       COALESCE(SUM(CASE WHEN er.claim_amount_identifier IS NOT NULL THEN ca.claim_amount END), 0) AS expense_reserve_amount
FROM oda_benchmark.acme_claim c
JOIN oda_benchmark.acme_claim_amount ca ON c.claim_identifier = ca.claim_identifier
LEFT JOIN oda_benchmark.acme_loss_payment lp ON ca.claim_amount_identifier = lp.claim_amount_identifier
LEFT JOIN oda_benchmark.acme_loss_reserve lr ON ca.claim_amount_identifier = lr.claim_amount_identifier
LEFT JOIN oda_benchmark.acme_expense_payment ep ON ca.claim_amount_identifier = ep.claim_amount_identifier
LEFT JOIN oda_benchmark.acme_expense_reserve er ON ca.claim_amount_identifier = er.claim_amount_identifier
JOIN oda_benchmark.acme_claim_coverage cc ON c.claim_identifier = cc.claim_identifier
JOIN oda_benchmark.acme_policy_coverage_detail pcd ON cc.policy_coverage_detail_identifier = pcd.policy_coverage_detail_identifier
JOIN oda_benchmark.acme_policy p ON pcd.policy_identifier = p.policy_identifier
JOIN oda_benchmark.acme_agreement_party_role ph_apr
  ON p.policy_identifier = ph_apr.agreement_identifier AND ph_apr.party_role_code = 'PH'
JOIN oda_benchmark.acme_agreement_party_role ag_apr
  ON p.policy_identifier = ag_apr.agreement_identifier AND ag_apr.party_role_code = 'AG'
JOIN oda_benchmark.acme_policy_amount pa ON p.policy_identifier = pa.policy_identifier
JOIN oda_benchmark.acme_premium pr ON pa.policy_amount_identifier = pr.policy_amount_identifier
GROUP BY c.company_claim_number, p.policy_number, ph_apr.party_identifier, ag_apr.party_identifier
ORDER BY c.company_claim_number ASC"
1,Q16,16,LQHS,dimension_listing,0,"What are the loss payment, loss reserve, expense payment, expense reserve amount by claim number and corresponding policy number, policy holder, premium amount paid, the catastrophe it had, and the agent who sold it?",1,1,1,0.0,0,0,0.8,0.35,"SELECT 
  c.company_claim_number,
  p.policy_number,
  ph.party_name AS policy_holder,
  ag.party_name AS agent,
  cat.catastrophe_name,
  SUM(CASE WHEN lp.claim_amount_identifier IS NOT NULL THEN ca.claim_amount ELSE 0 END) AS loss_payment_amount,
  SUM(CASE WHEN lr.claim_amount_identifier IS NOT NULL THEN ca.claim_amount ELSE 0 END) AS loss_reserve_amount,
  SUM(CASE WHEN ep.claim_amount_identifier IS NOT NULL THEN ca.claim_amount ELSE 0 END) AS expense_payment_amount,
  SUM(CASE WHEN er.claim_amount_identifier IS NOT NULL THEN ca.claim_amount ELSE 0 END) AS expense_reserve_amount,
  SUM(DISTINCT pa.policy_amount) AS premium_amount
FROM oda_benchmark.acme_claim c
LEFT JOIN oda_benchmark.acme_claim_amount ca 
  ON c.claim_identifier = ca.claim_identifier
LEFT JOIN oda_benchmark.acme_loss_payment lp 
  ON ca.claim_amount_identifier = lp.claim_amount_identifier
LEFT JOIN oda_benchmark.acme_loss_reserve lr 
  ON ca.claim_amount_identifier = lr.claim_amount_identifier
LEFT JOIN oda_benchmark.acme_expense_payment ep 
  ON ca.claim_amount_identifier = ep.claim_amount_identifier
LEFT JOIN oda_benchmark.acme_expense_reserve er 
  ON ca.claim_amount_identifier = er.claim_amount_identifier
LEFT JOIN oda_benchmark.acme_claim_coverage cc 
  ON c.claim_identifier = cc.claim_identifier
LEFT JOIN oda_benchmark.acme_policy_coverage_detail pcd 
  ON cc.policy_coverage_detail_identifier = pcd.policy_coverage_detail_identifier
LEFT JOIN oda_benchmark.acme_policy p 
  ON pcd.policy_identifier = p.policy_identifier
LEFT JOIN oda_benchmark.acme_policy_amount pa 
  ON p.policy_identifier = pa.policy_identifier
LEFT JOIN oda_benchmark.acme_premium pr 
  ON pa.policy_amount_identifier = pr.policy_amount_identifier
LEFT JOIN oda_benchmark.acme_catastrophe cat 
  ON c.catastrophe_identifier = cat.catastrophe_identifier
LEFT JOIN oda_benchmark.acme_agreement_party_role apr_ph 
  ON p.policy_identifier = apr_ph.agreement_identifier AND apr_ph.party_role_code = 'PH'
LEFT JOIN oda_benchmark.acme_party ph 
  ON apr_ph.party_identifier = ph.party_identifier
LEFT JOIN oda_benchmark.acme_agreement_party_role apr_ag 
  ON p.policy_identifier = apr_ag.agreement_identifier AND apr_ag.party_role_code = 'AG'
LEFT JOIN oda_benchmark.acme_party ag 
  ON apr_ag.party_identifier = ag.party_identifier
GROUP BY 
  c.company_claim_number,
  p.policy_number,
  ph.party_name,
  ag.party_name,
  cat.catastrophe_name
ORDER BY c.company_claim_number;","SELECT c.company_claim_number,
       p.policy_number,
       ph_apr.party_identifier AS policyholder_id,
       ag_apr.party_identifier AS agent_id,
       cat.catastrophe_name,
       SUM(DISTINCT pa.policy_amount) AS premium_amount,
       COALESCE(SUM(CASE WHEN lp.claim_amount_identifier IS NOT NULL THEN ca.claim_amount END), 0) AS loss_payment_amount,
       COALESCE(SUM(CASE WHEN lr.claim_amount_identifier IS NOT NULL THEN ca.claim_amount END), 0) AS loss_reserve_amount,
       COALESCE(SUM(CASE WHEN ep.claim_amount_identifier IS NOT NULL THEN ca.claim_amount END), 0) AS expense_payment_amount,
       COALESCE(SUM(CASE WHEN er.claim_amount_identifier IS NOT NULL THEN ca.claim_amount END), 0) AS expense_reserve_amount
FROM oda_benchmark.acme_claim c
JOIN oda_benchmark.acme_claim_amount ca ON c.claim_identifier = ca.claim_identifier
LEFT JOIN oda_benchmark.acme_loss_payment lp ON ca.claim_amount_identifier = lp.claim_amount_identifier
LEFT JOIN oda_benchmark.acme_loss_reserve lr ON ca.claim_amount_identifier = lr.claim_amount_identifier
LEFT JOIN oda_benchmark.acme_expense_payment ep ON ca.claim_amount_identifier = ep.claim_amount_identifier
LEFT JOIN oda_benchmark.acme_expense_reserve er ON ca.claim_amount_identifier = er.claim_amount_identifier
LEFT JOIN oda_benchmark.acme_catastrophe cat ON c.catastrophe_identifier = cat.catastrophe_identifier
JOIN oda_benchmark.acme_claim_coverage cc ON c.claim_identifier = cc.claim_identifier
JOIN oda_benchmark.acme_policy_coverage_detail pcd ON cc.policy_coverage_detail_identifier = pcd.policy_coverage_detail_identifier
JOIN oda_benchmark.acme_policy p ON pcd.policy_identifier = p.policy_identifier
JOIN oda_benchmark.acme_agreement_party_role ph_apr
  ON p.policy_identifier = ph_apr.agreement_identifier AND ph_apr.party_role_code = 'PH'
JOIN oda_benchmark.acme_agreement_party_role ag_apr
  ON p.policy_identifier = ag_apr.agreement_identifier AND ag_apr.party_role_code = 'AG'
JOIN oda_benchmark.acme_policy_amount pa ON p.policy_identifier = pa.policy_identifier
JOIN oda_benchmark.acme_premium pr ON pa.policy_amount_identifier = pr.policy_amount_identifier
GROUP BY c.company_claim_number, p.policy_number, ph_apr.party_identifier, ag_apr.party_identifier, cat.catastrophe_name
ORDER BY c.company_claim_number ASC"
1,Q17,17,LQHS,dimension_listing,0,Return policy holders and the claims they have made and the corresponding catastrophe,1,1,1,0.0,0,0,0.6667,0.6667,"SELECT apr.party_identifier,
       c.company_claim_number,
       cat.catastrophe_name
FROM oda_benchmark.acme_agreement_party_role apr
JOIN oda_benchmark.acme_policy p
  ON apr.agreement_identifier = p.policy_identifier
JOIN oda_benchmark.acme_policy_coverage_detail pcd
  ON p.policy_identifier = pcd.policy_identifier
JOIN oda_benchmark.acme_claim_coverage cc
  ON pcd.policy_coverage_detail_identifier = cc.policy_coverage_detail_identifier
JOIN oda_benchmark.acme_claim c
  ON cc.claim_identifier = c.claim_identifier
LEFT JOIN oda_benchmark.acme_catastrophe cat
  ON c.catastrophe_identifier = cat.catastrophe_identifier
WHERE apr.party_role_code = 'PH';","SELECT apr.party_identifier AS policyholder_id,
       c.company_claim_number,
       cat.catastrophe_name
FROM oda_benchmark.acme_claim c
LEFT JOIN oda_benchmark.acme_catastrophe cat ON c.catastrophe_identifier = cat.catastrophe_identifier
JOIN oda_benchmark.acme_claim_coverage cc ON c.claim_identifier = cc.claim_identifier
JOIN oda_benchmark.acme_policy_coverage_detail pcd ON cc.policy_coverage_detail_identifier = pcd.policy_coverage_detail_identifier
JOIN oda_benchmark.acme_policy p ON pcd.policy_identifier = p.policy_identifier
JOIN oda_benchmark.acme_agreement_party_role apr ON p.policy_identifier = apr.agreement_identifier
WHERE apr.party_role_code = 'PH'
ORDER BY apr.party_identifier ASC"
1,Q18,18,LQHS,dimension_listing,0,Return agents and the policy they have sold that have had a claim and the corresponding catastrophe it had.,1,1,1,0.0,0,0,0.75,0.75,"SELECT apr.party_identifier AS agent_id,
       p.policy_number,
       c.claim_identifier,
       cat.catastrophe_name
FROM oda_benchmark.acme_agreement_party_role apr
JOIN oda_benchmark.acme_policy p
  ON apr.agreement_identifier = p.policy_identifier
JOIN oda_benchmark.acme_policy_coverage_detail pcd
  ON p.policy_identifier = pcd.policy_identifier
JOIN oda_benchmark.acme_claim_coverage cc
  ON pcd.policy_coverage_detail_identifier = cc.policy_coverage_detail_identifier
JOIN oda_benchmark.acme_claim c
  ON cc.claim_identifier = c.claim_identifier
LEFT JOIN oda_benchmark.acme_catastrophe cat
  ON c.catastrophe_identifier = cat.catastrophe_identifier
WHERE apr.party_role_code = 'AG';","SELECT apr.party_identifier AS agent_id,
       p.policy_number,
       c.company_claim_number,
       cat.catastrophe_name
FROM oda_benchmark.acme_claim c
LEFT JOIN oda_benchmark.acme_catastrophe cat ON c.catastrophe_identifier = cat.catastrophe_identifier
JOIN oda_benchmark.acme_claim_coverage cc ON c.claim_identifier = cc.claim_identifier
JOIN oda_benchmark.acme_policy_coverage_detail pcd ON cc.policy_coverage_detail_identifier = pcd.policy_coverage_detail_identifier
JOIN oda_benchmark.acme_policy p ON pcd.policy_identifier = p.policy_identifier
JOIN oda_benchmark.acme_agreement_party_role apr ON p.policy_identifier = apr.agreement_identifier
WHERE apr.party_role_code = 'AG'
ORDER BY apr.party_identifier ASC"
1,Q19,19,LQHS,dimension_listing,0,"Return agents and the policies they have sold that have had a claim and the corresponding loss payment amount by agent id, policy number and claim number",1,1,1,0.0,0,0,0.75,0.75,"SELECT apr.party_identifier AS agent_id,
       p.policy_number,
       c.company_claim_number,
       SUM(ca.claim_amount) AS total_loss_payment
FROM oda_benchmark.acme_agreement_party_role apr
JOIN oda_benchmark.acme_policy p
  ON apr.agreement_identifier = p.policy_identifier
JOIN oda_benchmark.acme_policy_coverage_detail pcd
  ON p.policy_identifier = pcd.policy_identifier
JOIN oda_benchmark.acme_claim_coverage cc
  ON pcd.policy_coverage_detail_identifier = cc.policy_coverage_detail_identifier
JOIN oda_benchmark.acme_claim c
  ON cc.claim_identifier = c.claim_identifier
JOIN oda_benchmark.acme_claim_amount ca
  ON c.claim_identifier = ca.claim_identifier
JOIN oda_benchmark.acme_loss_payment lp
  ON ca.claim_amount_identifier = lp.claim_amount_identifier
WHERE apr.party_role_code = 'AG'
GROUP BY apr.party_identifier, p.policy_number, c.company_claim_number
ORDER BY apr.party_identifier, p.policy_number, c.company_claim_number;","SELECT apr.party_identifier AS agent_id,
       p.policy_number,
       c.company_claim_number,
       SUM(ca.claim_amount) AS loss_payment_amount
FROM oda_benchmark.acme_claim c
JOIN oda_benchmark.acme_claim_coverage cc ON c.claim_identifier = cc.claim_identifier
JOIN oda_benchmark.acme_policy_coverage_detail pcd ON cc.policy_coverage_detail_identifier = pcd.policy_coverage_detail_identifier
JOIN oda_benchmark.acme_policy p ON pcd.policy_identifier = p.policy_identifier
JOIN oda_benchmark.acme_agreement_party_role apr ON p.policy_identifier = apr.agreement_identifier
JOIN oda_benchmark.acme_claim_amount ca ON c.claim_identifier = ca.claim_identifier
JOIN oda_benchmark.acme_loss_payment lp ON ca.claim_amount_identifier = lp.claim_amount_identifier
WHERE apr.party_role_code = 'AG'
GROUP BY apr.party_identifier, p.policy_number, c.company_claim_number
ORDER BY apr.party_identifier ASC"
1,Q20,20,LQHS,dimension_listing,0,"Return agents and the policy they have sold that have had a claim and the corresponding loss reserve amount by agent id, policy number and claim number",1,1,1,0.0,0,0,0.75,0.75,"SELECT apr.party_identifier AS agent_id,
       p.policy_number,
       c.company_claim_number,
       SUM(ca.claim_amount) AS total_loss_reserve
FROM oda_benchmark.acme_agreement_party_role apr
JOIN oda_benchmark.acme_policy p
  ON apr.agreement_identifier = p.policy_identifier
JOIN oda_benchmark.acme_policy_coverage_detail pcd
  ON p.policy_identifier = pcd.policy_identifier
JOIN oda_benchmark.acme_claim_coverage cc
  ON pcd.policy_coverage_detail_identifier = cc.policy_coverage_detail_identifier
JOIN oda_benchmark.acme_claim c
  ON cc.claim_identifier = c.claim_identifier
JOIN oda_benchmark.acme_claim_amount ca
  ON c.claim_identifier = ca.claim_identifier
JOIN oda_benchmark.acme_loss_reserve lr
  ON ca.claim_amount_identifier = lr.claim_amount_identifier
WHERE apr.party_role_code = 'AG'
GROUP BY apr.party_identifier, p.policy_number, c.company_claim_number
ORDER BY apr.party_identifier, p.policy_number, c.company_claim_number;","SELECT apr.party_identifier AS agent_id,
       p.policy_number,
       c.company_claim_number,
       SUM(ca.claim_amount) AS loss_reserve_amount
FROM oda_benchmark.acme_claim c
JOIN oda_benchmark.acme_claim_coverage cc ON c.claim_identifier = cc.claim_identifier
JOIN oda_benchmark.acme_policy_coverage_detail pcd ON cc.policy_coverage_detail_identifier = pcd.policy_coverage_detail_identifier
JOIN oda_benchmark.acme_policy p ON pcd.policy_identifier = p.policy_identifier
JOIN oda_benchmark.acme_agreement_party_role apr ON p.policy_identifier = apr.agreement_identifier
JOIN oda_benchmark.acme_claim_amount ca ON c.claim_identifier = ca.claim_identifier
JOIN oda_benchmark.acme_loss_reserve lr ON ca.claim_amount_identifier = lr.claim_amount_identifier
WHERE apr.party_role_code = 'AG'
GROUP BY apr.party_identifier, p.policy_number, c.company_claim_number
ORDER BY apr.party_identifier ASC"
1,Q21,21,LQHS,dimension_listing,0,"Return agents and the policy they have sold that have had a claim and the corresponding expense payment amount by agent id, policy number and claim number",1,1,1,0.0,0,0,0.5,0.5,"SELECT apr.party_identifier,
       p.policy_number,
       c.company_claim_number,
       SUM(ca.claim_amount) AS total_expense_payment
FROM oda_benchmark.acme_claim c
JOIN oda_benchmark.acme_claim_amount ca
  ON c.claim_identifier = ca.claim_identifier
JOIN oda_benchmark.acme_expense_payment ep
  ON ca.claim_amount_identifier = ep.claim_amount_identifier
JOIN oda_benchmark.acme_claim_coverage cc
  ON c.claim_identifier = cc.claim_identifier
JOIN oda_benchmark.acme_policy_coverage_detail pcd
  ON cc.policy_coverage_detail_identifier = pcd.policy_coverage_detail_identifier
JOIN oda_benchmark.acme_policy p
  ON pcd.policy_identifier = p.policy_identifier
JOIN oda_benchmark.acme_agreement_party_role apr
  ON p.policy_identifier = apr.agreement_identifier
WHERE apr.party_role_code = 'AG'
GROUP BY apr.party_identifier, p.policy_number, c.company_claim_number
ORDER BY apr.party_identifier, p.policy_number, c.company_claim_number;","SELECT apr.party_identifier AS agent_id,
       p.policy_number,
       c.company_claim_number,
       SUM(ca.claim_amount) AS expense_payment_amount
FROM oda_benchmark.acme_claim c
JOIN oda_benchmark.acme_claim_coverage cc ON c.claim_identifier = cc.claim_identifier
JOIN oda_benchmark.acme_policy_coverage_detail pcd ON cc.policy_coverage_detail_identifier = pcd.policy_coverage_detail_identifier
JOIN oda_benchmark.acme_policy p ON pcd.policy_identifier = p.policy_identifier
JOIN oda_benchmark.acme_agreement_party_role apr ON p.policy_identifier = apr.agreement_identifier
JOIN oda_benchmark.acme_claim_amount ca ON c.claim_identifier = ca.claim_identifier
JOIN oda_benchmark.acme_expense_payment ep ON ca.claim_amount_identifier = ep.claim_amount_identifier
WHERE apr.party_role_code = 'AG'
GROUP BY apr.party_identifier, p.policy_number, c.company_claim_number
ORDER BY apr.party_identifier ASC"
1,Q22,22,LQHS,dimension_listing,0,"Return agents and the policy they have sold that have had a claim and the corresponding expense reserve amount by agent id, policy number and claim number",1,1,1,1.0,1,1,1.0,1.0,"SELECT apr.party_identifier AS agent_id,
       p.policy_number,
       c.company_claim_number,
       SUM(ca.claim_amount) AS expense_reserve_amount
FROM oda_benchmark.acme_claim c
JOIN oda_benchmark.acme_claim_coverage cc
  ON c.claim_identifier = cc.claim_identifier
JOIN oda_benchmark.acme_policy_coverage_detail pcd
  ON cc.policy_coverage_detail_identifier = pcd.policy_coverage_detail_identifier
JOIN oda_benchmark.acme_policy p
  ON pcd.policy_identifier = p.policy_identifier
JOIN oda_benchmark.acme_agreement_party_role apr
  ON p.policy_identifier = apr.agreement_identifier
JOIN oda_benchmark.acme_claim_amount ca
  ON c.claim_identifier = ca.claim_identifier
JOIN oda_benchmark.acme_expense_reserve er
  ON ca.claim_amount_identifier = er.claim_amount_identifier
WHERE apr.party_role_code = 'AG'
GROUP BY apr.party_identifier, p.policy_number, c.company_claim_number
ORDER BY apr.party_identifier, p.policy_number, c.company_claim_number","SELECT apr.party_identifier AS agent_id,
       p.policy_number,
       c.company_claim_number,
       SUM(ca.claim_amount) AS expense_reserve_amount
FROM oda_benchmark.acme_claim c
JOIN oda_benchmark.acme_claim_coverage cc ON c.claim_identifier = cc.claim_identifier
JOIN oda_benchmark.acme_policy_coverage_detail pcd ON cc.policy_coverage_detail_identifier = pcd.policy_coverage_detail_identifier
JOIN oda_benchmark.acme_policy p ON pcd.policy_identifier = p.policy_identifier
JOIN oda_benchmark.acme_agreement_party_role apr ON p.policy_identifier = apr.agreement_identifier
JOIN oda_benchmark.acme_claim_amount ca ON c.claim_identifier = ca.claim_identifier
JOIN oda_benchmark.acme_expense_reserve er ON ca.claim_amount_identifier = er.claim_amount_identifier
WHERE apr.party_role_code = 'AG'
GROUP BY apr.party_identifier, p.policy_number, c.company_claim_number
ORDER BY apr.party_identifier ASC"
1,Q23,23,HQLS,aggregate,0,How many claims do we have?,1,1,1,1.0,1,1,1.0,1.0,SELECT COUNT(company_claim_number) AS claim_count FROM oda_benchmark.acme_claim,"SELECT COUNT(company_claim_number) AS claim_count
FROM oda_benchmark.acme_claim"
1,Q24,24,HQLS,aggregate,0,How many policies do we have?,1,1,1,0.0,0,0,0.0,0.0,SELECT COUNT(policy_identifier) AS policy_count FROM oda_benchmark.acme_policy,"SELECT COUNT(*) AS number_of_policies
FROM oda_benchmark.acme_policy"
1,Q25,25,HQLS,aggregate,0,How many claims have been placed by policy number?,1,1,1,1.0,1,1,1.0,1.0,"SELECT p.policy_number, COUNT(DISTINCT c.claim_identifier) AS claim_count
FROM oda_benchmark.acme_claim c
JOIN oda_benchmark.acme_claim_coverage cc ON c.claim_identifier = cc.claim_identifier
JOIN oda_benchmark.acme_policy_coverage_detail pcd ON cc.policy_coverage_detail_identifier = pcd.policy_coverage_detail_identifier
JOIN oda_benchmark.acme_policy p ON pcd.policy_identifier = p.policy_identifier
GROUP BY p.policy_number
ORDER BY claim_count DESC","SELECT p.policy_number, COUNT(c.company_claim_number) AS claim_count
FROM oda_benchmark.acme_claim c
JOIN oda_benchmark.acme_claim_coverage cc ON c.claim_identifier = cc.claim_identifier
JOIN oda_benchmark.acme_policy_coverage_detail pcd ON cc.policy_coverage_detail_identifier = pcd.policy_coverage_detail_identifier
JOIN oda_benchmark.acme_policy p ON pcd.policy_identifier = p.policy_identifier
GROUP BY p.policy_number
ORDER BY claim_count DESC"
1,Q26,26,HQLS,aggregate,0,How many policies have agents sold by agent id?,1,1,1,1.0,1,1,1.0,1.0,"SELECT party_identifier, COUNT(DISTINCT agreement_identifier) AS policy_count
FROM oda_benchmark.acme_agreement_party_role
WHERE party_role_code = 'AG'
GROUP BY party_identifier
ORDER BY policy_count DESC","SELECT party_identifier, COUNT(DISTINCT agreement_identifier) AS policy_count
FROM oda_benchmark.acme_agreement_party_role
WHERE party_role_code = 'AG'
GROUP BY party_identifier
ORDER BY policy_count DESC"
1,Q28,28,HQLS,aggregate,0,What is the total amount of premiums paid by policy number?,1,1,1,1.0,1,1,1.0,1.0,"SELECT p.policy_number, SUM(pa.policy_amount) AS total_policy_amount
FROM oda_benchmark.acme_policy p
JOIN oda_benchmark.acme_policy_amount pa ON p.policy_identifier = pa.policy_identifier
JOIN oda_benchmark.acme_premium pr ON pa.policy_amount_identifier = pr.policy_amount_identifier
GROUP BY p.policy_number
ORDER BY total_policy_amount DESC","SELECT p.policy_number, SUM(pa.policy_amount) AS total_policy_amount
FROM oda_benchmark.acme_policy p
JOIN oda_benchmark.acme_policy_amount pa ON p.policy_identifier = pa.policy_identifier
JOIN oda_benchmark.acme_premium pr ON pa.policy_amount_identifier = pr.policy_amount_identifier
GROUP BY p.policy_number
ORDER BY total_policy_amount DESC"
1,Q32,32,HQLS,aggregate,0,What is the average time to settle a claim by policy number?,1,1,1,0.0,0,0,0.5,0.5,"SELECT p.policy_number,
       AVG(c.claim_close_date - c.claim_open_date) AS avg_time_to_settle
FROM oda_benchmark.acme_claim c
JOIN oda_benchmark.acme_claim_coverage cc
  ON c.claim_identifier = cc.claim_identifier
JOIN oda_benchmark.acme_policy_coverage_detail pcd
  ON cc.policy_coverage_detail_identifier = pcd.policy_coverage_detail_identifier
JOIN oda_benchmark.acme_policy p
  ON pcd.policy_identifier = p.policy_identifier
WHERE c.claim_close_date IS NOT NULL
  AND c.claim_open_date IS NOT NULL
GROUP BY p.policy_number
ORDER BY avg_time_to_settle DESC","SELECT p.policy_number, AVG(EXTRACT(DAY FROM (c.claim_close_date - c.claim_open_date))) AS avg_days_to_settle
FROM oda_benchmark.acme_claim c
JOIN oda_benchmark.acme_claim_coverage cc ON c.claim_identifier = cc.claim_identifier
JOIN oda_benchmark.acme_policy_coverage_detail pcd ON cc.policy_coverage_detail_identifier = pcd.policy_coverage_detail_identifier
JOIN oda_benchmark.acme_policy p ON pcd.policy_identifier = p.policy_identifier
GROUP BY p.policy_number
ORDER BY avg_days_to_settle DESC"
1,Q31,31,HQLS,aggregate,0,"What is the total loss amounts, which is the sum of loss payment, loss reserve amount by claim number?",1,1,1,1.0,1,1,1.0,1.0,"SELECT c.company_claim_number,
       SUM(ca.claim_amount) AS total_loss_amount
FROM oda_benchmark.acme_claim c
JOIN oda_benchmark.acme_claim_amount ca
  ON c.claim_identifier = ca.claim_identifier
LEFT JOIN oda_benchmark.acme_loss_payment lp
  ON ca.claim_amount_identifier = lp.claim_amount_identifier
LEFT JOIN oda_benchmark.acme_loss_reserve lr
  ON ca.claim_amount_identifier = lr.claim_amount_identifier
WHERE lp.claim_amount_identifier IS NOT NULL
   OR lr.claim_amount_identifier IS NOT NULL
GROUP BY c.company_claim_number
ORDER BY total_loss_amount DESC","SELECT c.company_claim_number,
       COALESCE(SUM(CASE WHEN lp.claim_amount_identifier IS NOT NULL THEN ca.claim_amount END), 0) +
       COALESCE(SUM(CASE WHEN lr.claim_amount_identifier IS NOT NULL THEN ca.claim_amount END), 0) AS total_loss_amount
FROM oda_benchmark.acme_claim c
JOIN oda_benchmark.acme_claim_amount ca ON c.claim_identifier = ca.claim_identifier
LEFT JOIN oda_benchmark.acme_loss_payment lp ON ca.claim_amount_identifier = lp.claim_amount_identifier
LEFT JOIN oda_benchmark.acme_loss_reserve lr ON ca.claim_amount_identifier = lr.claim_amount_identifier
GROUP BY c.company_claim_number
HAVING COALESCE(SUM(CASE WHEN lp.claim_amount_identifier IS NOT NULL THEN ca.claim_amount END), 0) +
       COALESCE(SUM(CASE WHEN lr.claim_amount_identifier IS NOT NULL THEN ca.claim_amount END), 0) > 0
ORDER BY total_loss_amount DESC"
1,Q29,29,HQLS,aggregate,0,What is the total amount of premiums that a policy holder has paid?,1,1,1,0.0,0,0,0.5,0.5,"SELECT apr.party_identifier, SUM(pa.policy_amount) AS total_premium_paid
FROM oda_benchmark.acme_agreement_party_role apr
JOIN oda_benchmark.acme_policy_amount pa ON apr.agreement_identifier = pa.policy_identifier
JOIN oda_benchmark.acme_premium pr ON pa.policy_amount_identifier = pr.policy_amount_identifier
WHERE apr.party_role_code = 'PH'
GROUP BY apr.party_identifier
ORDER BY total_premium_paid DESC","SELECT apr.party_identifier, SUM(pa.policy_amount) AS total_policy_amount
FROM oda_benchmark.acme_agreement_party_role apr
JOIN oda_benchmark.acme_policy p ON apr.agreement_identifier = p.policy_identifier
JOIN oda_benchmark.acme_policy_amount pa ON p.policy_identifier = pa.policy_identifier
JOIN oda_benchmark.acme_premium pr ON pa.policy_amount_identifier = pr.policy_amount_identifier
WHERE apr.party_role_code = 'PH'
GROUP BY apr.party_identifier
ORDER BY total_policy_amount DESC"
1,Q30,30,HQLS,aggregate,0,What is the total amount of premiums that a policy holder has paid by policy number?,1,1,1,0.0,0,0,0.4,0.4,"SELECT p.policy_number, SUM(pa.policy_amount) AS total_premium_amount
FROM oda_benchmark.acme_policy p
JOIN oda_benchmark.acme_policy_amount pa ON p.policy_identifier = pa.policy_identifier
JOIN oda_benchmark.acme_premium pr ON pa.policy_amount_identifier = pr.policy_amount_identifier
JOIN oda_benchmark.acme_agreement_party_role apr ON p.policy_identifier = apr.agreement_identifier
WHERE apr.party_role_code = 'PH'
GROUP BY p.policy_number
ORDER BY total_premium_amount DESC","SELECT p.policy_number, apr.party_identifier, SUM(pa.policy_amount) AS total_policy_amount
FROM oda_benchmark.acme_agreement_party_role apr
JOIN oda_benchmark.acme_policy p ON apr.agreement_identifier = p.policy_identifier
JOIN oda_benchmark.acme_policy_amount pa ON p.policy_identifier = pa.policy_identifier
JOIN oda_benchmark.acme_premium pr ON pa.policy_amount_identifier = pr.policy_amount_identifier
WHERE apr.party_role_code = 'PH'
GROUP BY p.policy_number, apr.party_identifier
ORDER BY total_policy_amount DESC"
1,Q27,27,HQLS,aggregate,0,How many policies does each policy holder have by policy holder id?,1,1,1,1.0,1,1,1.0,1.0,"SELECT party_identifier, COUNT(DISTINCT agreement_identifier) AS policy_count
FROM oda_benchmark.acme_agreement_party_role
WHERE party_role_code = 'PH'
GROUP BY party_identifier
ORDER BY policy_count DESC","SELECT party_identifier, COUNT(DISTINCT agreement_identifier) AS policy_count
FROM oda_benchmark.acme_agreement_party_role
WHERE party_role_code = 'PH'
GROUP BY party_identifier
ORDER BY policy_count DESC"
1,Q33,33,HQLS,aggregate,0,What is the average policy size which is the total amount of premium divided by the number of policies?,1,1,1,0.0,0,0,0.0,0.0,"SELECT SUM(pa.policy_amount) / COUNT(DISTINCT p.policy_identifier) AS average_policy_size
FROM oda_benchmark.acme_policy p
JOIN oda_benchmark.acme_policy_amount pa ON p.policy_identifier = pa.policy_identifier
JOIN oda_benchmark.acme_premium pr ON pa.policy_amount_identifier = pr.policy_amount_identifier","SELECT SUM(pa.policy_amount) / NULLIF(COUNT(DISTINCT pa.policy_identifier), 0) AS avg_policy_size
FROM oda_benchmark.acme_policy_amount pa
JOIN oda_benchmark.acme_premium pr ON pa.policy_amount_identifier = pr.policy_amount_identifier"
1,Q34,34,HQHS,aggregate,0,"What is the total loss of each claim by claim number where total loss is the sum of loss payment, loss reserve, expense payment, expense reserve amount?",1,1,1,1.0,1,1,1.0,1.0,"SELECT c.company_claim_number,
       SUM(ca.claim_amount) AS total_loss
FROM oda_benchmark.acme_claim c
JOIN oda_benchmark.acme_claim_amount ca
  ON c.claim_identifier = ca.claim_identifier
LEFT JOIN oda_benchmark.acme_loss_payment lp
  ON ca.claim_amount_identifier = lp.claim_amount_identifier
LEFT JOIN oda_benchmark.acme_loss_reserve lr
  ON ca.claim_amount_identifier = lr.claim_amount_identifier
LEFT JOIN oda_benchmark.acme_expense_payment ep
  ON ca.claim_amount_identifier = ep.claim_amount_identifier
LEFT JOIN oda_benchmark.acme_expense_reserve er
  ON ca.claim_amount_identifier = er.claim_amount_identifier
WHERE lp.claim_amount_identifier IS NOT NULL
   OR lr.claim_amount_identifier IS NOT NULL
   OR ep.claim_amount_identifier IS NOT NULL
   OR er.claim_amount_identifier IS NOT NULL
GROUP BY c.company_claim_number
ORDER BY total_loss DESC;","SELECT c.company_claim_number,
       COALESCE(SUM(CASE WHEN lp.claim_amount_identifier IS NOT NULL THEN ca.claim_amount END), 0) +
       COALESCE(SUM(CASE WHEN lr.claim_amount_identifier IS NOT NULL THEN ca.claim_amount END), 0) +
       COALESCE(SUM(CASE WHEN ep.claim_amount_identifier IS NOT NULL THEN ca.claim_amount END), 0) +
       COALESCE(SUM(CASE WHEN er.claim_amount_identifier IS NOT NULL THEN ca.claim_amount END), 0) AS total_loss
FROM oda_benchmark.acme_claim c
JOIN oda_benchmark.acme_claim_amount ca ON c.claim_identifier = ca.claim_identifier
LEFT JOIN oda_benchmark.acme_loss_payment lp ON ca.claim_amount_identifier = lp.claim_amount_identifier
LEFT JOIN oda_benchmark.acme_loss_reserve lr ON ca.claim_amount_identifier = lr.claim_amount_identifier
LEFT JOIN oda_benchmark.acme_expense_payment ep ON ca.claim_amount_identifier = ep.claim_amount_identifier
LEFT JOIN oda_benchmark.acme_expense_reserve er ON ca.claim_amount_identifier = er.claim_amount_identifier
GROUP BY c.company_claim_number
ORDER BY total_loss DESC"
1,Q35,35,HQHS,aggregate,0,"What is the average loss of each policy by policy number where loss is the sum of loss payment, loss reserve, expense payment, expense reserve amounts?",1,0,1,0.0,0,0,0.0,0.0,"SELECT p.policy_number,
       AVG(claim_loss.total_loss) AS average_loss
FROM (
    SELECT c.claim_identifier,
           p.policy_number,
           SUM(ca.claim_amount) AS total_loss
    FROM oda_benchmark.acme_claim c
    JOIN oda_benchmark.acme_claim_coverage cc
      ON c.claim_identifier = cc.claim_identifier
    JOIN oda_benchmark.acme_policy_coverage_detail pcd
      ON cc.policy_coverage_detail_identifier = pcd.policy_coverage_detail_identifier
    JOIN oda_benchmark.acme_policy p
      ON pcd.policy_identifier = p.policy_identifier
    JOIN oda_benchmark.acme_claim_amount ca
      ON c.claim_identifier = ca.claim_identifier
    LEFT JOIN oda_benchmark.acme_loss_payment lp
      ON ca.claim_amount_identifier = lp.claim_amount_identifier
    LEFT JOIN oda_benchmark.acme_loss_reserve lr
      ON ca.claim_amount_identifier = lr.claim_amount_identifier
    LEFT JOIN oda_benchmark.acme_expense_payment ep
      ON ca.claim_amount_identifier = ep.claim_amount_identifier
    LEFT JOIN oda_benchmark.acme_expense_reserve er
      ON ca.claim_amount_identifier = er.claim_amount_identifier
    WHERE lp.claim_amount_identifier IS NOT NULL
       OR lr.claim_amount_identifier IS NOT NULL
       OR ep.claim_amount_identifier IS NOT NULL
       OR er.claim_amount_identifier IS NOT NULL
    GROUP BY c.claim_identifier, p.policy_number
) AS claim_loss
GROUP BY policy_number
ORDER BY average_loss DESC","WITH claim_loss AS (
  SELECT ca.claim_identifier,
         COALESCE(SUM(CASE WHEN lp.claim_amount_identifier IS NOT NULL THEN ca.claim_amount END), 0) +
         COALESCE(SUM(CASE WHEN lr.claim_amount_identifier IS NOT NULL THEN ca.claim_amount END), 0) +
         COALESCE(SUM(CASE WHEN ep.claim_amount_identifier IS NOT NULL THEN ca.claim_amount END), 0) +
         COALESCE(SUM(CASE WHEN er.claim_amount_identifier IS NOT NULL THEN ca.claim_amount END), 0) AS full_loss
  FROM oda_benchmark.acme_claim_amount ca
  LEFT JOIN oda_benchmark.acme_loss_payment lp ON ca.claim_amount_identifier = lp.claim_amount_identifier
  LEFT JOIN oda_benchmark.acme_loss_reserve lr ON ca.claim_amount_identifier = lr.claim_amount_identifier
  LEFT JOIN oda_benchmark.acme_expense_payment ep ON ca.claim_amount_identifier = ep.claim_amount_identifier
  LEFT JOIN oda_benchmark.acme_expense_reserve er ON ca.claim_amount_identifier = er.claim_amount_identifier
  GROUP BY ca.claim_identifier
)
SELECT p.policy_number,
       AVG(cl.full_loss) AS avg_loss
FROM oda_benchmark.acme_claim c
JOIN claim_loss cl ON c.claim_identifier = cl.claim_identifier
JOIN oda_benchmark.acme_claim_coverage cc ON c.claim_identifier = cc.claim_identifier
JOIN oda_benchmark.acme_policy_coverage_detail pcd ON cc.policy_coverage_detail_identifier = pcd.policy_coverage_detail_identifier
JOIN oda_benchmark.acme_policy p ON pcd.policy_identifier = p.policy_identifier
GROUP BY p.policy_number
ORDER BY avg_loss DESC"
1,Q36,36,HQHS,aggregate,0,"What is the total loss of each policy by policy number where total loss is the sum of loss payment, loss reserve, expense payment, expense reserve amounts?",1,1,1,1.0,1,1,1.0,1.0,"SELECT p.policy_number,
       SUM(ca.claim_amount) AS total_loss
FROM oda_benchmark.acme_policy p
JOIN oda_benchmark.acme_policy_coverage_detail pcd
  ON p.policy_identifier = pcd.policy_identifier
JOIN oda_benchmark.acme_claim_coverage cc
  ON pcd.policy_coverage_detail_identifier = cc.policy_coverage_detail_identifier
JOIN oda_benchmark.acme_claim c
  ON cc.claim_identifier = c.claim_identifier
JOIN oda_benchmark.acme_claim_amount ca
  ON c.claim_identifier = ca.claim_identifier
LEFT JOIN oda_benchmark.acme_loss_payment lp
  ON ca.claim_amount_identifier = lp.claim_amount_identifier
LEFT JOIN oda_benchmark.acme_loss_reserve lr
  ON ca.claim_amount_identifier = lr.claim_amount_identifier
LEFT JOIN oda_benchmark.acme_expense_payment ep
  ON ca.claim_amount_identifier = ep.claim_amount_identifier
LEFT JOIN oda_benchmark.acme_expense_reserve er
  ON ca.claim_amount_identifier = er.claim_amount_identifier
WHERE lp.claim_amount_identifier IS NOT NULL
   OR lr.claim_amount_identifier IS NOT NULL
   OR ep.claim_amount_identifier IS NOT NULL
   OR er.claim_amount_identifier IS NOT NULL
GROUP BY p.policy_number
ORDER BY total_loss DESC","SELECT p.policy_number,
       COALESCE(SUM(CASE WHEN lp.claim_amount_identifier IS NOT NULL THEN ca.claim_amount END), 0) +
       COALESCE(SUM(CASE WHEN lr.claim_amount_identifier IS NOT NULL THEN ca.claim_amount END), 0) +
       COALESCE(SUM(CASE WHEN ep.claim_amount_identifier IS NOT NULL THEN ca.claim_amount END), 0) +
       COALESCE(SUM(CASE WHEN er.claim_amount_identifier IS NOT NULL THEN ca.claim_amount END), 0) AS total_loss
FROM oda_benchmark.acme_claim c
JOIN oda_benchmark.acme_claim_amount ca ON c.claim_identifier = ca.claim_identifier
LEFT JOIN oda_benchmark.acme_loss_payment lp ON ca.claim_amount_identifier = lp.claim_amount_identifier
LEFT JOIN oda_benchmark.acme_loss_reserve lr ON ca.claim_amount_identifier = lr.claim_amount_identifier
LEFT JOIN oda_benchmark.acme_expense_payment ep ON ca.claim_amount_identifier = ep.claim_amount_identifier
LEFT JOIN oda_benchmark.acme_expense_reserve er ON ca.claim_amount_identifier = er.claim_amount_identifier
JOIN oda_benchmark.acme_claim_coverage cc ON c.claim_identifier = cc.claim_identifier
JOIN oda_benchmark.acme_policy_coverage_detail pcd ON cc.policy_coverage_detail_identifier = pcd.policy_coverage_detail_identifier
JOIN oda_benchmark.acme_policy p ON pcd.policy_identifier = p.policy_identifier
GROUP BY p.policy_number
ORDER BY total_loss DESC"
1,Q37,37,HQHS,aggregate,0,"What are the total loss, which is the sum of loss payment, loss reserve, expense payment, expense reserve amount by claim number and corresponding policy number, policy holder and premium amount paid?",1,1,1,0.0,0,0,0.6,0.4,"SELECT 
  c.company_claim_number,
  p.policy_number,
  ap.party_name AS policy_holder,
  SUM(ca.claim_amount) AS total_loss,
  SUM(pa.policy_amount) AS total_premium
FROM oda_benchmark.acme_claim c
JOIN oda_benchmark.acme_claim_coverage cc 
  ON c.claim_identifier = cc.claim_identifier
JOIN oda_benchmark.acme_policy_coverage_detail pcd 
  ON cc.policy_coverage_detail_identifier = pcd.policy_coverage_detail_identifier
JOIN oda_benchmark.acme_policy p 
  ON pcd.policy_identifier = p.policy_identifier
LEFT JOIN oda_benchmark.acme_claim_amount ca 
  ON c.claim_identifier = ca.claim_identifier
LEFT JOIN oda_benchmark.acme_loss_payment lp 
  ON ca.claim_amount_identifier = lp.claim_amount_identifier
LEFT JOIN oda_benchmark.acme_loss_reserve lr 
  ON ca.claim_amount_identifier = lr.claim_amount_identifier
LEFT JOIN oda_benchmark.acme_expense_payment ep 
  ON ca.claim_amount_identifier = ep.claim_amount_identifier
LEFT JOIN oda_benchmark.acme_expense_reserve er 
  ON ca.claim_amount_identifier = er.claim_amount_identifier
LEFT JOIN oda_benchmark.acme_policy_amount pa 
  ON p.policy_identifier = pa.policy_identifier
LEFT JOIN oda_benchmark.acme_premium pr 
  ON pa.policy_amount_identifier = pr.policy_amount_identifier
LEFT JOIN oda_benchmark.acme_agreement_party_role apr 
  ON p.policy_identifier = apr.agreement_identifier 
  AND apr.party_role_code = 'PH'
LEFT JOIN oda_benchmark.acme_party ap 
  ON apr.party_identifier = ap.party_identifier
WHERE lp.claim_amount_identifier IS NOT NULL
   OR lr.claim_amount_identifier IS NOT NULL
   OR ep.claim_amount_identifier IS NOT NULL
   OR er.claim_amount_identifier IS NOT NULL
GROUP BY 
  c.company_claim_number,
  p.policy_number,
  ap.party_name
ORDER BY total_loss DESC;","SELECT c.company_claim_number,
       p.policy_number,
       apr.party_identifier AS policyholder_id,
       SUM(DISTINCT pa.policy_amount) AS premium_amount,
       COALESCE(SUM(CASE WHEN lp.claim_amount_identifier IS NOT NULL THEN ca.claim_amount END), 0) +
       COALESCE(SUM(CASE WHEN lr.claim_amount_identifier IS NOT NULL THEN ca.claim_amount END), 0) +
       COALESCE(SUM(CASE WHEN ep.claim_amount_identifier IS NOT NULL THEN ca.claim_amount END), 0) +
       COALESCE(SUM(CASE WHEN er.claim_amount_identifier IS NOT NULL THEN ca.claim_amount END), 0) AS total_loss
FROM oda_benchmark.acme_claim c
JOIN oda_benchmark.acme_claim_amount ca ON c.claim_identifier = ca.claim_identifier
LEFT JOIN oda_benchmark.acme_loss_payment lp ON ca.claim_amount_identifier = lp.claim_amount_identifier
LEFT JOIN oda_benchmark.acme_loss_reserve lr ON ca.claim_amount_identifier = lr.claim_amount_identifier
LEFT JOIN oda_benchmark.acme_expense_payment ep ON ca.claim_amount_identifier = ep.claim_amount_identifier
LEFT JOIN oda_benchmark.acme_expense_reserve er ON ca.claim_amount_identifier = er.claim_amount_identifier
JOIN oda_benchmark.acme_claim_coverage cc ON c.claim_identifier = cc.claim_identifier
JOIN oda_benchmark.acme_policy_coverage_detail pcd ON cc.policy_coverage_detail_identifier = pcd.policy_coverage_detail_identifier
JOIN oda_benchmark.acme_policy p ON pcd.policy_identifier = p.policy_identifier
JOIN oda_benchmark.acme_agreement_party_role apr ON p.policy_identifier = apr.agreement_identifier
JOIN oda_benchmark.acme_policy_amount pa ON p.policy_identifier = pa.policy_identifier
JOIN oda_benchmark.acme_premium pr ON pa.policy_amount_identifier = pr.policy_amount_identifier
WHERE apr.party_role_code = 'PH'
GROUP BY c.company_claim_number, p.policy_number, apr.party_identifier
ORDER BY c.company_claim_number ASC"
1,Q38,38,HQHS,aggregate,0,"What are the total loss, which is the sum of loss payment, loss reserve, expense payment, expense reserve amount by catastrophe and policy number?",1,1,1,0.0,0,1,0.8571,0.8571,"SELECT 
  cat.catastrophe_identifier,
  cat.catastrophe_name,
  p.policy_number,
  SUM(ca.claim_amount) AS total_loss
FROM oda_benchmark.acme_claim c
JOIN oda_benchmark.acme_catastrophe cat 
  ON c.catastrophe_identifier = cat.catastrophe_identifier
JOIN oda_benchmark.acme_claim_amount ca 
  ON c.claim_identifier = ca.claim_identifier
LEFT JOIN oda_benchmark.acme_loss_payment lp 
  ON ca.claim_amount_identifier = lp.claim_amount_identifier
LEFT JOIN oda_benchmark.acme_loss_reserve lr 
  ON ca.claim_amount_identifier = lr.claim_amount_identifier
LEFT JOIN oda_benchmark.acme_expense_payment ep 
  ON ca.claim_amount_identifier = ep.claim_amount_identifier
LEFT JOIN oda_benchmark.acme_expense_reserve er 
  ON ca.claim_amount_identifier = er.claim_amount_identifier
JOIN oda_benchmark.acme_claim_coverage cc 
  ON c.claim_identifier = cc.claim_identifier
JOIN oda_benchmark.acme_policy_coverage_detail pcd 
  ON cc.policy_coverage_detail_identifier = pcd.policy_coverage_detail_identifier
JOIN oda_benchmark.acme_policy p 
  ON pcd.policy_identifier = p.policy_identifier
WHERE lp.claim_amount_identifier IS NOT NULL
   OR lr.claim_amount_identifier IS NOT NULL
   OR ep.claim_amount_identifier IS NOT NULL
   OR er.claim_amount_identifier IS NOT NULL
GROUP BY cat.catastrophe_identifier, cat.catastrophe_name, p.policy_number
ORDER BY cat.catastrophe_identifier, p.policy_number;","SELECT cat.catastrophe_name,
       p.policy_number,
       COALESCE(SUM(CASE WHEN lp.claim_amount_identifier IS NOT NULL THEN ca.claim_amount END), 0) +
       COALESCE(SUM(CASE WHEN lr.claim_amount_identifier IS NOT NULL THEN ca.claim_amount END), 0) +
       COALESCE(SUM(CASE WHEN ep.claim_amount_identifier IS NOT NULL THEN ca.claim_amount END), 0) +
       COALESCE(SUM(CASE WHEN er.claim_amount_identifier IS NOT NULL THEN ca.claim_amount END), 0) AS total_loss
FROM oda_benchmark.acme_claim c
LEFT JOIN oda_benchmark.acme_catastrophe cat ON c.catastrophe_identifier = cat.catastrophe_identifier
JOIN oda_benchmark.acme_claim_amount ca ON c.claim_identifier = ca.claim_identifier
LEFT JOIN oda_benchmark.acme_loss_payment lp ON ca.claim_amount_identifier = lp.claim_amount_identifier
LEFT JOIN oda_benchmark.acme_loss_reserve lr ON ca.claim_amount_identifier = lr.claim_amount_identifier
LEFT JOIN oda_benchmark.acme_expense_payment ep ON ca.claim_amount_identifier = ep.claim_amount_identifier
LEFT JOIN oda_benchmark.acme_expense_reserve er ON ca.claim_amount_identifier = er.claim_amount_identifier
JOIN oda_benchmark.acme_claim_coverage cc ON c.claim_identifier = cc.claim_identifier
JOIN oda_benchmark.acme_policy_coverage_detail pcd ON cc.policy_coverage_detail_identifier = pcd.policy_coverage_detail_identifier
JOIN oda_benchmark.acme_policy p ON pcd.policy_identifier = p.policy_identifier
GROUP BY cat.catastrophe_name, p.policy_number
ORDER BY total_loss DESC"
1,Q39,39,HQHS,aggregate,0,"What are the total loss, which is the sum of loss payment, loss reserve, expense payment, expense reserve amount by claim number, catastrophe and corresponding policy number?",1,1,1,0.0,0,0,0.75,0.75,"SELECT c.company_claim_number,
       c.catastrophe_identifier,
       p.policy_number,
       SUM(
         CASE
           WHEN lp.claim_amount_identifier IS NOT NULL
             OR lr.claim_amount_identifier IS NOT NULL
             OR ep.claim_amount_identifier IS NOT NULL
             OR er.claim_amount_identifier IS NOT NULL
           THEN ca.claim_amount
           ELSE 0
         END
       ) AS total_loss
FROM oda_benchmark.acme_claim c
JOIN oda_benchmark.acme_claim_amount ca
  ON c.claim_identifier = ca.claim_identifier
LEFT JOIN oda_benchmark.acme_loss_payment lp
  ON ca.claim_amount_identifier = lp.claim_amount_identifier
LEFT JOIN oda_benchmark.acme_loss_reserve lr
  ON ca.claim_amount_identifier = lr.claim_amount_identifier
LEFT JOIN oda_benchmark.acme_expense_payment ep
  ON ca.claim_amount_identifier = ep.claim_amount_identifier
LEFT JOIN oda_benchmark.acme_expense_reserve er
  ON ca.claim_amount_identifier = er.claim_amount_identifier
LEFT JOIN oda_benchmark.acme_claim_coverage cc
  ON c.claim_identifier = cc.claim_identifier
LEFT JOIN oda_benchmark.acme_policy_coverage_detail pcd
  ON cc.policy_coverage_detail_identifier = pcd.policy_coverage_detail_identifier
LEFT JOIN oda_benchmark.acme_policy p
  ON pcd.policy_identifier = p.policy_identifier
GROUP BY c.company_claim_number, c.catastrophe_identifier, p.policy_number
ORDER BY total_loss DESC;","SELECT c.company_claim_number,
       cat.catastrophe_name,
       p.policy_number,
       COALESCE(SUM(CASE WHEN lp.claim_amount_identifier IS NOT NULL THEN ca.claim_amount END), 0) +
       COALESCE(SUM(CASE WHEN lr.claim_amount_identifier IS NOT NULL THEN ca.claim_amount END), 0) +
       COALESCE(SUM(CASE WHEN ep.claim_amount_identifier IS NOT NULL THEN ca.claim_amount END), 0) +
       COALESCE(SUM(CASE WHEN er.claim_amount_identifier IS NOT NULL THEN ca.claim_amount END), 0) AS total_loss
FROM oda_benchmark.acme_claim c
LEFT JOIN oda_benchmark.acme_catastrophe cat ON c.catastrophe_identifier = cat.catastrophe_identifier
JOIN oda_benchmark.acme_claim_amount ca ON c.claim_identifier = ca.claim_identifier
LEFT JOIN oda_benchmark.acme_loss_payment lp ON ca.claim_amount_identifier = lp.claim_amount_identifier
LEFT JOIN oda_benchmark.acme_loss_reserve lr ON ca.claim_amount_identifier = lr.claim_amount_identifier
LEFT JOIN oda_benchmark.acme_expense_payment ep ON ca.claim_amount_identifier = ep.claim_amount_identifier
LEFT JOIN oda_benchmark.acme_expense_reserve er ON ca.claim_amount_identifier = er.claim_amount_identifier
JOIN oda_benchmark.acme_claim_coverage cc ON c.claim_identifier = cc.claim_identifier
JOIN oda_benchmark.acme_policy_coverage_detail pcd ON cc.policy_coverage_detail_identifier = pcd.policy_coverage_detail_identifier
JOIN oda_benchmark.acme_policy p ON pcd.policy_identifier = p.policy_identifier
GROUP BY c.company_claim_number, cat.catastrophe_name, p.policy_number
ORDER BY c.company_claim_number ASC"
1,Q40,40,HQHS,aggregate,0,"What is the total loss of each policy that an agent has sold by agent id where total loss is the sum of loss payment, loss reserve, expense payment, expense reserve amounts?",1,1,1,0.0,0,0,0.6667,0.6667,"SELECT apr.party_identifier,
       p.policy_number,
       SUM(ca.claim_amount) AS total_loss
FROM oda_benchmark.acme_agreement_party_role apr
JOIN oda_benchmark.acme_policy p
  ON apr.agreement_identifier = p.policy_identifier
JOIN oda_benchmark.acme_policy_coverage_detail pcd
  ON p.policy_identifier = pcd.policy_identifier
JOIN oda_benchmark.acme_claim_coverage cc
  ON pcd.policy_coverage_detail_identifier = cc.policy_coverage_detail_identifier
JOIN oda_benchmark.acme_claim c
  ON cc.claim_identifier = c.claim_identifier
JOIN oda_benchmark.acme_claim_amount ca
  ON c.claim_identifier = ca.claim_identifier
LEFT JOIN oda_benchmark.acme_loss_payment lp
  ON ca.claim_amount_identifier = lp.claim_amount_identifier
LEFT JOIN oda_benchmark.acme_loss_reserve lr
  ON ca.claim_amount_identifier = lr.claim_amount_identifier
LEFT JOIN oda_benchmark.acme_expense_payment ep
  ON ca.claim_amount_identifier = ep.claim_amount_identifier
LEFT JOIN oda_benchmark.acme_expense_reserve er
  ON ca.claim_amount_identifier = er.claim_amount_identifier
WHERE apr.party_role_code = 'AG'
  AND (lp.claim_amount_identifier IS NOT NULL
       OR lr.claim_amount_identifier IS NOT NULL
       OR ep.claim_amount_identifier IS NOT NULL
       OR er.claim_amount_identifier IS NOT NULL)
GROUP BY apr.party_identifier, p.policy_number
ORDER BY apr.party_identifier, total_loss DESC;","SELECT apr.party_identifier AS agent_id,
       p.policy_number,
       COALESCE(SUM(CASE WHEN lp.claim_amount_identifier IS NOT NULL THEN ca.claim_amount END), 0) +
       COALESCE(SUM(CASE WHEN lr.claim_amount_identifier IS NOT NULL THEN ca.claim_amount END), 0) +
       COALESCE(SUM(CASE WHEN ep.claim_amount_identifier IS NOT NULL THEN ca.claim_amount END), 0) +
       COALESCE(SUM(CASE WHEN er.claim_amount_identifier IS NOT NULL THEN ca.claim_amount END), 0) AS total_loss
FROM oda_benchmark.acme_claim c
JOIN oda_benchmark.acme_claim_amount ca ON c.claim_identifier = ca.claim_identifier
LEFT JOIN oda_benchmark.acme_loss_payment lp ON ca.claim_amount_identifier = lp.claim_amount_identifier
LEFT JOIN oda_benchmark.acme_loss_reserve lr ON ca.claim_amount_identifier = lr.claim_amount_identifier
LEFT JOIN oda_benchmark.acme_expense_payment ep ON ca.claim_amount_identifier = ep.claim_amount_identifier
LEFT JOIN oda_benchmark.acme_expense_reserve er ON ca.claim_amount_identifier = er.claim_amount_identifier
JOIN oda_benchmark.acme_claim_coverage cc ON c.claim_identifier = cc.claim_identifier
JOIN oda_benchmark.acme_policy_coverage_detail pcd ON cc.policy_coverage_detail_identifier = pcd.policy_coverage_detail_identifier
JOIN oda_benchmark.acme_policy p ON pcd.policy_identifier = p.policy_identifier
JOIN oda_benchmark.acme_agreement_party_role apr ON p.policy_identifier = apr.agreement_identifier
WHERE apr.party_role_code = 'AG'
GROUP BY apr.party_identifier, p.policy_number
ORDER BY apr.party_identifier ASC"
1,Q41,41,HQHS,aggregate,0,What is the loss ratio of each policy and agent who sold it by policy number and agent id?,1,1,1,0.0,0,0,1.0,0.6667,"SELECT p.policy_number,
       apr.party_identifier AS agent_id,
       COALESCE(SUM(ca.claim_amount), 0) / NULLIF(COALESCE(SUM(pa.policy_amount), 0), 0) AS loss_ratio
FROM oda_benchmark.acme_policy p
JOIN oda_benchmark.acme_agreement_party_role apr
  ON p.policy_identifier = apr.agreement_identifier
  AND apr.party_role_code = 'AG'
LEFT JOIN oda_benchmark.acme_policy_coverage_detail pcd
  ON p.policy_identifier = pcd.policy_identifier
LEFT JOIN oda_benchmark.acme_claim_coverage cc
  ON pcd.policy_coverage_detail_identifier = cc.policy_coverage_detail_identifier
LEFT JOIN oda_benchmark.acme_claim c
  ON cc.claim_identifier = c.claim_identifier
LEFT JOIN oda_benchmark.acme_claim_amount ca
  ON c.claim_identifier = ca.claim_identifier
LEFT JOIN oda_benchmark.acme_loss_payment lp
  ON ca.claim_amount_identifier = lp.claim_amount_identifier
LEFT JOIN oda_benchmark.acme_loss_reserve lr
  ON ca.claim_amount_identifier = lr.claim_amount_identifier
LEFT JOIN oda_benchmark.acme_policy_amount pa
  ON p.policy_identifier = pa.policy_identifier
LEFT JOIN oda_benchmark.acme_premium pr
  ON pa.policy_amount_identifier = pr.policy_amount_identifier
WHERE lp.claim_amount_identifier IS NOT NULL
   OR lr.claim_amount_identifier IS NOT NULL
GROUP BY p.policy_number, apr.party_identifier
ORDER BY p.policy_number, apr.party_identifier","SELECT p.policy_number,
       apr.party_identifier AS agent_id,
       (COALESCE(SUM(CASE WHEN lp.claim_amount_identifier IS NOT NULL THEN ca.claim_amount END), 0) +
        COALESCE(SUM(CASE WHEN lr.claim_amount_identifier IS NOT NULL THEN ca.claim_amount END), 0) +
        COALESCE(SUM(CASE WHEN ep.claim_amount_identifier IS NOT NULL THEN ca.claim_amount END), 0) +
        COALESCE(SUM(CASE WHEN er.claim_amount_identifier IS NOT NULL THEN ca.claim_amount END), 0)) /
       NULLIF(SUM(DISTINCT pa.policy_amount), 0) AS loss_ratio
FROM oda_benchmark.acme_claim c
JOIN oda_benchmark.acme_claim_amount ca ON c.claim_identifier = ca.claim_identifier
LEFT JOIN oda_benchmark.acme_loss_payment lp ON ca.claim_amount_identifier = lp.claim_amount_identifier
LEFT JOIN oda_benchmark.acme_loss_reserve lr ON ca.claim_amount_identifier = lr.claim_amount_identifier
LEFT JOIN oda_benchmark.acme_expense_payment ep ON ca.claim_amount_identifier = ep.claim_amount_identifier
LEFT JOIN oda_benchmark.acme_expense_reserve er ON ca.claim_amount_identifier = er.claim_amount_identifier
JOIN oda_benchmark.acme_claim_coverage cc ON c.claim_identifier = cc.claim_identifier
JOIN oda_benchmark.acme_policy_coverage_detail pcd ON cc.policy_coverage_detail_identifier = pcd.policy_coverage_detail_identifier
JOIN oda_benchmark.acme_policy p ON pcd.policy_identifier = p.policy_identifier
JOIN oda_benchmark.acme_agreement_party_role apr ON p.policy_identifier = apr.agreement_identifier
JOIN oda_benchmark.acme_policy_amount pa ON p.policy_identifier = pa.policy_identifier
JOIN oda_benchmark.acme_premium pr ON pa.policy_amount_identifier = pr.policy_amount_identifier
WHERE apr.party_role_code = 'AG'
GROUP BY p.policy_number, apr.party_identifier
ORDER BY p.policy_number ASC"
1,Q44,44,HQHS,aggregate,0,"What is the average loss of each policy by policy number and number of claims where loss is the sum of loss payment, loss reserve, expense payment, expense reserve amounts?",1,1,1,0.0,0,0,0.6667,0.6667,"SELECT p.policy_number,
       COUNT(DISTINCT c.claim_identifier) AS claim_count,
       SUM(ca.claim_amount) / NULLIF(COUNT(DISTINCT c.claim_identifier), 0) AS avg_loss
FROM oda_benchmark.acme_policy p
JOIN oda_benchmark.acme_policy_coverage_detail pcd
  ON p.policy_identifier = pcd.policy_identifier
JOIN oda_benchmark.acme_claim_coverage cc
  ON pcd.policy_coverage_detail_identifier = cc.policy_coverage_detail_identifier
JOIN oda_benchmark.acme_claim c
  ON cc.claim_identifier = c.claim_identifier
JOIN oda_benchmark.acme_claim_amount ca
  ON c.claim_identifier = ca.claim_identifier
LEFT JOIN oda_benchmark.acme_loss_payment lp
  ON ca.claim_amount_identifier = lp.claim_amount_identifier
LEFT JOIN oda_benchmark.acme_loss_reserve lr
  ON ca.claim_amount_identifier = lr.claim_amount_identifier
LEFT JOIN oda_benchmark.acme_expense_payment ep
  ON ca.claim_amount_identifier = ep.claim_amount_identifier
LEFT JOIN oda_benchmark.acme_expense_reserve er
  ON ca.claim_amount_identifier = er.claim_amount_identifier
WHERE lp.claim_amount_identifier IS NOT NULL
   OR lr.claim_amount_identifier IS NOT NULL
   OR ep.claim_amount_identifier IS NOT NULL
   OR er.claim_amount_identifier IS NOT NULL
GROUP BY p.policy_number
ORDER BY avg_loss DESC","WITH claim_loss AS (
  SELECT ca.claim_identifier,
         COALESCE(SUM(CASE WHEN lp.claim_amount_identifier IS NOT NULL THEN ca.claim_amount END), 0) +
         COALESCE(SUM(CASE WHEN lr.claim_amount_identifier IS NOT NULL THEN ca.claim_amount END), 0) +
         COALESCE(SUM(CASE WHEN ep.claim_amount_identifier IS NOT NULL THEN ca.claim_amount END), 0) +
         COALESCE(SUM(CASE WHEN er.claim_amount_identifier IS NOT NULL THEN ca.claim_amount END), 0) AS full_loss
  FROM oda_benchmark.acme_claim_amount ca
  LEFT JOIN oda_benchmark.acme_loss_payment lp ON ca.claim_amount_identifier = lp.claim_amount_identifier
  LEFT JOIN oda_benchmark.acme_loss_reserve lr ON ca.claim_amount_identifier = lr.claim_amount_identifier
  LEFT JOIN oda_benchmark.acme_expense_payment ep ON ca.claim_amount_identifier = ep.claim_amount_identifier
  LEFT JOIN oda_benchmark.acme_expense_reserve er ON ca.claim_amount_identifier = er.claim_amount_identifier
  GROUP BY ca.claim_identifier
)
SELECT p.policy_number,
       COUNT(DISTINCT c.claim_identifier) AS number_of_claims,
       AVG(cl.full_loss) AS avg_loss
FROM oda_benchmark.acme_claim c
JOIN claim_loss cl ON c.claim_identifier = cl.claim_identifier
JOIN oda_benchmark.acme_claim_coverage cc ON c.claim_identifier = cc.claim_identifier
JOIN oda_benchmark.acme_policy_coverage_detail pcd ON cc.policy_coverage_detail_identifier = pcd.policy_coverage_detail_identifier
JOIN oda_benchmark.acme_policy p ON pcd.policy_identifier = p.policy_identifier
GROUP BY p.policy_number
ORDER BY p.policy_number ASC"
1,Q43,43,HQHS,aggregate,0,"What is the loss ratio, number of claims, total loss by policy number and premium where total loss is the sum of loss payment, loss reserve, expense payment, expense reserve amount and loss ratio is total loss divided by premium?",1,1,1,0.0,0,0,0.6,0.4,"SELECT p.policy_number,
       COUNT(DISTINCT c.claim_identifier) AS claim_count,
       SUM(ca.claim_amount) AS total_loss,
       SUM(pa.policy_amount) AS total_premium,
       CASE 
           WHEN SUM(pa.policy_amount) <> 0 THEN SUM(ca.claim_amount) / SUM(pa.policy_amount)
           ELSE NULL
       END AS loss_ratio
FROM oda_benchmark.acme_policy p
JOIN oda_benchmark.acme_policy_coverage_detail pcd
  ON p.policy_identifier = pcd.policy_identifier
JOIN oda_benchmark.acme_claim_coverage cc
  ON pcd.policy_coverage_detail_identifier = cc.policy_coverage_detail_identifier
JOIN oda_benchmark.acme_claim c
  ON cc.claim_identifier = c.claim_identifier
JOIN oda_benchmark.acme_claim_amount ca
  ON c.claim_identifier = ca.claim_identifier
LEFT JOIN oda_benchmark.acme_loss_payment lp
  ON ca.claim_amount_identifier = lp.claim_amount_identifier
LEFT JOIN oda_benchmark.acme_loss_reserve lr
  ON ca.claim_amount_identifier = lr.claim_amount_identifier
LEFT JOIN oda_benchmark.acme_expense_payment ep
  ON ca.claim_amount_identifier = ep.claim_amount_identifier
LEFT JOIN oda_benchmark.acme_expense_reserve er
  ON ca.claim_amount_identifier = er.claim_amount_identifier
JOIN oda_benchmark.acme_policy_amount pa
  ON p.policy_identifier = pa.policy_identifier
JOIN oda_benchmark.acme_premium pr
  ON pa.policy_amount_identifier = pr.policy_amount_identifier
WHERE lp.claim_amount_identifier IS NOT NULL
   OR lr.claim_amount_identifier IS NOT NULL
   OR ep.claim_amount_identifier IS NOT NULL
   OR er.claim_amount_identifier IS NOT NULL
GROUP BY p.policy_number
ORDER BY loss_ratio DESC;","SELECT p.policy_number,
       SUM(DISTINCT pa.policy_amount) AS premium,
       COUNT(DISTINCT c.claim_identifier) AS number_of_claims,
       COALESCE(SUM(CASE WHEN lp.claim_amount_identifier IS NOT NULL THEN ca.claim_amount END), 0) +
       COALESCE(SUM(CASE WHEN lr.claim_amount_identifier IS NOT NULL THEN ca.claim_amount END), 0) +
       COALESCE(SUM(CASE WHEN ep.claim_amount_identifier IS NOT NULL THEN ca.claim_amount END), 0) +
       COALESCE(SUM(CASE WHEN er.claim_amount_identifier IS NOT NULL THEN ca.claim_amount END), 0) AS total_loss,
       (COALESCE(SUM(CASE WHEN lp.claim_amount_identifier IS NOT NULL THEN ca.claim_amount END), 0) +
        COALESCE(SUM(CASE WHEN lr.claim_amount_identifier IS NOT NULL THEN ca.claim_amount END), 0) +
        COALESCE(SUM(CASE WHEN ep.claim_amount_identifier IS NOT NULL THEN ca.claim_amount END), 0) +
        COALESCE(SUM(CASE WHEN er.claim_amount_identifier IS NOT NULL THEN ca.claim_amount END), 0)) /
       NULLIF(SUM(DISTINCT pa.policy_amount), 0) AS loss_ratio
FROM oda_benchmark.acme_claim c
JOIN oda_benchmark.acme_claim_amount ca ON c.claim_identifier = ca.claim_identifier
LEFT JOIN oda_benchmark.acme_loss_payment lp ON ca.claim_amount_identifier = lp.claim_amount_identifier
LEFT JOIN oda_benchmark.acme_loss_reserve lr ON ca.claim_amount_identifier = lr.claim_amount_identifier
LEFT JOIN oda_benchmark.acme_expense_payment ep ON ca.claim_amount_identifier = ep.claim_amount_identifier
LEFT JOIN oda_benchmark.acme_expense_reserve er ON ca.claim_amount_identifier = er.claim_amount_identifier
JOIN oda_benchmark.acme_claim_coverage cc ON c.claim_identifier = cc.claim_identifier
JOIN oda_benchmark.acme_policy_coverage_detail pcd ON cc.policy_coverage_detail_identifier = pcd.policy_coverage_detail_identifier
JOIN oda_benchmark.acme_policy p ON pcd.policy_identifier = p.policy_identifier
JOIN oda_benchmark.acme_policy_amount pa ON p.policy_identifier = pa.policy_identifier
JOIN oda_benchmark.acme_premium pr ON pa.policy_amount_identifier = pr.policy_amount_identifier
GROUP BY p.policy_number
ORDER BY p.policy_number ASC"
2,Q01,1,LQLS,dimension_listing,0,"Return all the claims we have by claim number, open date and close date?",1,1,1,1.0,1,1,1.0,1.0,"SELECT company_claim_number, claim_open_date, claim_close_date
FROM oda_benchmark.acme_claim","SELECT company_claim_number, claim_open_date, claim_close_date
FROM oda_benchmark.acme_claim
ORDER BY company_claim_number ASC"
2,Q02,2,LQLS,dimension_listing,0,"Return all the policies we have by policy number, effective date and expiration date?",1,1,1,1.0,1,1,1.0,1.0,"SELECT policy_number, effective_date, expiration_date
FROM oda_benchmark.acme_policy","SELECT policy_number, effective_date, expiration_date
FROM oda_benchmark.acme_policy
ORDER BY policy_number ASC"
2,Q03,3,LQLS,dimension_listing,0,Return all the policies and their policy holder by id,1,1,1,0.0,0,1,0.8,0.8,"SELECT p.policy_identifier, p.policy_number, apr.party_identifier AS policyholder_id
FROM oda_benchmark.acme_policy p
JOIN oda_benchmark.acme_agreement_party_role apr
  ON p.policy_identifier = apr.agreement_identifier
WHERE apr.party_role_code = 'PH'","SELECT p.policy_number, apr.party_identifier AS policyholder_id
FROM oda_benchmark.acme_policy p
JOIN oda_benchmark.acme_agreement_party_role apr
  ON p.policy_identifier = apr.agreement_identifier
WHERE apr.party_role_code = 'PH'
ORDER BY p.policy_number ASC"
2,Q04,4,LQLS,dimension_listing,0,Return all the policies and the agents that sold them by policy number and agent id,1,1,1,1.0,1,1,1.0,1.0,"SELECT p.policy_number, apr.party_identifier AS agent_id
FROM oda_benchmark.acme_policy p
JOIN oda_benchmark.acme_agreement_party_role apr
  ON p.policy_identifier = apr.agreement_identifier
WHERE apr.party_role_code = 'AG'
ORDER BY p.policy_number, agent_id","SELECT p.policy_number, apr.party_identifier AS agent_id
FROM oda_benchmark.acme_policy p
JOIN oda_benchmark.acme_agreement_party_role apr
  ON p.policy_identifier = apr.agreement_identifier
WHERE apr.party_role_code = 'AG'
ORDER BY p.policy_number ASC"
2,Q05,5,LQLS,dimension_listing,0,What are all our policies that have a claim associated to them by policy and claim number?,1,1,1,1.0,1,1,1.0,1.0,"SELECT DISTINCT p.policy_number, c.company_claim_number
FROM oda_benchmark.acme_claim c
JOIN oda_benchmark.acme_claim_coverage cc ON c.claim_identifier = cc.claim_identifier
JOIN oda_benchmark.acme_policy_coverage_detail pcd ON cc.policy_coverage_detail_identifier = pcd.policy_coverage_detail_identifier
JOIN oda_benchmark.acme_policy p ON pcd.policy_identifier = p.policy_identifier
ORDER BY p.policy_number, c.company_claim_number","SELECT DISTINCT p.policy_number, c.company_claim_number
FROM oda_benchmark.acme_claim c
JOIN oda_benchmark.acme_claim_coverage cc
  ON c.claim_identifier = cc.claim_identifier
JOIN oda_benchmark.acme_policy_coverage_detail pcd
  ON cc.policy_coverage_detail_identifier = pcd.policy_coverage_detail_identifier
JOIN oda_benchmark.acme_policy p
  ON pcd.policy_identifier = p.policy_identifier
ORDER BY p.policy_number ASC"
2,Q06,6,LQLS,dimension_listing,0,What are all the premiums that have been paid by policy holders?,1,1,1,0.0,0,0,0.0,0.0,"SELECT apr.party_identifier, SUM(pa.policy_amount) AS total_premium_paid
FROM oda_benchmark.acme_agreement_party_role apr
JOIN oda_benchmark.acme_policy_amount pa
  ON apr.agreement_identifier = pa.policy_identifier
JOIN oda_benchmark.acme_premium pr
  ON pa.policy_amount_identifier = pr.policy_amount_identifier
WHERE apr.party_role_code = 'PH'
GROUP BY apr.party_identifier
ORDER BY total_premium_paid DESC","SELECT apr.party_identifier AS policyholder_id,
       SUM(pa.policy_amount) AS total_premiums_paid
FROM oda_benchmark.acme_agreement_party_role apr
JOIN oda_benchmark.acme_policy p
  ON apr.agreement_identifier = p.policy_identifier
JOIN oda_benchmark.acme_policy_amount pa
  ON p.policy_identifier = pa.policy_identifier
JOIN oda_benchmark.acme_premium pr
  ON pa.policy_amount_identifier = pr.policy_amount_identifier
WHERE apr.party_role_code = 'PH'
GROUP BY apr.party_identifier
ORDER BY total_premiums_paid DESC"
2,Q07,7,LQLS,dimension_listing,0,What is the premium amount of all policies by policy number?,1,1,1,0.0,0,0,0.5,0.5,"SELECT p.policy_number, SUM(pa.policy_amount) AS total_premium_amount
FROM oda_benchmark.acme_policy p
JOIN oda_benchmark.acme_policy_amount pa ON p.policy_identifier = pa.policy_identifier
JOIN oda_benchmark.acme_premium pr ON pa.policy_amount_identifier = pr.policy_amount_identifier
GROUP BY p.policy_number
ORDER BY total_premium_amount DESC","SELECT p.policy_number,
       SUM(pa.policy_amount) AS premium_amount
FROM oda_benchmark.acme_policy p
JOIN oda_benchmark.acme_policy_amount pa
  ON p.policy_identifier = pa.policy_identifier
JOIN oda_benchmark.acme_premium pr
  ON pa.policy_amount_identifier = pr.policy_amount_identifier
GROUP BY p.policy_number
ORDER BY p.policy_number ASC"
2,Q08,8,LQLS,dimension_listing,0,"What is the premium amount of all policies by policy number, coverage effective date and coverage expiration date",1,1,1,0.0,0,0,0.75,0.75,"SELECT p.policy_number,
       pcd.effective_date AS coverage_effective_date,
       pcd.expiration_date AS coverage_expiration_date,
       SUM(pa.policy_amount) AS total_premium_amount
FROM oda_benchmark.acme_policy p
JOIN oda_benchmark.acme_policy_coverage_detail pcd
  ON p.policy_identifier = pcd.policy_identifier
JOIN oda_benchmark.acme_policy_amount pa
  ON p.policy_identifier = pa.policy_identifier
JOIN oda_benchmark.acme_premium pr
  ON pa.policy_amount_identifier = pr.policy_amount_identifier
GROUP BY p.policy_number, pcd.effective_date, pcd.expiration_date
ORDER BY p.policy_number;","SELECT p.policy_number,
       pcd.effective_date AS coverage_effective_date,
       pcd.expiration_date AS coverage_expiration_date,
       SUM(pa.policy_amount) AS premium_amount
FROM oda_benchmark.acme_policy p
JOIN oda_benchmark.acme_policy_coverage_detail pcd
  ON p.policy_identifier = pcd.policy_identifier
JOIN oda_benchmark.acme_policy_amount pa
  ON p.policy_identifier = pa.policy_identifier
JOIN oda_benchmark.acme_premium pr
  ON pa.policy_amount_identifier = pr.policy_amount_identifier
GROUP BY p.policy_number, pcd.effective_date, pcd.expiration_date
ORDER BY p.policy_number ASC"
2,Q09,9,LQLS,dimension_listing,0,What are the loss payment amount of all claims by claim number?,1,1,1,0.0,0,0,0.5,0.5,"SELECT c.company_claim_number, SUM(ca.claim_amount) AS total_loss_payment
FROM oda_benchmark.acme_claim c
JOIN oda_benchmark.acme_claim_amount ca ON c.claim_identifier = ca.claim_identifier
JOIN oda_benchmark.acme_loss_payment lp ON ca.claim_amount_identifier = lp.claim_amount_identifier
GROUP BY c.company_claim_number
ORDER BY total_loss_payment DESC","SELECT c.company_claim_number,
       SUM(ca.claim_amount) AS loss_payment_amount
FROM oda_benchmark.acme_claim c
JOIN oda_benchmark.acme_claim_amount ca
  ON c.claim_identifier = ca.claim_identifier
JOIN oda_benchmark.acme_loss_payment lp
  ON ca.claim_amount_identifier = lp.claim_amount_identifier
GROUP BY c.company_claim_number
ORDER BY c.company_claim_number ASC"
2,Q10,10,LQLS,dimension_listing,0,What are the loss reserve amount of all claims by claim number?,1,1,1,0.0,0,0,0.5,0.5,"SELECT c.company_claim_number, SUM(ca.claim_amount) AS total_loss_reserve
FROM oda_benchmark.acme_claim c
JOIN oda_benchmark.acme_claim_amount ca ON c.claim_identifier = ca.claim_identifier
JOIN oda_benchmark.acme_loss_reserve lr ON ca.claim_amount_identifier = lr.claim_amount_identifier
GROUP BY c.company_claim_number
ORDER BY total_loss_reserve DESC","SELECT c.company_claim_number,
       SUM(ca.claim_amount) AS loss_reserve_amount
FROM oda_benchmark.acme_claim c
JOIN oda_benchmark.acme_claim_amount ca
  ON c.claim_identifier = ca.claim_identifier
JOIN oda_benchmark.acme_loss_reserve lr
  ON ca.claim_amount_identifier = lr.claim_amount_identifier
GROUP BY c.company_claim_number
ORDER BY c.company_claim_number ASC"
2,Q11,11,LQLS,dimension_listing,0,What are the expense payment amount of all claims by claim number?,1,1,1,0.0,0,0,0.5,0.5,"SELECT c.company_claim_number, SUM(ca.claim_amount) AS total_expense_payment
FROM oda_benchmark.acme_claim c
JOIN oda_benchmark.acme_claim_amount ca ON c.claim_identifier = ca.claim_identifier
JOIN oda_benchmark.acme_expense_payment ep ON ca.claim_amount_identifier = ep.claim_amount_identifier
GROUP BY c.company_claim_number
ORDER BY total_expense_payment DESC","SELECT c.company_claim_number,
       SUM(ca.claim_amount) AS expense_payment_amount
FROM oda_benchmark.acme_claim c
JOIN oda_benchmark.acme_claim_amount ca
  ON c.claim_identifier = ca.claim_identifier
JOIN oda_benchmark.acme_expense_payment ep
  ON ca.claim_amount_identifier = ep.claim_amount_identifier
GROUP BY c.company_claim_number
ORDER BY c.company_claim_number ASC"
2,Q12,12,LQLS,dimension_listing,0,What are the expense reserve amount of all claims by claim number?,1,1,1,0.0,0,0,0.5,0.5,"SELECT c.company_claim_number, SUM(ca.claim_amount) AS total_expense_reserve
FROM oda_benchmark.acme_claim c
JOIN oda_benchmark.acme_claim_amount ca ON c.claim_identifier = ca.claim_identifier
JOIN oda_benchmark.acme_expense_reserve er ON ca.claim_amount_identifier = er.claim_amount_identifier
GROUP BY c.company_claim_number
ORDER BY total_expense_reserve DESC","SELECT c.company_claim_number,
       SUM(ca.claim_amount) AS expense_reserve_amount
FROM oda_benchmark.acme_claim c
JOIN oda_benchmark.acme_claim_amount ca
  ON c.claim_identifier = ca.claim_identifier
JOIN oda_benchmark.acme_expense_reserve er
  ON ca.claim_amount_identifier = er.claim_amount_identifier
GROUP BY c.company_claim_number
ORDER BY c.company_claim_number ASC"
2,Q13,13,LQHS,dimension_listing,0,"What are the loss payment, loss reserve, expense payment, expense reserve amount by claim number?",1,1,1,1.0,1,1,1.0,1.0,"SELECT c.company_claim_number,
       SUM(ca.claim_amount) FILTER (WHERE lp.claim_amount_identifier IS NOT NULL) AS loss_payment_amount,
       SUM(ca.claim_amount) FILTER (WHERE lr.claim_amount_identifier IS NOT NULL) AS loss_reserve_amount,
       SUM(ca.claim_amount) FILTER (WHERE ep.claim_amount_identifier IS NOT NULL) AS expense_payment_amount,
       SUM(ca.claim_amount) FILTER (WHERE er.claim_amount_identifier IS NOT NULL) AS expense_reserve_amount
FROM oda_benchmark.acme_claim c
JOIN oda_benchmark.acme_claim_amount ca
  ON c.claim_identifier = ca.claim_identifier
LEFT JOIN oda_benchmark.acme_loss_payment lp
  ON ca.claim_amount_identifier = lp.claim_amount_identifier
LEFT JOIN oda_benchmark.acme_loss_reserve lr
  ON ca.claim_amount_identifier = lr.claim_amount_identifier
LEFT JOIN oda_benchmark.acme_expense_payment ep
  ON ca.claim_amount_identifier = ep.claim_amount_identifier
LEFT JOIN oda_benchmark.acme_expense_reserve er
  ON ca.claim_amount_identifier = er.claim_amount_identifier
GROUP BY c.company_claim_number
ORDER BY c.company_claim_number;","SELECT c.company_claim_number,
       COALESCE(SUM(CASE WHEN lp.claim_amount_identifier IS NOT NULL THEN ca.claim_amount END), 0) AS loss_payment_amount,
       COALESCE(SUM(CASE WHEN lr.claim_amount_identifier IS NOT NULL THEN ca.claim_amount END), 0) AS loss_reserve_amount,
       COALESCE(SUM(CASE WHEN ep.claim_amount_identifier IS NOT NULL THEN ca.claim_amount END), 0) AS expense_payment_amount,
       COALESCE(SUM(CASE WHEN er.claim_amount_identifier IS NOT NULL THEN ca.claim_amount END), 0) AS expense_reserve_amount
FROM oda_benchmark.acme_claim c
JOIN oda_benchmark.acme_claim_amount ca ON c.claim_identifier = ca.claim_identifier
LEFT JOIN oda_benchmark.acme_loss_payment lp ON ca.claim_amount_identifier = lp.claim_amount_identifier
LEFT JOIN oda_benchmark.acme_loss_reserve lr ON ca.claim_amount_identifier = lr.claim_amount_identifier
LEFT JOIN oda_benchmark.acme_expense_payment ep ON ca.claim_amount_identifier = ep.claim_amount_identifier
LEFT JOIN oda_benchmark.acme_expense_reserve er ON ca.claim_amount_identifier = er.claim_amount_identifier
GROUP BY c.company_claim_number
ORDER BY c.company_claim_number ASC"
2,Q14,14,LQHS,dimension_listing,0,"What are the loss payment, loss reserve, expense payment, expense reserve amount by claim number and corresponding policy number, policy holder and premium amount paid?",1,1,1,0.0,0,0,0.875,0.3125,"SELECT 
  c.company_claim_number,
  p.policy_number,
  prt.party_identifier AS policy_holder,
  SUM(CASE WHEN lp.claim_amount_identifier IS NOT NULL THEN ca.claim_amount ELSE 0 END) AS loss_payment_amount,
  SUM(CASE WHEN lr.claim_amount_identifier IS NOT NULL THEN ca.claim_amount ELSE 0 END) AS loss_reserve_amount,
  SUM(CASE WHEN ep.claim_amount_identifier IS NOT NULL THEN ca.claim_amount ELSE 0 END) AS expense_payment_amount,
  SUM(CASE WHEN er.claim_amount_identifier IS NOT NULL THEN ca.claim_amount ELSE 0 END) AS expense_reserve_amount,
  SUM(DISTINCT pa.policy_amount) AS premium_amount
FROM oda_benchmark.acme_claim c
LEFT JOIN oda_benchmark.acme_claim_amount ca 
  ON c.claim_identifier = ca.claim_identifier
LEFT JOIN oda_benchmark.acme_loss_payment lp 
  ON ca.claim_amount_identifier = lp.claim_amount_identifier
LEFT JOIN oda_benchmark.acme_loss_reserve lr 
  ON ca.claim_amount_identifier = lr.claim_amount_identifier
LEFT JOIN oda_benchmark.acme_expense_payment ep 
  ON ca.claim_amount_identifier = ep.claim_amount_identifier
LEFT JOIN oda_benchmark.acme_expense_reserve er 
  ON ca.claim_amount_identifier = er.claim_amount_identifier
LEFT JOIN oda_benchmark.acme_claim_coverage cc 
  ON c.claim_identifier = cc.claim_identifier
LEFT JOIN oda_benchmark.acme_policy_coverage_detail pcd 
  ON cc.policy_coverage_detail_identifier = pcd.policy_coverage_detail_identifier
LEFT JOIN oda_benchmark.acme_policy p 
  ON pcd.policy_identifier = p.policy_identifier
LEFT JOIN oda_benchmark.acme_agreement_party_role prt 
  ON p.policy_identifier = prt.agreement_identifier AND prt.party_role_code = 'PH'
LEFT JOIN oda_benchmark.acme_policy_amount pa 
  ON p.policy_identifier = pa.policy_identifier
LEFT JOIN oda_benchmark.acme_premium pr 
  ON pa.policy_amount_identifier = pr.policy_amount_identifier
GROUP BY 
  c.company_claim_number,
  p.policy_number,
  prt.party_identifier
ORDER BY c.company_claim_number;","SELECT c.company_claim_number,
       p.policy_number,
       apr.party_identifier AS policyholder_id,
       SUM(DISTINCT pa.policy_amount) AS premium_amount,
       COALESCE(SUM(CASE WHEN lp.claim_amount_identifier IS NOT NULL THEN ca.claim_amount END), 0) AS loss_payment_amount,
       COALESCE(SUM(CASE WHEN lr.claim_amount_identifier IS NOT NULL THEN ca.claim_amount END), 0) AS loss_reserve_amount,
       COALESCE(SUM(CASE WHEN ep.claim_amount_identifier IS NOT NULL THEN ca.claim_amount END), 0) AS expense_payment_amount,
       COALESCE(SUM(CASE WHEN er.claim_amount_identifier IS NOT NULL THEN ca.claim_amount END), 0) AS expense_reserve_amount
FROM oda_benchmark.acme_claim c
JOIN oda_benchmark.acme_claim_amount ca ON c.claim_identifier = ca.claim_identifier
LEFT JOIN oda_benchmark.acme_loss_payment lp ON ca.claim_amount_identifier = lp.claim_amount_identifier
LEFT JOIN oda_benchmark.acme_loss_reserve lr ON ca.claim_amount_identifier = lr.claim_amount_identifier
LEFT JOIN oda_benchmark.acme_expense_payment ep ON ca.claim_amount_identifier = ep.claim_amount_identifier
LEFT JOIN oda_benchmark.acme_expense_reserve er ON ca.claim_amount_identifier = er.claim_amount_identifier
JOIN oda_benchmark.acme_claim_coverage cc ON c.claim_identifier = cc.claim_identifier
JOIN oda_benchmark.acme_policy_coverage_detail pcd ON cc.policy_coverage_detail_identifier = pcd.policy_coverage_detail_identifier
JOIN oda_benchmark.acme_policy p ON pcd.policy_identifier = p.policy_identifier
JOIN oda_benchmark.acme_agreement_party_role apr ON p.policy_identifier = apr.agreement_identifier
JOIN oda_benchmark.acme_policy_amount pa ON p.policy_identifier = pa.policy_identifier
JOIN oda_benchmark.acme_premium pr ON pa.policy_amount_identifier = pr.policy_amount_identifier
WHERE apr.party_role_code = 'PH'
GROUP BY c.company_claim_number, p.policy_number, apr.party_identifier
ORDER BY c.company_claim_number ASC"
2,Q15,15,LQHS,dimension_listing,0,"What are the loss payment, loss reserve, expense payment, expense reserve amount by claim number and corresponding policy number, policy holder, premium amount paid and the agent who sold it?",1,1,1,0.0,0,0,0.8889,0.5,"SELECT 
  c.company_claim_number,
  p.policy_number,
  ph.party_identifier AS policyholder_id,
  ag.party_identifier AS agent_id,
  SUM(CASE WHEN lp.claim_amount_identifier IS NOT NULL THEN ca.claim_amount ELSE 0 END) AS loss_payment_amount,
  SUM(CASE WHEN lr.claim_amount_identifier IS NOT NULL THEN ca.claim_amount ELSE 0 END) AS loss_reserve_amount,
  SUM(CASE WHEN ep.claim_amount_identifier IS NOT NULL THEN ca.claim_amount ELSE 0 END) AS expense_payment_amount,
  SUM(CASE WHEN er.claim_amount_identifier IS NOT NULL THEN ca.claim_amount ELSE 0 END) AS expense_reserve_amount,
  SUM(prm.policy_amount) AS total_premium
FROM oda_benchmark.acme_claim c
LEFT JOIN oda_benchmark.acme_claim_amount ca 
  ON c.claim_identifier = ca.claim_identifier
LEFT JOIN oda_benchmark.acme_loss_payment lp 
  ON ca.claim_amount_identifier = lp.claim_amount_identifier
LEFT JOIN oda_benchmark.acme_loss_reserve lr 
  ON ca.claim_amount_identifier = lr.claim_amount_identifier
LEFT JOIN oda_benchmark.acme_expense_payment ep 
  ON ca.claim_amount_identifier = ep.claim_amount_identifier
LEFT JOIN oda_benchmark.acme_expense_reserve er 
  ON ca.claim_amount_identifier = er.claim_amount_identifier
LEFT JOIN oda_benchmark.acme_claim_coverage cc 
  ON c.claim_identifier = cc.claim_identifier
LEFT JOIN oda_benchmark.acme_policy_coverage_detail pcd 
  ON cc.policy_coverage_detail_identifier = pcd.policy_coverage_detail_identifier
LEFT JOIN oda_benchmark.acme_policy p 
  ON pcd.policy_identifier = p.policy_identifier
LEFT JOIN oda_benchmark.acme_policy_amount prm 
  ON p.policy_identifier = prm.policy_identifier
LEFT JOIN oda_benchmark.acme_premium pr 
  ON prm.policy_amount_identifier = pr.policy_amount_identifier
LEFT JOIN oda_benchmark.acme_agreement_party_role ph 
  ON p.policy_identifier = ph.agreement_identifier AND ph.party_role_code = 'PH'
LEFT JOIN oda_benchmark.acme_agreement_party_role ag 
  ON p.policy_identifier = ag.agreement_identifier AND ag.party_role_code = 'AG'
GROUP BY 
  c.company_claim_number,
  p.policy_number,
  ph.party_identifier,
  ag.party_identifier
ORDER BY c.company_claim_number;","SELECT c.company_claim_number,
       p.policy_number,
       ph_apr.party_identifier AS policyholder_id,
       ag_apr.party_identifier AS agent_id,
       SUM(DISTINCT pa.policy_amount) AS premium_amount,
       COALESCE(SUM(CASE WHEN lp.claim_amount_identifier IS NOT NULL THEN ca.claim_amount END), 0) AS loss_payment_amount,
       COALESCE(SUM(CASE WHEN lr.claim_amount_identifier IS NOT NULL THEN ca.claim_amount END), 0) AS loss_reserve_amount,
       COALESCE(SUM(CASE WHEN ep.claim_amount_identifier IS NOT NULL THEN ca.claim_amount END), 0) AS expense_payment_amount,
       COALESCE(SUM(CASE WHEN er.claim_amount_identifier IS NOT NULL THEN ca.claim_amount END), 0) AS expense_reserve_amount
FROM oda_benchmark.acme_claim c
JOIN oda_benchmark.acme_claim_amount ca ON c.claim_identifier = ca.claim_identifier
LEFT JOIN oda_benchmark.acme_loss_payment lp ON ca.claim_amount_identifier = lp.claim_amount_identifier
LEFT JOIN oda_benchmark.acme_loss_reserve lr ON ca.claim_amount_identifier = lr.claim_amount_identifier
LEFT JOIN oda_benchmark.acme_expense_payment ep ON ca.claim_amount_identifier = ep.claim_amount_identifier
LEFT JOIN oda_benchmark.acme_expense_reserve er ON ca.claim_amount_identifier = er.claim_amount_identifier
JOIN oda_benchmark.acme_claim_coverage cc ON c.claim_identifier = cc.claim_identifier
JOIN oda_benchmark.acme_policy_coverage_detail pcd ON cc.policy_coverage_detail_identifier = pcd.policy_coverage_detail_identifier
JOIN oda_benchmark.acme_policy p ON pcd.policy_identifier = p.policy_identifier
JOIN oda_benchmark.acme_agreement_party_role ph_apr
  ON p.policy_identifier = ph_apr.agreement_identifier AND ph_apr.party_role_code = 'PH'
JOIN oda_benchmark.acme_agreement_party_role ag_apr
  ON p.policy_identifier = ag_apr.agreement_identifier AND ag_apr.party_role_code = 'AG'
JOIN oda_benchmark.acme_policy_amount pa ON p.policy_identifier = pa.policy_identifier
JOIN oda_benchmark.acme_premium pr ON pa.policy_amount_identifier = pr.policy_amount_identifier
GROUP BY c.company_claim_number, p.policy_number, ph_apr.party_identifier, ag_apr.party_identifier
ORDER BY c.company_claim_number ASC"
2,Q16,16,LQHS,dimension_listing,0,"What are the loss payment, loss reserve, expense payment, expense reserve amount by claim number and corresponding policy number, policy holder, premium amount paid, the catastrophe it had, and the agent who sold it?",1,1,1,0.0,0,0,1.0,0.55,"SELECT 
  c.company_claim_number,
  p.policy_number,
  ph.party_identifier AS policyholder_id,
  ag.party_identifier AS agent_id,
  cat.catastrophe_name,
  SUM(CASE WHEN lp.claim_amount_identifier IS NOT NULL THEN ca.claim_amount ELSE 0 END) AS loss_payment_amount,
  SUM(CASE WHEN lr.claim_amount_identifier IS NOT NULL THEN ca.claim_amount ELSE 0 END) AS loss_reserve_amount,
  SUM(CASE WHEN ep.claim_amount_identifier IS NOT NULL THEN ca.claim_amount ELSE 0 END) AS expense_payment_amount,
  SUM(CASE WHEN er.claim_amount_identifier IS NOT NULL THEN ca.claim_amount ELSE 0 END) AS expense_reserve_amount,
  SUM(DISTINCT pa.policy_amount) AS premium_amount
FROM oda_benchmark.acme_claim c
LEFT JOIN oda_benchmark.acme_claim_amount ca 
  ON c.claim_identifier = ca.claim_identifier
LEFT JOIN oda_benchmark.acme_loss_payment lp 
  ON ca.claim_amount_identifier = lp.claim_amount_identifier
LEFT JOIN oda_benchmark.acme_loss_reserve lr 
  ON ca.claim_amount_identifier = lr.claim_amount_identifier
LEFT JOIN oda_benchmark.acme_expense_payment ep 
  ON ca.claim_amount_identifier = ep.claim_amount_identifier
LEFT JOIN oda_benchmark.acme_expense_reserve er 
  ON ca.claim_amount_identifier = er.claim_amount_identifier
LEFT JOIN oda_benchmark.acme_claim_coverage cc 
  ON c.claim_identifier = cc.claim_identifier
LEFT JOIN oda_benchmark.acme_policy_coverage_detail pcd 
  ON cc.policy_coverage_detail_identifier = pcd.policy_coverage_detail_identifier
LEFT JOIN oda_benchmark.acme_policy p 
  ON pcd.policy_identifier = p.policy_identifier
LEFT JOIN oda_benchmark.acme_agreement_party_role ph 
  ON p.policy_identifier = ph.agreement_identifier AND ph.party_role_code = 'PH'
LEFT JOIN oda_benchmark.acme_agreement_party_role ag 
  ON p.policy_identifier = ag.agreement_identifier AND ag.party_role_code = 'AG'
LEFT JOIN oda_benchmark.acme_catastrophe cat 
  ON c.catastrophe_identifier = cat.catastrophe_identifier
LEFT JOIN oda_benchmark.acme_policy_amount pa 
  ON p.policy_identifier = pa.policy_identifier
LEFT JOIN oda_benchmark.acme_premium pr 
  ON pa.policy_amount_identifier = pr.policy_amount_identifier
GROUP BY 
  c.company_claim_number,
  p.policy_number,
  ph.party_identifier,
  ag.party_identifier,
  cat.catastrophe_name
ORDER BY c.company_claim_number;","SELECT c.company_claim_number,
       p.policy_number,
       ph_apr.party_identifier AS policyholder_id,
       ag_apr.party_identifier AS agent_id,
       cat.catastrophe_name,
       SUM(DISTINCT pa.policy_amount) AS premium_amount,
       COALESCE(SUM(CASE WHEN lp.claim_amount_identifier IS NOT NULL THEN ca.claim_amount END), 0) AS loss_payment_amount,
       COALESCE(SUM(CASE WHEN lr.claim_amount_identifier IS NOT NULL THEN ca.claim_amount END), 0) AS loss_reserve_amount,
       COALESCE(SUM(CASE WHEN ep.claim_amount_identifier IS NOT NULL THEN ca.claim_amount END), 0) AS expense_payment_amount,
       COALESCE(SUM(CASE WHEN er.claim_amount_identifier IS NOT NULL THEN ca.claim_amount END), 0) AS expense_reserve_amount
FROM oda_benchmark.acme_claim c
JOIN oda_benchmark.acme_claim_amount ca ON c.claim_identifier = ca.claim_identifier
LEFT JOIN oda_benchmark.acme_loss_payment lp ON ca.claim_amount_identifier = lp.claim_amount_identifier
LEFT JOIN oda_benchmark.acme_loss_reserve lr ON ca.claim_amount_identifier = lr.claim_amount_identifier
LEFT JOIN oda_benchmark.acme_expense_payment ep ON ca.claim_amount_identifier = ep.claim_amount_identifier
LEFT JOIN oda_benchmark.acme_expense_reserve er ON ca.claim_amount_identifier = er.claim_amount_identifier
LEFT JOIN oda_benchmark.acme_catastrophe cat ON c.catastrophe_identifier = cat.catastrophe_identifier
JOIN oda_benchmark.acme_claim_coverage cc ON c.claim_identifier = cc.claim_identifier
JOIN oda_benchmark.acme_policy_coverage_detail pcd ON cc.policy_coverage_detail_identifier = pcd.policy_coverage_detail_identifier
JOIN oda_benchmark.acme_policy p ON pcd.policy_identifier = p.policy_identifier
JOIN oda_benchmark.acme_agreement_party_role ph_apr
  ON p.policy_identifier = ph_apr.agreement_identifier AND ph_apr.party_role_code = 'PH'
JOIN oda_benchmark.acme_agreement_party_role ag_apr
  ON p.policy_identifier = ag_apr.agreement_identifier AND ag_apr.party_role_code = 'AG'
JOIN oda_benchmark.acme_policy_amount pa ON p.policy_identifier = pa.policy_identifier
JOIN oda_benchmark.acme_premium pr ON pa.policy_amount_identifier = pr.policy_amount_identifier
GROUP BY c.company_claim_number, p.policy_number, ph_apr.party_identifier, ag_apr.party_identifier, cat.catastrophe_name
ORDER BY c.company_claim_number ASC"
2,Q17,17,LQHS,dimension_listing,0,Return policy holders and the claims they have made and the corresponding catastrophe,1,1,1,0.0,0,0,0.4444,0.4444,"SELECT apr.party_identifier,
       ap.party_name,
       c.claim_identifier,
       c.company_claim_number,
       cat.catastrophe_identifier,
       cat.catastrophe_name
FROM oda_benchmark.acme_agreement_party_role apr
JOIN oda_benchmark.acme_party ap
  ON apr.party_identifier = ap.party_identifier
JOIN oda_benchmark.acme_policy p
  ON apr.agreement_identifier = p.policy_identifier
JOIN oda_benchmark.acme_policy_coverage_detail pcd
  ON p.policy_identifier = pcd.policy_identifier
JOIN oda_benchmark.acme_claim_coverage cc
  ON pcd.policy_coverage_detail_identifier = cc.policy_coverage_detail_identifier
JOIN oda_benchmark.acme_claim c
  ON cc.claim_identifier = c.claim_identifier
LEFT JOIN oda_benchmark.acme_catastrophe cat
  ON c.catastrophe_identifier = cat.catastrophe_identifier
WHERE apr.party_role_code = 'PH';","SELECT apr.party_identifier AS policyholder_id,
       c.company_claim_number,
       cat.catastrophe_name
FROM oda_benchmark.acme_claim c
LEFT JOIN oda_benchmark.acme_catastrophe cat ON c.catastrophe_identifier = cat.catastrophe_identifier
JOIN oda_benchmark.acme_claim_coverage cc ON c.claim_identifier = cc.claim_identifier
JOIN oda_benchmark.acme_policy_coverage_detail pcd ON cc.policy_coverage_detail_identifier = pcd.policy_coverage_detail_identifier
JOIN oda_benchmark.acme_policy p ON pcd.policy_identifier = p.policy_identifier
JOIN oda_benchmark.acme_agreement_party_role apr ON p.policy_identifier = apr.agreement_identifier
WHERE apr.party_role_code = 'PH'
ORDER BY apr.party_identifier ASC"
2,Q18,18,LQHS,dimension_listing,0,Return agents and the policy they have sold that have had a claim and the corresponding catastrophe it had.,1,1,1,1.0,1,1,1.0,1.0,"SELECT apr.party_identifier AS agent_id,
       p.policy_number,
       c.company_claim_number,
       cat.catastrophe_name
FROM oda_benchmark.acme_agreement_party_role apr
JOIN oda_benchmark.acme_policy p
  ON apr.agreement_identifier = p.policy_identifier
JOIN oda_benchmark.acme_policy_coverage_detail pcd
  ON p.policy_identifier = pcd.policy_identifier
JOIN oda_benchmark.acme_claim_coverage cc
  ON pcd.policy_coverage_detail_identifier = cc.policy_coverage_detail_identifier
JOIN oda_benchmark.acme_claim c
  ON cc.claim_identifier = c.claim_identifier
LEFT JOIN oda_benchmark.acme_catastrophe cat
  ON c.catastrophe_identifier = cat.catastrophe_identifier
WHERE apr.party_role_code = 'AG';","SELECT apr.party_identifier AS agent_id,
       p.policy_number,
       c.company_claim_number,
       cat.catastrophe_name
FROM oda_benchmark.acme_claim c
LEFT JOIN oda_benchmark.acme_catastrophe cat ON c.catastrophe_identifier = cat.catastrophe_identifier
JOIN oda_benchmark.acme_claim_coverage cc ON c.claim_identifier = cc.claim_identifier
JOIN oda_benchmark.acme_policy_coverage_detail pcd ON cc.policy_coverage_detail_identifier = pcd.policy_coverage_detail_identifier
JOIN oda_benchmark.acme_policy p ON pcd.policy_identifier = p.policy_identifier
JOIN oda_benchmark.acme_agreement_party_role apr ON p.policy_identifier = apr.agreement_identifier
WHERE apr.party_role_code = 'AG'
ORDER BY apr.party_identifier ASC"
2,Q19,19,LQHS,dimension_listing,0,"Return agents and the policies they have sold that have had a claim and the corresponding loss payment amount by agent id, policy number and claim number",1,1,1,0.0,0,0,0.75,0.75,"SELECT apr.party_identifier AS agent_id,
       p.policy_number,
       c.company_claim_number,
       SUM(ca.claim_amount) AS total_loss_payment
FROM oda_benchmark.acme_agreement_party_role apr
JOIN oda_benchmark.acme_policy p
  ON apr.agreement_identifier = p.policy_identifier
JOIN oda_benchmark.acme_policy_coverage_detail pcd
  ON p.policy_identifier = pcd.policy_identifier
JOIN oda_benchmark.acme_claim_coverage cc
  ON pcd.policy_coverage_detail_identifier = cc.policy_coverage_detail_identifier
JOIN oda_benchmark.acme_claim c
  ON cc.claim_identifier = c.claim_identifier
JOIN oda_benchmark.acme_claim_amount ca
  ON c.claim_identifier = ca.claim_identifier
JOIN oda_benchmark.acme_loss_payment lp
  ON ca.claim_amount_identifier = lp.claim_amount_identifier
WHERE apr.party_role_code = 'AG'
GROUP BY apr.party_identifier, p.policy_number, c.company_claim_number
ORDER BY apr.party_identifier, p.policy_number, c.company_claim_number;","SELECT apr.party_identifier AS agent_id,
       p.policy_number,
       c.company_claim_number,
       SUM(ca.claim_amount) AS loss_payment_amount
FROM oda_benchmark.acme_claim c
JOIN oda_benchmark.acme_claim_coverage cc ON c.claim_identifier = cc.claim_identifier
JOIN oda_benchmark.acme_policy_coverage_detail pcd ON cc.policy_coverage_detail_identifier = pcd.policy_coverage_detail_identifier
JOIN oda_benchmark.acme_policy p ON pcd.policy_identifier = p.policy_identifier
JOIN oda_benchmark.acme_agreement_party_role apr ON p.policy_identifier = apr.agreement_identifier
JOIN oda_benchmark.acme_claim_amount ca ON c.claim_identifier = ca.claim_identifier
JOIN oda_benchmark.acme_loss_payment lp ON ca.claim_amount_identifier = lp.claim_amount_identifier
WHERE apr.party_role_code = 'AG'
GROUP BY apr.party_identifier, p.policy_number, c.company_claim_number
ORDER BY apr.party_identifier ASC"
2,Q20,20,LQHS,dimension_listing,0,"Return agents and the policy they have sold that have had a claim and the corresponding loss reserve amount by agent id, policy number and claim number",1,1,1,0.0,0,0,0.75,0.75,"SELECT apr.party_identifier,
       p.policy_number,
       c.company_claim_number,
       SUM(ca.claim_amount) AS loss_reserve_amount
FROM oda_benchmark.acme_agreement_party_role apr
JOIN oda_benchmark.acme_policy p
  ON apr.agreement_identifier = p.policy_identifier
JOIN oda_benchmark.acme_policy_coverage_detail pcd
  ON p.policy_identifier = pcd.policy_identifier
JOIN oda_benchmark.acme_claim_coverage cc
  ON pcd.policy_coverage_detail_identifier = cc.policy_coverage_detail_identifier
JOIN oda_benchmark.acme_claim c
  ON cc.claim_identifier = c.claim_identifier
JOIN oda_benchmark.acme_claim_amount ca
  ON c.claim_identifier = ca.claim_identifier
JOIN oda_benchmark.acme_loss_reserve lr
  ON ca.claim_amount_identifier = lr.claim_amount_identifier
WHERE apr.party_role_code = 'AG'
GROUP BY apr.party_identifier, p.policy_number, c.company_claim_number
ORDER BY apr.party_identifier, p.policy_number, c.company_claim_number;","SELECT apr.party_identifier AS agent_id,
       p.policy_number,
       c.company_claim_number,
       SUM(ca.claim_amount) AS loss_reserve_amount
FROM oda_benchmark.acme_claim c
JOIN oda_benchmark.acme_claim_coverage cc ON c.claim_identifier = cc.claim_identifier
JOIN oda_benchmark.acme_policy_coverage_detail pcd ON cc.policy_coverage_detail_identifier = pcd.policy_coverage_detail_identifier
JOIN oda_benchmark.acme_policy p ON pcd.policy_identifier = p.policy_identifier
JOIN oda_benchmark.acme_agreement_party_role apr ON p.policy_identifier = apr.agreement_identifier
JOIN oda_benchmark.acme_claim_amount ca ON c.claim_identifier = ca.claim_identifier
JOIN oda_benchmark.acme_loss_reserve lr ON ca.claim_amount_identifier = lr.claim_amount_identifier
WHERE apr.party_role_code = 'AG'
GROUP BY apr.party_identifier, p.policy_number, c.company_claim_number
ORDER BY apr.party_identifier ASC"
2,Q21,21,LQHS,dimension_listing,0,"Return agents and the policy they have sold that have had a claim and the corresponding expense payment amount by agent id, policy number and claim number",1,1,1,0.0,0,0,0.75,0.75,"SELECT apr.party_identifier,
       p.policy_number,
       c.company_claim_number,
       SUM(ca.claim_amount) AS expense_payment_amount
FROM oda_benchmark.acme_agreement_party_role apr
JOIN oda_benchmark.acme_policy p
  ON apr.agreement_identifier = p.policy_identifier
JOIN oda_benchmark.acme_policy_coverage_detail pcd
  ON p.policy_identifier = pcd.policy_identifier
JOIN oda_benchmark.acme_claim_coverage cc
  ON pcd.policy_coverage_detail_identifier = cc.policy_coverage_detail_identifier
JOIN oda_benchmark.acme_claim c
  ON cc.claim_identifier = c.claim_identifier
JOIN oda_benchmark.acme_claim_amount ca
  ON c.claim_identifier = ca.claim_identifier
JOIN oda_benchmark.acme_expense_payment ep
  ON ca.claim_amount_identifier = ep.claim_amount_identifier
WHERE apr.party_role_code = 'AG'
GROUP BY apr.party_identifier, p.policy_number, c.company_claim_number
ORDER BY apr.party_identifier, p.policy_number, c.company_claim_number;","SELECT apr.party_identifier AS agent_id,
       p.policy_number,
       c.company_claim_number,
       SUM(ca.claim_amount) AS expense_payment_amount
FROM oda_benchmark.acme_claim c
JOIN oda_benchmark.acme_claim_coverage cc ON c.claim_identifier = cc.claim_identifier
JOIN oda_benchmark.acme_policy_coverage_detail pcd ON cc.policy_coverage_detail_identifier = pcd.policy_coverage_detail_identifier
JOIN oda_benchmark.acme_policy p ON pcd.policy_identifier = p.policy_identifier
JOIN oda_benchmark.acme_agreement_party_role apr ON p.policy_identifier = apr.agreement_identifier
JOIN oda_benchmark.acme_claim_amount ca ON c.claim_identifier = ca.claim_identifier
JOIN oda_benchmark.acme_expense_payment ep ON ca.claim_amount_identifier = ep.claim_amount_identifier
WHERE apr.party_role_code = 'AG'
GROUP BY apr.party_identifier, p.policy_number, c.company_claim_number
ORDER BY apr.party_identifier ASC"
2,Q22,22,LQHS,dimension_listing,0,"Return agents and the policy they have sold that have had a claim and the corresponding expense reserve amount by agent id, policy number and claim number",1,1,1,0.0,0,0,0.75,0.75,"SELECT apr.party_identifier AS agent_id,
       p.policy_number,
       c.company_claim_number,
       SUM(ca.claim_amount) AS total_expense_reserve
FROM oda_benchmark.acme_claim c
JOIN oda_benchmark.acme_claim_coverage cc
  ON c.claim_identifier = cc.claim_identifier
JOIN oda_benchmark.acme_policy_coverage_detail pcd
  ON cc.policy_coverage_detail_identifier = pcd.policy_coverage_detail_identifier
JOIN oda_benchmark.acme_policy p
  ON pcd.policy_identifier = p.policy_identifier
JOIN oda_benchmark.acme_agreement_party_role apr
  ON p.policy_identifier = apr.agreement_identifier
JOIN oda_benchmark.acme_claim_amount ca
  ON c.claim_identifier = ca.claim_identifier
JOIN oda_benchmark.acme_expense_reserve er
  ON ca.claim_amount_identifier = er.claim_amount_identifier
WHERE apr.party_role_code = 'AG'
GROUP BY apr.party_identifier, p.policy_number, c.company_claim_number
ORDER BY apr.party_identifier, p.policy_number, c.company_claim_number;","SELECT apr.party_identifier AS agent_id,
       p.policy_number,
       c.company_claim_number,
       SUM(ca.claim_amount) AS expense_reserve_amount
FROM oda_benchmark.acme_claim c
JOIN oda_benchmark.acme_claim_coverage cc ON c.claim_identifier = cc.claim_identifier
JOIN oda_benchmark.acme_policy_coverage_detail pcd ON cc.policy_coverage_detail_identifier = pcd.policy_coverage_detail_identifier
JOIN oda_benchmark.acme_policy p ON pcd.policy_identifier = p.policy_identifier
JOIN oda_benchmark.acme_agreement_party_role apr ON p.policy_identifier = apr.agreement_identifier
JOIN oda_benchmark.acme_claim_amount ca ON c.claim_identifier = ca.claim_identifier
JOIN oda_benchmark.acme_expense_reserve er ON ca.claim_amount_identifier = er.claim_amount_identifier
WHERE apr.party_role_code = 'AG'
GROUP BY apr.party_identifier, p.policy_number, c.company_claim_number
ORDER BY apr.party_identifier ASC"
2,Q23,23,HQLS,aggregate,0,How many claims do we have?,1,1,1,1.0,1,1,1.0,1.0,SELECT COUNT(company_claim_number) AS claim_count FROM oda_benchmark.acme_claim,"SELECT COUNT(company_claim_number) AS claim_count
FROM oda_benchmark.acme_claim"
2,Q24,24,HQLS,aggregate,0,How many policies do we have?,1,1,1,0.0,0,0,0.0,0.0,SELECT COUNT(policy_number) AS policy_count FROM oda_benchmark.acme_policy,"SELECT COUNT(*) AS number_of_policies
FROM oda_benchmark.acme_policy"
2,Q25,25,HQLS,aggregate,0,How many claims have been placed by policy number?,1,1,1,1.0,1,1,1.0,1.0,"SELECT p.policy_number, COUNT(DISTINCT c.claim_identifier) AS claim_count
FROM oda_benchmark.acme_claim c
JOIN oda_benchmark.acme_claim_coverage cc ON c.claim_identifier = cc.claim_identifier
JOIN oda_benchmark.acme_policy_coverage_detail pcd ON cc.policy_coverage_detail_identifier = pcd.policy_coverage_detail_identifier
JOIN oda_benchmark.acme_policy p ON pcd.policy_identifier = p.policy_identifier
GROUP BY p.policy_number
ORDER BY claim_count DESC","SELECT p.policy_number, COUNT(c.company_claim_number) AS claim_count
FROM oda_benchmark.acme_claim c
JOIN oda_benchmark.acme_claim_coverage cc ON c.claim_identifier = cc.claim_identifier
JOIN oda_benchmark.acme_policy_coverage_detail pcd ON cc.policy_coverage_detail_identifier = pcd.policy_coverage_detail_identifier
JOIN oda_benchmark.acme_policy p ON pcd.policy_identifier = p.policy_identifier
GROUP BY p.policy_number
ORDER BY claim_count DESC"
2,Q26,26,HQLS,aggregate,0,How many policies have agents sold by agent id?,1,1,1,1.0,1,1,1.0,1.0,"SELECT party_identifier, COUNT(DISTINCT agreement_identifier) AS policy_count
FROM oda_benchmark.acme_agreement_party_role
WHERE party_role_code = 'AG'
GROUP BY party_identifier
ORDER BY policy_count DESC","SELECT party_identifier, COUNT(DISTINCT agreement_identifier) AS policy_count
FROM oda_benchmark.acme_agreement_party_role
WHERE party_role_code = 'AG'
GROUP BY party_identifier
ORDER BY policy_count DESC"
2,Q28,28,HQLS,aggregate,0,What is the total amount of premiums paid by policy number?,1,1,1,1.0,1,1,1.0,1.0,"SELECT p.policy_number, SUM(pa.policy_amount) AS total_policy_amount
FROM oda_benchmark.acme_policy p
JOIN oda_benchmark.acme_policy_amount pa ON p.policy_identifier = pa.policy_identifier
JOIN oda_benchmark.acme_premium pr ON pa.policy_amount_identifier = pr.policy_amount_identifier
GROUP BY p.policy_number
ORDER BY total_policy_amount DESC","SELECT p.policy_number, SUM(pa.policy_amount) AS total_policy_amount
FROM oda_benchmark.acme_policy p
JOIN oda_benchmark.acme_policy_amount pa ON p.policy_identifier = pa.policy_identifier
JOIN oda_benchmark.acme_premium pr ON pa.policy_amount_identifier = pr.policy_amount_identifier
GROUP BY p.policy_number
ORDER BY total_policy_amount DESC"
2,Q32,32,HQLS,aggregate,0,What is the average time to settle a claim by policy number?,1,1,1,0.0,0,0,0.5,0.5,"SELECT p.policy_number,
       AVG(c.claim_close_date - c.claim_open_date) AS avg_settlement_time
FROM oda_benchmark.acme_claim c
JOIN oda_benchmark.acme_claim_coverage cc
  ON c.claim_identifier = cc.claim_identifier
JOIN oda_benchmark.acme_policy_coverage_detail pcd
  ON cc.policy_coverage_detail_identifier = pcd.policy_coverage_detail_identifier
JOIN oda_benchmark.acme_policy p
  ON pcd.policy_identifier = p.policy_identifier
WHERE c.claim_close_date IS NOT NULL
  AND c.claim_open_date IS NOT NULL
GROUP BY p.policy_number
ORDER BY avg_settlement_time DESC;","SELECT p.policy_number, AVG(EXTRACT(DAY FROM (c.claim_close_date - c.claim_open_date))) AS avg_days_to_settle
FROM oda_benchmark.acme_claim c
JOIN oda_benchmark.acme_claim_coverage cc ON c.claim_identifier = cc.claim_identifier
JOIN oda_benchmark.acme_policy_coverage_detail pcd ON cc.policy_coverage_detail_identifier = pcd.policy_coverage_detail_identifier
JOIN oda_benchmark.acme_policy p ON pcd.policy_identifier = p.policy_identifier
GROUP BY p.policy_number
ORDER BY avg_days_to_settle DESC"
2,Q31,31,HQLS,aggregate,0,"What is the total loss amounts, which is the sum of loss payment, loss reserve amount by claim number?",1,1,1,1.0,1,1,1.0,1.0,"SELECT c.company_claim_number,
       SUM(ca.claim_amount) AS total_loss_amount
FROM oda_benchmark.acme_claim c
JOIN oda_benchmark.acme_claim_amount ca
  ON c.claim_identifier = ca.claim_identifier
LEFT JOIN oda_benchmark.acme_loss_payment lp
  ON ca.claim_amount_identifier = lp.claim_amount_identifier
LEFT JOIN oda_benchmark.acme_loss_reserve lr
  ON ca.claim_amount_identifier = lr.claim_amount_identifier
WHERE lp.claim_amount_identifier IS NOT NULL
   OR lr.claim_amount_identifier IS NOT NULL
GROUP BY c.company_claim_number
ORDER BY total_loss_amount DESC","SELECT c.company_claim_number,
       COALESCE(SUM(CASE WHEN lp.claim_amount_identifier IS NOT NULL THEN ca.claim_amount END), 0) +
       COALESCE(SUM(CASE WHEN lr.claim_amount_identifier IS NOT NULL THEN ca.claim_amount END), 0) AS total_loss_amount
FROM oda_benchmark.acme_claim c
JOIN oda_benchmark.acme_claim_amount ca ON c.claim_identifier = ca.claim_identifier
LEFT JOIN oda_benchmark.acme_loss_payment lp ON ca.claim_amount_identifier = lp.claim_amount_identifier
LEFT JOIN oda_benchmark.acme_loss_reserve lr ON ca.claim_amount_identifier = lr.claim_amount_identifier
GROUP BY c.company_claim_number
HAVING COALESCE(SUM(CASE WHEN lp.claim_amount_identifier IS NOT NULL THEN ca.claim_amount END), 0) +
       COALESCE(SUM(CASE WHEN lr.claim_amount_identifier IS NOT NULL THEN ca.claim_amount END), 0) > 0
ORDER BY total_loss_amount DESC"
2,Q29,29,HQLS,aggregate,0,What is the total amount of premiums that a policy holder has paid?,1,1,1,0.0,0,0,0.5,0.5,"SELECT apr.party_identifier, SUM(pa.policy_amount) AS total_premium_paid
FROM oda_benchmark.acme_agreement_party_role apr
JOIN oda_benchmark.acme_policy p ON apr.agreement_identifier = p.policy_identifier
JOIN oda_benchmark.acme_policy_amount pa ON p.policy_identifier = pa.policy_identifier
JOIN oda_benchmark.acme_premium pr ON pa.policy_amount_identifier = pr.policy_amount_identifier
WHERE apr.party_role_code = 'PH'
GROUP BY apr.party_identifier
ORDER BY total_premium_paid DESC","SELECT apr.party_identifier, SUM(pa.policy_amount) AS total_policy_amount
FROM oda_benchmark.acme_agreement_party_role apr
JOIN oda_benchmark.acme_policy p ON apr.agreement_identifier = p.policy_identifier
JOIN oda_benchmark.acme_policy_amount pa ON p.policy_identifier = pa.policy_identifier
JOIN oda_benchmark.acme_premium pr ON pa.policy_amount_identifier = pr.policy_amount_identifier
WHERE apr.party_role_code = 'PH'
GROUP BY apr.party_identifier
ORDER BY total_policy_amount DESC"
2,Q30,30,HQLS,aggregate,0,What is the total amount of premiums that a policy holder has paid by policy number?,1,1,1,0.0,0,0,0.4,0.4,"SELECT p.policy_number, SUM(pa.policy_amount) AS total_premium_paid
FROM oda_benchmark.acme_policy p
JOIN oda_benchmark.acme_policy_amount pa ON p.policy_identifier = pa.policy_identifier
JOIN oda_benchmark.acme_premium pr ON pa.policy_amount_identifier = pr.policy_amount_identifier
JOIN oda_benchmark.acme_agreement_party_role apr ON p.policy_identifier = apr.agreement_identifier
WHERE apr.party_role_code = 'PH'
GROUP BY p.policy_number
ORDER BY total_premium_paid DESC","SELECT p.policy_number, apr.party_identifier, SUM(pa.policy_amount) AS total_policy_amount
FROM oda_benchmark.acme_agreement_party_role apr
JOIN oda_benchmark.acme_policy p ON apr.agreement_identifier = p.policy_identifier
JOIN oda_benchmark.acme_policy_amount pa ON p.policy_identifier = pa.policy_identifier
JOIN oda_benchmark.acme_premium pr ON pa.policy_amount_identifier = pr.policy_amount_identifier
WHERE apr.party_role_code = 'PH'
GROUP BY p.policy_number, apr.party_identifier
ORDER BY total_policy_amount DESC"
2,Q27,27,HQLS,aggregate,0,How many policies does each policy holder have by policy holder id?,1,1,1,1.0,1,1,1.0,1.0,"SELECT party_identifier, COUNT(DISTINCT agreement_identifier) AS policy_count
FROM oda_benchmark.acme_agreement_party_role
WHERE party_role_code = 'PH'
GROUP BY party_identifier
ORDER BY policy_count DESC","SELECT party_identifier, COUNT(DISTINCT agreement_identifier) AS policy_count
FROM oda_benchmark.acme_agreement_party_role
WHERE party_role_code = 'PH'
GROUP BY party_identifier
ORDER BY policy_count DESC"
2,Q33,33,HQLS,aggregate,0,What is the average policy size which is the total amount of premium divided by the number of policies?,1,1,1,0.0,0,0,0.0,0.0,"SELECT SUM(pa.policy_amount) / COUNT(DISTINCT pa.policy_identifier) AS average_policy_size
FROM oda_benchmark.acme_policy_amount pa
JOIN oda_benchmark.acme_premium pr
  ON pa.policy_amount_identifier = pr.policy_amount_identifier;","SELECT SUM(pa.policy_amount) / NULLIF(COUNT(DISTINCT pa.policy_identifier), 0) AS avg_policy_size
FROM oda_benchmark.acme_policy_amount pa
JOIN oda_benchmark.acme_premium pr ON pa.policy_amount_identifier = pr.policy_amount_identifier"
2,Q34,34,HQHS,aggregate,0,"What is the total loss of each claim by claim number where total loss is the sum of loss payment, loss reserve, expense payment, expense reserve amount?",1,1,1,1.0,1,1,1.0,1.0,"SELECT c.company_claim_number,
       SUM(
         CASE 
           WHEN lp.claim_amount_identifier IS NOT NULL
             OR lr.claim_amount_identifier IS NOT NULL
             OR ep.claim_amount_identifier IS NOT NULL
             OR er.claim_amount_identifier IS NOT NULL
           THEN ca.claim_amount
           ELSE 0
         END
       ) AS total_loss
FROM oda_benchmark.acme_claim c
JOIN oda_benchmark.acme_claim_amount ca
  ON c.claim_identifier = ca.claim_identifier
LEFT JOIN oda_benchmark.acme_loss_payment lp
  ON ca.claim_amount_identifier = lp.claim_amount_identifier
LEFT JOIN oda_benchmark.acme_loss_reserve lr
  ON ca.claim_amount_identifier = lr.claim_amount_identifier
LEFT JOIN oda_benchmark.acme_expense_payment ep
  ON ca.claim_amount_identifier = ep.claim_amount_identifier
LEFT JOIN oda_benchmark.acme_expense_reserve er
  ON ca.claim_amount_identifier = er.claim_amount_identifier
GROUP BY c.company_claim_number
ORDER BY total_loss DESC","SELECT c.company_claim_number,
       COALESCE(SUM(CASE WHEN lp.claim_amount_identifier IS NOT NULL THEN ca.claim_amount END), 0) +
       COALESCE(SUM(CASE WHEN lr.claim_amount_identifier IS NOT NULL THEN ca.claim_amount END), 0) +
       COALESCE(SUM(CASE WHEN ep.claim_amount_identifier IS NOT NULL THEN ca.claim_amount END), 0) +
       COALESCE(SUM(CASE WHEN er.claim_amount_identifier IS NOT NULL THEN ca.claim_amount END), 0) AS total_loss
FROM oda_benchmark.acme_claim c
JOIN oda_benchmark.acme_claim_amount ca ON c.claim_identifier = ca.claim_identifier
LEFT JOIN oda_benchmark.acme_loss_payment lp ON ca.claim_amount_identifier = lp.claim_amount_identifier
LEFT JOIN oda_benchmark.acme_loss_reserve lr ON ca.claim_amount_identifier = lr.claim_amount_identifier
LEFT JOIN oda_benchmark.acme_expense_payment ep ON ca.claim_amount_identifier = ep.claim_amount_identifier
LEFT JOIN oda_benchmark.acme_expense_reserve er ON ca.claim_amount_identifier = er.claim_amount_identifier
GROUP BY c.company_claim_number
ORDER BY total_loss DESC"
2,Q35,35,HQHS,aggregate,0,"What is the average loss of each policy by policy number where loss is the sum of loss payment, loss reserve, expense payment, expense reserve amounts?",1,1,1,0.0,0,0,0.5,0.5,"SELECT p.policy_number,
       AVG(ca.claim_amount) AS average_loss
FROM oda_benchmark.acme_policy p
JOIN oda_benchmark.acme_policy_coverage_detail pcd
  ON p.policy_identifier = pcd.policy_identifier
JOIN oda_benchmark.acme_claim_coverage cc
  ON pcd.policy_coverage_detail_identifier = cc.policy_coverage_detail_identifier
JOIN oda_benchmark.acme_claim c
  ON cc.claim_identifier = c.claim_identifier
JOIN oda_benchmark.acme_claim_amount ca
  ON c.claim_identifier = ca.claim_identifier
LEFT JOIN oda_benchmark.acme_loss_payment lp
  ON ca.claim_amount_identifier = lp.claim_amount_identifier
LEFT JOIN oda_benchmark.acme_loss_reserve lr
  ON ca.claim_amount_identifier = lr.claim_amount_identifier
LEFT JOIN oda_benchmark.acme_expense_payment ep
  ON ca.claim_amount_identifier = ep.claim_amount_identifier
LEFT JOIN oda_benchmark.acme_expense_reserve er
  ON ca.claim_amount_identifier = er.claim_amount_identifier
WHERE lp.claim_amount_identifier IS NOT NULL
   OR lr.claim_amount_identifier IS NOT NULL
   OR ep.claim_amount_identifier IS NOT NULL
   OR er.claim_amount_identifier IS NOT NULL
GROUP BY p.policy_number
ORDER BY average_loss DESC","WITH claim_loss AS (
  SELECT ca.claim_identifier,
         COALESCE(SUM(CASE WHEN lp.claim_amount_identifier IS NOT NULL THEN ca.claim_amount END), 0) +
         COALESCE(SUM(CASE WHEN lr.claim_amount_identifier IS NOT NULL THEN ca.claim_amount END), 0) +
         COALESCE(SUM(CASE WHEN ep.claim_amount_identifier IS NOT NULL THEN ca.claim_amount END), 0) +
         COALESCE(SUM(CASE WHEN er.claim_amount_identifier IS NOT NULL THEN ca.claim_amount END), 0) AS full_loss
  FROM oda_benchmark.acme_claim_amount ca
  LEFT JOIN oda_benchmark.acme_loss_payment lp ON ca.claim_amount_identifier = lp.claim_amount_identifier
  LEFT JOIN oda_benchmark.acme_loss_reserve lr ON ca.claim_amount_identifier = lr.claim_amount_identifier
  LEFT JOIN oda_benchmark.acme_expense_payment ep ON ca.claim_amount_identifier = ep.claim_amount_identifier
  LEFT JOIN oda_benchmark.acme_expense_reserve er ON ca.claim_amount_identifier = er.claim_amount_identifier
  GROUP BY ca.claim_identifier
)
SELECT p.policy_number,
       AVG(cl.full_loss) AS avg_loss
FROM oda_benchmark.acme_claim c
JOIN claim_loss cl ON c.claim_identifier = cl.claim_identifier
JOIN oda_benchmark.acme_claim_coverage cc ON c.claim_identifier = cc.claim_identifier
JOIN oda_benchmark.acme_policy_coverage_detail pcd ON cc.policy_coverage_detail_identifier = pcd.policy_coverage_detail_identifier
JOIN oda_benchmark.acme_policy p ON pcd.policy_identifier = p.policy_identifier
GROUP BY p.policy_number
ORDER BY avg_loss DESC"
2,Q36,36,HQHS,aggregate,0,"What is the total loss of each policy by policy number where total loss is the sum of loss payment, loss reserve, expense payment, expense reserve amounts?",1,1,1,1.0,1,1,1.0,1.0,"SELECT p.policy_number,
       SUM(
         CASE
           WHEN lp.claim_amount_identifier IS NOT NULL
             OR lr.claim_amount_identifier IS NOT NULL
             OR ep.claim_amount_identifier IS NOT NULL
             OR er.claim_amount_identifier IS NOT NULL
           THEN ca.claim_amount
           ELSE 0
         END
       ) AS total_loss
FROM oda_benchmark.acme_claim c
JOIN oda_benchmark.acme_claim_amount ca
  ON c.claim_identifier = ca.claim_identifier
LEFT JOIN oda_benchmark.acme_loss_payment lp
  ON ca.claim_amount_identifier = lp.claim_amount_identifier
LEFT JOIN oda_benchmark.acme_loss_reserve lr
  ON ca.claim_amount_identifier = lr.claim_amount_identifier
LEFT JOIN oda_benchmark.acme_expense_payment ep
  ON ca.claim_amount_identifier = ep.claim_amount_identifier
LEFT JOIN oda_benchmark.acme_expense_reserve er
  ON ca.claim_amount_identifier = er.claim_amount_identifier
JOIN oda_benchmark.acme_claim_coverage cc
  ON c.claim_identifier = cc.claim_identifier
JOIN oda_benchmark.acme_policy_coverage_detail pcd
  ON cc.policy_coverage_detail_identifier = pcd.policy_coverage_detail_identifier
JOIN oda_benchmark.acme_policy p
  ON pcd.policy_identifier = p.policy_identifier
GROUP BY p.policy_number
ORDER BY total_loss DESC","SELECT p.policy_number,
       COALESCE(SUM(CASE WHEN lp.claim_amount_identifier IS NOT NULL THEN ca.claim_amount END), 0) +
       COALESCE(SUM(CASE WHEN lr.claim_amount_identifier IS NOT NULL THEN ca.claim_amount END), 0) +
       COALESCE(SUM(CASE WHEN ep.claim_amount_identifier IS NOT NULL THEN ca.claim_amount END), 0) +
       COALESCE(SUM(CASE WHEN er.claim_amount_identifier IS NOT NULL THEN ca.claim_amount END), 0) AS total_loss
FROM oda_benchmark.acme_claim c
JOIN oda_benchmark.acme_claim_amount ca ON c.claim_identifier = ca.claim_identifier
LEFT JOIN oda_benchmark.acme_loss_payment lp ON ca.claim_amount_identifier = lp.claim_amount_identifier
LEFT JOIN oda_benchmark.acme_loss_reserve lr ON ca.claim_amount_identifier = lr.claim_amount_identifier
LEFT JOIN oda_benchmark.acme_expense_payment ep ON ca.claim_amount_identifier = ep.claim_amount_identifier
LEFT JOIN oda_benchmark.acme_expense_reserve er ON ca.claim_amount_identifier = er.claim_amount_identifier
JOIN oda_benchmark.acme_claim_coverage cc ON c.claim_identifier = cc.claim_identifier
JOIN oda_benchmark.acme_policy_coverage_detail pcd ON cc.policy_coverage_detail_identifier = pcd.policy_coverage_detail_identifier
JOIN oda_benchmark.acme_policy p ON pcd.policy_identifier = p.policy_identifier
GROUP BY p.policy_number
ORDER BY total_loss DESC"
2,Q37,37,HQHS,aggregate,0,"What are the total loss, which is the sum of loss payment, loss reserve, expense payment, expense reserve amount by claim number and corresponding policy number, policy holder and premium amount paid?",1,1,1,0.0,0,0,0.8,0.6,"SELECT
  c.company_claim_number,
  p.policy_number,
  apr.party_identifier AS policyholder_id,
  SUM(ca.claim_amount) AS total_loss,
  SUM(pa.policy_amount) AS total_premium
FROM oda_benchmark.acme_claim c
JOIN oda_benchmark.acme_claim_amount ca
  ON c.claim_identifier = ca.claim_identifier
LEFT JOIN oda_benchmark.acme_loss_payment lp
  ON ca.claim_amount_identifier = lp.claim_amount_identifier
LEFT JOIN oda_benchmark.acme_loss_reserve lr
  ON ca.claim_amount_identifier = lr.claim_amount_identifier
LEFT JOIN oda_benchmark.acme_expense_payment ep
  ON ca.claim_amount_identifier = ep.claim_amount_identifier
LEFT JOIN oda_benchmark.acme_expense_reserve er
  ON ca.claim_amount_identifier = er.claim_amount_identifier
JOIN oda_benchmark.acme_claim_coverage cc
  ON c.claim_identifier = cc.claim_identifier
JOIN oda_benchmark.acme_policy_coverage_detail pcd
  ON cc.policy_coverage_detail_identifier = pcd.policy_coverage_detail_identifier
JOIN oda_benchmark.acme_policy p
  ON pcd.policy_identifier = p.policy_identifier
JOIN oda_benchmark.acme_agreement_party_role apr
  ON p.policy_identifier = apr.agreement_identifier
  AND apr.party_role_code = 'PH'
LEFT JOIN oda_benchmark.acme_policy_amount pa
  ON p.policy_identifier = pa.policy_identifier
LEFT JOIN oda_benchmark.acme_premium pr
  ON pa.policy_amount_identifier = pr.policy_amount_identifier
WHERE lp.claim_amount_identifier IS NOT NULL
   OR lr.claim_amount_identifier IS NOT NULL
   OR ep.claim_amount_identifier IS NOT NULL
   OR er.claim_amount_identifier IS NOT NULL
GROUP BY
  c.company_claim_number,
  p.policy_number,
  apr.party_identifier
ORDER BY total_loss DESC;","SELECT c.company_claim_number,
       p.policy_number,
       apr.party_identifier AS policyholder_id,
       SUM(DISTINCT pa.policy_amount) AS premium_amount,
       COALESCE(SUM(CASE WHEN lp.claim_amount_identifier IS NOT NULL THEN ca.claim_amount END), 0) +
       COALESCE(SUM(CASE WHEN lr.claim_amount_identifier IS NOT NULL THEN ca.claim_amount END), 0) +
       COALESCE(SUM(CASE WHEN ep.claim_amount_identifier IS NOT NULL THEN ca.claim_amount END), 0) +
       COALESCE(SUM(CASE WHEN er.claim_amount_identifier IS NOT NULL THEN ca.claim_amount END), 0) AS total_loss
FROM oda_benchmark.acme_claim c
JOIN oda_benchmark.acme_claim_amount ca ON c.claim_identifier = ca.claim_identifier
LEFT JOIN oda_benchmark.acme_loss_payment lp ON ca.claim_amount_identifier = lp.claim_amount_identifier
LEFT JOIN oda_benchmark.acme_loss_reserve lr ON ca.claim_amount_identifier = lr.claim_amount_identifier
LEFT JOIN oda_benchmark.acme_expense_payment ep ON ca.claim_amount_identifier = ep.claim_amount_identifier
LEFT JOIN oda_benchmark.acme_expense_reserve er ON ca.claim_amount_identifier = er.claim_amount_identifier
JOIN oda_benchmark.acme_claim_coverage cc ON c.claim_identifier = cc.claim_identifier
JOIN oda_benchmark.acme_policy_coverage_detail pcd ON cc.policy_coverage_detail_identifier = pcd.policy_coverage_detail_identifier
JOIN oda_benchmark.acme_policy p ON pcd.policy_identifier = p.policy_identifier
JOIN oda_benchmark.acme_agreement_party_role apr ON p.policy_identifier = apr.agreement_identifier
JOIN oda_benchmark.acme_policy_amount pa ON p.policy_identifier = pa.policy_identifier
JOIN oda_benchmark.acme_premium pr ON pa.policy_amount_identifier = pr.policy_amount_identifier
WHERE apr.party_role_code = 'PH'
GROUP BY c.company_claim_number, p.policy_number, apr.party_identifier
ORDER BY c.company_claim_number ASC"
2,Q38,38,HQHS,aggregate,0,"What are the total loss, which is the sum of loss payment, loss reserve, expense payment, expense reserve amount by catastrophe and policy number?",1,1,1,1.0,1,1,1.0,1.0,"SELECT 
  cat.catastrophe_name,
  p.policy_number,
  SUM(ca.claim_amount) AS total_loss
FROM oda_benchmark.acme_claim c
JOIN oda_benchmark.acme_catastrophe cat 
  ON c.catastrophe_identifier = cat.catastrophe_identifier
JOIN oda_benchmark.acme_claim_amount ca 
  ON c.claim_identifier = ca.claim_identifier
LEFT JOIN oda_benchmark.acme_loss_payment lp 
  ON ca.claim_amount_identifier = lp.claim_amount_identifier
LEFT JOIN oda_benchmark.acme_loss_reserve lr 
  ON ca.claim_amount_identifier = lr.claim_amount_identifier
LEFT JOIN oda_benchmark.acme_expense_payment ep 
  ON ca.claim_amount_identifier = ep.claim_amount_identifier
LEFT JOIN oda_benchmark.acme_expense_reserve er 
  ON ca.claim_amount_identifier = er.claim_amount_identifier
JOIN oda_benchmark.acme_claim_coverage cc 
  ON c.claim_identifier = cc.claim_identifier
JOIN oda_benchmark.acme_policy_coverage_detail pcd 
  ON cc.policy_coverage_detail_identifier = pcd.policy_coverage_detail_identifier
JOIN oda_benchmark.acme_policy p 
  ON pcd.policy_identifier = p.policy_identifier
WHERE lp.claim_amount_identifier IS NOT NULL
   OR lr.claim_amount_identifier IS NOT NULL
   OR ep.claim_amount_identifier IS NOT NULL
   OR er.claim_amount_identifier IS NOT NULL
GROUP BY cat.catastrophe_name, p.policy_number
ORDER BY cat.catastrophe_name, p.policy_number;","SELECT cat.catastrophe_name,
       p.policy_number,
       COALESCE(SUM(CASE WHEN lp.claim_amount_identifier IS NOT NULL THEN ca.claim_amount END), 0) +
       COALESCE(SUM(CASE WHEN lr.claim_amount_identifier IS NOT NULL THEN ca.claim_amount END), 0) +
       COALESCE(SUM(CASE WHEN ep.claim_amount_identifier IS NOT NULL THEN ca.claim_amount END), 0) +
       COALESCE(SUM(CASE WHEN er.claim_amount_identifier IS NOT NULL THEN ca.claim_amount END), 0) AS total_loss
FROM oda_benchmark.acme_claim c
LEFT JOIN oda_benchmark.acme_catastrophe cat ON c.catastrophe_identifier = cat.catastrophe_identifier
JOIN oda_benchmark.acme_claim_amount ca ON c.claim_identifier = ca.claim_identifier
LEFT JOIN oda_benchmark.acme_loss_payment lp ON ca.claim_amount_identifier = lp.claim_amount_identifier
LEFT JOIN oda_benchmark.acme_loss_reserve lr ON ca.claim_amount_identifier = lr.claim_amount_identifier
LEFT JOIN oda_benchmark.acme_expense_payment ep ON ca.claim_amount_identifier = ep.claim_amount_identifier
LEFT JOIN oda_benchmark.acme_expense_reserve er ON ca.claim_amount_identifier = er.claim_amount_identifier
JOIN oda_benchmark.acme_claim_coverage cc ON c.claim_identifier = cc.claim_identifier
JOIN oda_benchmark.acme_policy_coverage_detail pcd ON cc.policy_coverage_detail_identifier = pcd.policy_coverage_detail_identifier
JOIN oda_benchmark.acme_policy p ON pcd.policy_identifier = p.policy_identifier
GROUP BY cat.catastrophe_name, p.policy_number
ORDER BY total_loss DESC"
2,Q39,39,HQHS,aggregate,0,"What are the total loss, which is the sum of loss payment, loss reserve, expense payment, expense reserve amount by claim number, catastrophe and corresponding policy number?",1,1,1,1.0,1,1,1.0,1.0,"SELECT c.company_claim_number,
       cat.catastrophe_name,
       p.policy_number,
       SUM(ca.claim_amount) AS total_loss
FROM oda_benchmark.acme_claim c
LEFT JOIN oda_benchmark.acme_catastrophe cat
  ON c.catastrophe_identifier = cat.catastrophe_identifier
JOIN oda_benchmark.acme_claim_coverage cc
  ON c.claim_identifier = cc.claim_identifier
JOIN oda_benchmark.acme_policy_coverage_detail pcd
  ON cc.policy_coverage_detail_identifier = pcd.policy_coverage_detail_identifier
JOIN oda_benchmark.acme_policy p
  ON pcd.policy_identifier = p.policy_identifier
JOIN oda_benchmark.acme_claim_amount ca
  ON c.claim_identifier = ca.claim_identifier
LEFT JOIN oda_benchmark.acme_loss_payment lp
  ON ca.claim_amount_identifier = lp.claim_amount_identifier
LEFT JOIN oda_benchmark.acme_loss_reserve lr
  ON ca.claim_amount_identifier = lr.claim_amount_identifier
LEFT JOIN oda_benchmark.acme_expense_payment ep
  ON ca.claim_amount_identifier = ep.claim_amount_identifier
LEFT JOIN oda_benchmark.acme_expense_reserve er
  ON ca.claim_amount_identifier = er.claim_amount_identifier
WHERE lp.claim_amount_identifier IS NOT NULL
   OR lr.claim_amount_identifier IS NOT NULL
   OR ep.claim_amount_identifier IS NOT NULL
   OR er.claim_amount_identifier IS NOT NULL
GROUP BY c.company_claim_number, cat.catastrophe_name, p.policy_number
ORDER BY total_loss DESC","SELECT c.company_claim_number,
       cat.catastrophe_name,
       p.policy_number,
       COALESCE(SUM(CASE WHEN lp.claim_amount_identifier IS NOT NULL THEN ca.claim_amount END), 0) +
       COALESCE(SUM(CASE WHEN lr.claim_amount_identifier IS NOT NULL THEN ca.claim_amount END), 0) +
       COALESCE(SUM(CASE WHEN ep.claim_amount_identifier IS NOT NULL THEN ca.claim_amount END), 0) +
       COALESCE(SUM(CASE WHEN er.claim_amount_identifier IS NOT NULL THEN ca.claim_amount END), 0) AS total_loss
FROM oda_benchmark.acme_claim c
LEFT JOIN oda_benchmark.acme_catastrophe cat ON c.catastrophe_identifier = cat.catastrophe_identifier
JOIN oda_benchmark.acme_claim_amount ca ON c.claim_identifier = ca.claim_identifier
LEFT JOIN oda_benchmark.acme_loss_payment lp ON ca.claim_amount_identifier = lp.claim_amount_identifier
LEFT JOIN oda_benchmark.acme_loss_reserve lr ON ca.claim_amount_identifier = lr.claim_amount_identifier
LEFT JOIN oda_benchmark.acme_expense_payment ep ON ca.claim_amount_identifier = ep.claim_amount_identifier
LEFT JOIN oda_benchmark.acme_expense_reserve er ON ca.claim_amount_identifier = er.claim_amount_identifier
JOIN oda_benchmark.acme_claim_coverage cc ON c.claim_identifier = cc.claim_identifier
JOIN oda_benchmark.acme_policy_coverage_detail pcd ON cc.policy_coverage_detail_identifier = pcd.policy_coverage_detail_identifier
JOIN oda_benchmark.acme_policy p ON pcd.policy_identifier = p.policy_identifier
GROUP BY c.company_claim_number, cat.catastrophe_name, p.policy_number
ORDER BY c.company_claim_number ASC"
2,Q40,40,HQHS,aggregate,0,"What is the total loss of each policy that an agent has sold by agent id where total loss is the sum of loss payment, loss reserve, expense payment, expense reserve amounts?",1,1,1,0.0,0,0,0.6667,0.6667,"SELECT apr.party_identifier,
       p.policy_number,
       SUM(ca.claim_amount) AS total_loss
FROM oda_benchmark.acme_agreement_party_role apr
JOIN oda_benchmark.acme_policy p
  ON apr.agreement_identifier = p.policy_identifier
JOIN oda_benchmark.acme_policy_coverage_detail pcd
  ON p.policy_identifier = pcd.policy_identifier
JOIN oda_benchmark.acme_claim_coverage cc
  ON pcd.policy_coverage_detail_identifier = cc.policy_coverage_detail_identifier
JOIN oda_benchmark.acme_claim c
  ON cc.claim_identifier = c.claim_identifier
JOIN oda_benchmark.acme_claim_amount ca
  ON c.claim_identifier = ca.claim_identifier
LEFT JOIN oda_benchmark.acme_loss_payment lp
  ON ca.claim_amount_identifier = lp.claim_amount_identifier
LEFT JOIN oda_benchmark.acme_loss_reserve lr
  ON ca.claim_amount_identifier = lr.claim_amount_identifier
LEFT JOIN oda_benchmark.acme_expense_payment ep
  ON ca.claim_amount_identifier = ep.claim_amount_identifier
LEFT JOIN oda_benchmark.acme_expense_reserve er
  ON ca.claim_amount_identifier = er.claim_amount_identifier
WHERE apr.party_role_code = 'AG'
  AND (
    lp.claim_amount_identifier IS NOT NULL OR
    lr.claim_amount_identifier IS NOT NULL OR
    ep.claim_amount_identifier IS NOT NULL OR
    er.claim_amount_identifier IS NOT NULL
  )
GROUP BY apr.party_identifier, p.policy_number
ORDER BY apr.party_identifier, p.policy_number;","SELECT apr.party_identifier AS agent_id,
       p.policy_number,
       COALESCE(SUM(CASE WHEN lp.claim_amount_identifier IS NOT NULL THEN ca.claim_amount END), 0) +
       COALESCE(SUM(CASE WHEN lr.claim_amount_identifier IS NOT NULL THEN ca.claim_amount END), 0) +
       COALESCE(SUM(CASE WHEN ep.claim_amount_identifier IS NOT NULL THEN ca.claim_amount END), 0) +
       COALESCE(SUM(CASE WHEN er.claim_amount_identifier IS NOT NULL THEN ca.claim_amount END), 0) AS total_loss
FROM oda_benchmark.acme_claim c
JOIN oda_benchmark.acme_claim_amount ca ON c.claim_identifier = ca.claim_identifier
LEFT JOIN oda_benchmark.acme_loss_payment lp ON ca.claim_amount_identifier = lp.claim_amount_identifier
LEFT JOIN oda_benchmark.acme_loss_reserve lr ON ca.claim_amount_identifier = lr.claim_amount_identifier
LEFT JOIN oda_benchmark.acme_expense_payment ep ON ca.claim_amount_identifier = ep.claim_amount_identifier
LEFT JOIN oda_benchmark.acme_expense_reserve er ON ca.claim_amount_identifier = er.claim_amount_identifier
JOIN oda_benchmark.acme_claim_coverage cc ON c.claim_identifier = cc.claim_identifier
JOIN oda_benchmark.acme_policy_coverage_detail pcd ON cc.policy_coverage_detail_identifier = pcd.policy_coverage_detail_identifier
JOIN oda_benchmark.acme_policy p ON pcd.policy_identifier = p.policy_identifier
JOIN oda_benchmark.acme_agreement_party_role apr ON p.policy_identifier = apr.agreement_identifier
WHERE apr.party_role_code = 'AG'
GROUP BY apr.party_identifier, p.policy_number
ORDER BY apr.party_identifier ASC"
2,Q41,41,HQHS,aggregate,0,What is the loss ratio of each policy and agent who sold it by policy number and agent id?,1,1,1,0.0,0,0,1.0,0.4444,"SELECT
  p.policy_number,
  apr.party_identifier AS agent_id,
  COALESCE(SUM(CASE WHEN lp.claim_amount_identifier IS NOT NULL OR lr.claim_amount_identifier IS NOT NULL THEN ca.claim_amount END), 0) /
  NULLIF(SUM(DISTINCT pa.policy_amount), 0) AS loss_ratio
FROM oda_benchmark.acme_policy p
JOIN oda_benchmark.acme_agreement_party_role apr
  ON p.policy_identifier = apr.agreement_identifier
  AND apr.party_role_code = 'AG'
LEFT JOIN oda_benchmark.acme_policy_coverage_detail pcd
  ON p.policy_identifier = pcd.policy_identifier
LEFT JOIN oda_benchmark.acme_claim_coverage cc
  ON pcd.policy_coverage_detail_identifier = cc.policy_coverage_detail_identifier
LEFT JOIN oda_benchmark.acme_claim c
  ON cc.claim_identifier = c.claim_identifier
LEFT JOIN oda_benchmark.acme_claim_amount ca
  ON c.claim_identifier = ca.claim_identifier
LEFT JOIN oda_benchmark.acme_loss_payment lp
  ON ca.claim_amount_identifier = lp.claim_amount_identifier
LEFT JOIN oda_benchmark.acme_loss_reserve lr
  ON ca.claim_amount_identifier = lr.claim_amount_identifier
LEFT JOIN oda_benchmark.acme_policy_amount pa
  ON p.policy_identifier = pa.policy_identifier
LEFT JOIN oda_benchmark.acme_premium pr
  ON pa.policy_amount_identifier = pr.policy_amount_identifier
GROUP BY p.policy_number, apr.party_identifier
ORDER BY loss_ratio DESC","SELECT p.policy_number,
       apr.party_identifier AS agent_id,
       (COALESCE(SUM(CASE WHEN lp.claim_amount_identifier IS NOT NULL THEN ca.claim_amount END), 0) +
        COALESCE(SUM(CASE WHEN lr.claim_amount_identifier IS NOT NULL THEN ca.claim_amount END), 0) +
        COALESCE(SUM(CASE WHEN ep.claim_amount_identifier IS NOT NULL THEN ca.claim_amount END), 0) +
        COALESCE(SUM(CASE WHEN er.claim_amount_identifier IS NOT NULL THEN ca.claim_amount END), 0)) /
       NULLIF(SUM(DISTINCT pa.policy_amount), 0) AS loss_ratio
FROM oda_benchmark.acme_claim c
JOIN oda_benchmark.acme_claim_amount ca ON c.claim_identifier = ca.claim_identifier
LEFT JOIN oda_benchmark.acme_loss_payment lp ON ca.claim_amount_identifier = lp.claim_amount_identifier
LEFT JOIN oda_benchmark.acme_loss_reserve lr ON ca.claim_amount_identifier = lr.claim_amount_identifier
LEFT JOIN oda_benchmark.acme_expense_payment ep ON ca.claim_amount_identifier = ep.claim_amount_identifier
LEFT JOIN oda_benchmark.acme_expense_reserve er ON ca.claim_amount_identifier = er.claim_amount_identifier
JOIN oda_benchmark.acme_claim_coverage cc ON c.claim_identifier = cc.claim_identifier
JOIN oda_benchmark.acme_policy_coverage_detail pcd ON cc.policy_coverage_detail_identifier = pcd.policy_coverage_detail_identifier
JOIN oda_benchmark.acme_policy p ON pcd.policy_identifier = p.policy_identifier
JOIN oda_benchmark.acme_agreement_party_role apr ON p.policy_identifier = apr.agreement_identifier
JOIN oda_benchmark.acme_policy_amount pa ON p.policy_identifier = pa.policy_identifier
JOIN oda_benchmark.acme_premium pr ON pa.policy_amount_identifier = pr.policy_amount_identifier
WHERE apr.party_role_code = 'AG'
GROUP BY p.policy_number, apr.party_identifier
ORDER BY p.policy_number ASC"
2,Q44,44,HQHS,aggregate,0,"What is the average loss of each policy by policy number and number of claims where loss is the sum of loss payment, loss reserve, expense payment, expense reserve amounts?",1,1,1,0.0,0,0,0.6667,0.6667,"SELECT p.policy_number,
       COUNT(DISTINCT c.claim_identifier) AS claim_count,
       SUM(ca.claim_amount) / COUNT(DISTINCT c.claim_identifier) AS avg_loss
FROM oda_benchmark.acme_policy p
JOIN oda_benchmark.acme_policy_coverage_detail pcd
  ON p.policy_identifier = pcd.policy_identifier
JOIN oda_benchmark.acme_claim_coverage cc
  ON pcd.policy_coverage_detail_identifier = cc.policy_coverage_detail_identifier
JOIN oda_benchmark.acme_claim c
  ON cc.claim_identifier = c.claim_identifier
JOIN oda_benchmark.acme_claim_amount ca
  ON c.claim_identifier = ca.claim_identifier
LEFT JOIN oda_benchmark.acme_loss_payment lp
  ON ca.claim_amount_identifier = lp.claim_amount_identifier
LEFT JOIN oda_benchmark.acme_loss_reserve lr
  ON ca.claim_amount_identifier = lr.claim_amount_identifier
LEFT JOIN oda_benchmark.acme_expense_payment ep
  ON ca.claim_amount_identifier = ep.claim_amount_identifier
LEFT JOIN oda_benchmark.acme_expense_reserve er
  ON ca.claim_amount_identifier = er.claim_amount_identifier
WHERE lp.claim_amount_identifier IS NOT NULL
   OR lr.claim_amount_identifier IS NOT NULL
   OR ep.claim_amount_identifier IS NOT NULL
   OR er.claim_amount_identifier IS NOT NULL
GROUP BY p.policy_number
ORDER BY avg_loss DESC;","WITH claim_loss AS (
  SELECT ca.claim_identifier,
         COALESCE(SUM(CASE WHEN lp.claim_amount_identifier IS NOT NULL THEN ca.claim_amount END), 0) +
         COALESCE(SUM(CASE WHEN lr.claim_amount_identifier IS NOT NULL THEN ca.claim_amount END), 0) +
         COALESCE(SUM(CASE WHEN ep.claim_amount_identifier IS NOT NULL THEN ca.claim_amount END), 0) +
         COALESCE(SUM(CASE WHEN er.claim_amount_identifier IS NOT NULL THEN ca.claim_amount END), 0) AS full_loss
  FROM oda_benchmark.acme_claim_amount ca
  LEFT JOIN oda_benchmark.acme_loss_payment lp ON ca.claim_amount_identifier = lp.claim_amount_identifier
  LEFT JOIN oda_benchmark.acme_loss_reserve lr ON ca.claim_amount_identifier = lr.claim_amount_identifier
  LEFT JOIN oda_benchmark.acme_expense_payment ep ON ca.claim_amount_identifier = ep.claim_amount_identifier
  LEFT JOIN oda_benchmark.acme_expense_reserve er ON ca.claim_amount_identifier = er.claim_amount_identifier
  GROUP BY ca.claim_identifier
)
SELECT p.policy_number,
       COUNT(DISTINCT c.claim_identifier) AS number_of_claims,
       AVG(cl.full_loss) AS avg_loss
FROM oda_benchmark.acme_claim c
JOIN claim_loss cl ON c.claim_identifier = cl.claim_identifier
JOIN oda_benchmark.acme_claim_coverage cc ON c.claim_identifier = cc.claim_identifier
JOIN oda_benchmark.acme_policy_coverage_detail pcd ON cc.policy_coverage_detail_identifier = pcd.policy_coverage_detail_identifier
JOIN oda_benchmark.acme_policy p ON pcd.policy_identifier = p.policy_identifier
GROUP BY p.policy_number
ORDER BY p.policy_number ASC"
2,Q43,43,HQHS,aggregate,0,"What is the loss ratio, number of claims, total loss by policy number and premium where total loss is the sum of loss payment, loss reserve, expense payment, expense reserve amount and loss ratio is total loss divided by premium?",1,1,1,0.0,0,0,0.8,0.6,"SELECT p.policy_number,
       COUNT(DISTINCT c.claim_identifier) AS number_of_claims,
       SUM(ca.claim_amount) AS total_loss,
       SUM(prm.policy_amount) AS total_premium,
       CASE 
           WHEN SUM(prm.policy_amount) <> 0 THEN SUM(ca.claim_amount) / SUM(prm.policy_amount)
           ELSE NULL
       END AS loss_ratio
FROM oda_benchmark.acme_policy p
JOIN oda_benchmark.acme_policy_coverage_detail pcd
  ON p.policy_identifier = pcd.policy_identifier
JOIN oda_benchmark.acme_claim_coverage cc
  ON pcd.policy_coverage_detail_identifier = cc.policy_coverage_detail_identifier
JOIN oda_benchmark.acme_claim c
  ON cc.claim_identifier = c.claim_identifier
JOIN oda_benchmark.acme_claim_amount ca
  ON c.claim_identifier = ca.claim_identifier
LEFT JOIN oda_benchmark.acme_loss_payment lp
  ON ca.claim_amount_identifier = lp.claim_amount_identifier
LEFT JOIN oda_benchmark.acme_loss_reserve lr
  ON ca.claim_amount_identifier = lr.claim_amount_identifier
LEFT JOIN oda_benchmark.acme_expense_payment ep
  ON ca.claim_amount_identifier = ep.claim_amount_identifier
LEFT JOIN oda_benchmark.acme_expense_reserve er
  ON ca.claim_amount_identifier = er.claim_amount_identifier
JOIN oda_benchmark.acme_policy_amount pa
  ON p.policy_identifier = pa.policy_identifier
JOIN oda_benchmark.acme_premium prm_link
  ON pa.policy_amount_identifier = prm_link.policy_amount_identifier
JOIN oda_benchmark.acme_policy_amount prm
  ON prm.policy_amount_identifier = prm_link.policy_amount_identifier
WHERE lp.claim_amount_identifier IS NOT NULL
   OR lr.claim_amount_identifier IS NOT NULL
   OR ep.claim_amount_identifier IS NOT NULL
   OR er.claim_amount_identifier IS NOT NULL
GROUP BY p.policy_number
ORDER BY loss_ratio DESC;","SELECT p.policy_number,
       SUM(DISTINCT pa.policy_amount) AS premium,
       COUNT(DISTINCT c.claim_identifier) AS number_of_claims,
       COALESCE(SUM(CASE WHEN lp.claim_amount_identifier IS NOT NULL THEN ca.claim_amount END), 0) +
       COALESCE(SUM(CASE WHEN lr.claim_amount_identifier IS NOT NULL THEN ca.claim_amount END), 0) +
       COALESCE(SUM(CASE WHEN ep.claim_amount_identifier IS NOT NULL THEN ca.claim_amount END), 0) +
       COALESCE(SUM(CASE WHEN er.claim_amount_identifier IS NOT NULL THEN ca.claim_amount END), 0) AS total_loss,
       (COALESCE(SUM(CASE WHEN lp.claim_amount_identifier IS NOT NULL THEN ca.claim_amount END), 0) +
        COALESCE(SUM(CASE WHEN lr.claim_amount_identifier IS NOT NULL THEN ca.claim_amount END), 0) +
        COALESCE(SUM(CASE WHEN ep.claim_amount_identifier IS NOT NULL THEN ca.claim_amount END), 0) +
        COALESCE(SUM(CASE WHEN er.claim_amount_identifier IS NOT NULL THEN ca.claim_amount END), 0)) /
       NULLIF(SUM(DISTINCT pa.policy_amount), 0) AS loss_ratio
FROM oda_benchmark.acme_claim c
JOIN oda_benchmark.acme_claim_amount ca ON c.claim_identifier = ca.claim_identifier
LEFT JOIN oda_benchmark.acme_loss_payment lp ON ca.claim_amount_identifier = lp.claim_amount_identifier
LEFT JOIN oda_benchmark.acme_loss_reserve lr ON ca.claim_amount_identifier = lr.claim_amount_identifier
LEFT JOIN oda_benchmark.acme_expense_payment ep ON ca.claim_amount_identifier = ep.claim_amount_identifier
LEFT JOIN oda_benchmark.acme_expense_reserve er ON ca.claim_amount_identifier = er.claim_amount_identifier
JOIN oda_benchmark.acme_claim_coverage cc ON c.claim_identifier = cc.claim_identifier
JOIN oda_benchmark.acme_policy_coverage_detail pcd ON cc.policy_coverage_detail_identifier = pcd.policy_coverage_detail_identifier
JOIN oda_benchmark.acme_policy p ON pcd.policy_identifier = p.policy_identifier
JOIN oda_benchmark.acme_policy_amount pa ON p.policy_identifier = pa.policy_identifier
JOIN oda_benchmark.acme_premium pr ON pa.policy_amount_identifier = pr.policy_amount_identifier
GROUP BY p.policy_number
ORDER BY p.policy_number ASC"
3,Q01,1,LQLS,dimension_listing,0,"Return all the claims we have by claim number, open date and close date?",1,1,1,1.0,1,1,1.0,1.0,"SELECT company_claim_number, claim_open_date, claim_close_date
FROM oda_benchmark.acme_claim","SELECT company_claim_number, claim_open_date, claim_close_date
FROM oda_benchmark.acme_claim
ORDER BY company_claim_number ASC"
3,Q02,2,LQLS,dimension_listing,0,"Return all the policies we have by policy number, effective date and expiration date?",1,1,1,1.0,1,1,1.0,1.0,"SELECT policy_number, effective_date, expiration_date  
FROM oda_benchmark.acme_policy","SELECT policy_number, effective_date, expiration_date
FROM oda_benchmark.acme_policy
ORDER BY policy_number ASC"
3,Q03,3,LQLS,dimension_listing,0,Return all the policies and their policy holder by id,1,1,1,0.0,0,0,0.5,0.5,"SELECT p.policy_number, apr.party_identifier
FROM oda_benchmark.acme_policy p
JOIN oda_benchmark.acme_agreement_party_role apr
  ON p.policy_identifier = apr.agreement_identifier
WHERE apr.party_role_code = 'PH';","SELECT p.policy_number, apr.party_identifier AS policyholder_id
FROM oda_benchmark.acme_policy p
JOIN oda_benchmark.acme_agreement_party_role apr
  ON p.policy_identifier = apr.agreement_identifier
WHERE apr.party_role_code = 'PH'
ORDER BY p.policy_number ASC"
3,Q04,4,LQLS,dimension_listing,0,Return all the policies and the agents that sold them by policy number and agent id,1,1,1,1.0,1,1,1.0,1.0,"SELECT p.policy_number, apr.party_identifier AS agent_id
FROM oda_benchmark.acme_policy p
JOIN oda_benchmark.acme_agreement_party_role apr
  ON p.policy_identifier = apr.agreement_identifier
WHERE apr.party_role_code = 'AG'
ORDER BY p.policy_number, agent_id","SELECT p.policy_number, apr.party_identifier AS agent_id
FROM oda_benchmark.acme_policy p
JOIN oda_benchmark.acme_agreement_party_role apr
  ON p.policy_identifier = apr.agreement_identifier
WHERE apr.party_role_code = 'AG'
ORDER BY p.policy_number ASC"
3,Q05,5,LQLS,dimension_listing,0,What are all our policies that have a claim associated to them by policy and claim number?,1,1,1,1.0,1,1,1.0,1.0,"SELECT p.policy_number, c.company_claim_number
FROM oda_benchmark.acme_claim c
JOIN oda_benchmark.acme_claim_coverage cc ON c.claim_identifier = cc.claim_identifier
JOIN oda_benchmark.acme_policy_coverage_detail pcd ON cc.policy_coverage_detail_identifier = pcd.policy_coverage_detail_identifier
JOIN oda_benchmark.acme_policy p ON pcd.policy_identifier = p.policy_identifier;","SELECT DISTINCT p.policy_number, c.company_claim_number
FROM oda_benchmark.acme_claim c
JOIN oda_benchmark.acme_claim_coverage cc
  ON c.claim_identifier = cc.claim_identifier
JOIN oda_benchmark.acme_policy_coverage_detail pcd
  ON cc.policy_coverage_detail_identifier = pcd.policy_coverage_detail_identifier
JOIN oda_benchmark.acme_policy p
  ON pcd.policy_identifier = p.policy_identifier
ORDER BY p.policy_number ASC"
3,Q06,6,LQLS,dimension_listing,0,What are all the premiums that have been paid by policy holders?,1,1,1,0.0,0,0,0.0,0.0,"SELECT apr.party_identifier, p.policy_number, SUM(pa.policy_amount) AS total_premium_paid
FROM oda_benchmark.acme_premium pr
JOIN oda_benchmark.acme_policy_amount pa ON pr.policy_amount_identifier = pa.policy_amount_identifier
JOIN oda_benchmark.acme_policy p ON pa.policy_identifier = p.policy_identifier
JOIN oda_benchmark.acme_agreement_party_role apr ON p.policy_identifier = apr.agreement_identifier
WHERE apr.party_role_code = 'PH'
GROUP BY apr.party_identifier, p.policy_number
ORDER BY total_premium_paid DESC","SELECT apr.party_identifier AS policyholder_id,
       SUM(pa.policy_amount) AS total_premiums_paid
FROM oda_benchmark.acme_agreement_party_role apr
JOIN oda_benchmark.acme_policy p
  ON apr.agreement_identifier = p.policy_identifier
JOIN oda_benchmark.acme_policy_amount pa
  ON p.policy_identifier = pa.policy_identifier
JOIN oda_benchmark.acme_premium pr
  ON pa.policy_amount_identifier = pr.policy_amount_identifier
WHERE apr.party_role_code = 'PH'
GROUP BY apr.party_identifier
ORDER BY total_premiums_paid DESC"
3,Q07,7,LQLS,dimension_listing,0,What is the premium amount of all policies by policy number?,1,1,1,0.0,0,0,0.5,0.5,"SELECT p.policy_number, SUM(pa.policy_amount) AS total_premium_amount
FROM oda_benchmark.acme_policy p
JOIN oda_benchmark.acme_policy_amount pa ON p.policy_identifier = pa.policy_identifier
JOIN oda_benchmark.acme_premium pr ON pa.policy_amount_identifier = pr.policy_amount_identifier
GROUP BY p.policy_number
ORDER BY total_premium_amount DESC;","SELECT p.policy_number,
       SUM(pa.policy_amount) AS premium_amount
FROM oda_benchmark.acme_policy p
JOIN oda_benchmark.acme_policy_amount pa
  ON p.policy_identifier = pa.policy_identifier
JOIN oda_benchmark.acme_premium pr
  ON pa.policy_amount_identifier = pr.policy_amount_identifier
GROUP BY p.policy_number
ORDER BY p.policy_number ASC"
3,Q08,8,LQLS,dimension_listing,0,"What is the premium amount of all policies by policy number, coverage effective date and coverage expiration date",1,1,1,0.0,0,0,0.75,0.75,"SELECT p.policy_number,
       pcd.effective_date AS coverage_effective_date,
       pcd.expiration_date AS coverage_expiration_date,
       SUM(pa.policy_amount) AS total_premium_amount
FROM oda_benchmark.acme_policy p
JOIN oda_benchmark.acme_policy_coverage_detail pcd
  ON p.policy_identifier = pcd.policy_identifier
JOIN oda_benchmark.acme_policy_amount pa
  ON p.policy_identifier = pa.policy_identifier
JOIN oda_benchmark.acme_premium pr
  ON pa.policy_amount_identifier = pr.policy_amount_identifier
GROUP BY p.policy_number, pcd.effective_date, pcd.expiration_date
ORDER BY p.policy_number;","SELECT p.policy_number,
       pcd.effective_date AS coverage_effective_date,
       pcd.expiration_date AS coverage_expiration_date,
       SUM(pa.policy_amount) AS premium_amount
FROM oda_benchmark.acme_policy p
JOIN oda_benchmark.acme_policy_coverage_detail pcd
  ON p.policy_identifier = pcd.policy_identifier
JOIN oda_benchmark.acme_policy_amount pa
  ON p.policy_identifier = pa.policy_identifier
JOIN oda_benchmark.acme_premium pr
  ON pa.policy_amount_identifier = pr.policy_amount_identifier
GROUP BY p.policy_number, pcd.effective_date, pcd.expiration_date
ORDER BY p.policy_number ASC"
3,Q09,9,LQLS,dimension_listing,0,What are the loss payment amount of all claims by claim number?,1,1,1,0.0,0,0,0.5,0.5,"SELECT c.company_claim_number, SUM(ca.claim_amount) AS total_loss_payment
FROM oda_benchmark.acme_claim c
JOIN oda_benchmark.acme_claim_amount ca ON c.claim_identifier = ca.claim_identifier
JOIN oda_benchmark.acme_loss_payment lp ON ca.claim_amount_identifier = lp.claim_amount_identifier
GROUP BY c.company_claim_number
ORDER BY total_loss_payment DESC","SELECT c.company_claim_number,
       SUM(ca.claim_amount) AS loss_payment_amount
FROM oda_benchmark.acme_claim c
JOIN oda_benchmark.acme_claim_amount ca
  ON c.claim_identifier = ca.claim_identifier
JOIN oda_benchmark.acme_loss_payment lp
  ON ca.claim_amount_identifier = lp.claim_amount_identifier
GROUP BY c.company_claim_number
ORDER BY c.company_claim_number ASC"
3,Q10,10,LQLS,dimension_listing,0,What are the loss reserve amount of all claims by claim number?,1,1,1,0.0,0,0,0.5,0.5,"SELECT c.company_claim_number, SUM(ca.claim_amount) AS total_loss_reserve
FROM oda_benchmark.acme_claim c
JOIN oda_benchmark.acme_claim_amount ca ON c.claim_identifier = ca.claim_identifier
JOIN oda_benchmark.acme_loss_reserve lr ON ca.claim_amount_identifier = lr.claim_amount_identifier
GROUP BY c.company_claim_number
ORDER BY total_loss_reserve DESC","SELECT c.company_claim_number,
       SUM(ca.claim_amount) AS loss_reserve_amount
FROM oda_benchmark.acme_claim c
JOIN oda_benchmark.acme_claim_amount ca
  ON c.claim_identifier = ca.claim_identifier
JOIN oda_benchmark.acme_loss_reserve lr
  ON ca.claim_amount_identifier = lr.claim_amount_identifier
GROUP BY c.company_claim_number
ORDER BY c.company_claim_number ASC"
3,Q11,11,LQLS,dimension_listing,0,What are the expense payment amount of all claims by claim number?,1,1,1,0.0,0,0,0.5,0.5,"SELECT c.company_claim_number, SUM(ca.claim_amount) AS total_expense_payment
FROM oda_benchmark.acme_claim c
JOIN oda_benchmark.acme_claim_amount ca ON c.claim_identifier = ca.claim_identifier
JOIN oda_benchmark.acme_expense_payment ep ON ca.claim_amount_identifier = ep.claim_amount_identifier
GROUP BY c.company_claim_number
ORDER BY total_expense_payment DESC","SELECT c.company_claim_number,
       SUM(ca.claim_amount) AS expense_payment_amount
FROM oda_benchmark.acme_claim c
JOIN oda_benchmark.acme_claim_amount ca
  ON c.claim_identifier = ca.claim_identifier
JOIN oda_benchmark.acme_expense_payment ep
  ON ca.claim_amount_identifier = ep.claim_amount_identifier
GROUP BY c.company_claim_number
ORDER BY c.company_claim_number ASC"
3,Q12,12,LQLS,dimension_listing,0,What are the expense reserve amount of all claims by claim number?,1,1,1,0.0,0,0,0.5,0.5,"SELECT c.company_claim_number, SUM(ca.claim_amount) AS total_expense_reserve
FROM oda_benchmark.acme_claim c
JOIN oda_benchmark.acme_claim_amount ca
  ON c.claim_identifier = ca.claim_identifier
JOIN oda_benchmark.acme_expense_reserve er
  ON ca.claim_amount_identifier = er.claim_amount_identifier
GROUP BY c.company_claim_number
ORDER BY total_expense_reserve DESC","SELECT c.company_claim_number,
       SUM(ca.claim_amount) AS expense_reserve_amount
FROM oda_benchmark.acme_claim c
JOIN oda_benchmark.acme_claim_amount ca
  ON c.claim_identifier = ca.claim_identifier
JOIN oda_benchmark.acme_expense_reserve er
  ON ca.claim_amount_identifier = er.claim_amount_identifier
GROUP BY c.company_claim_number
ORDER BY c.company_claim_number ASC"
3,Q13,13,LQHS,dimension_listing,0,"What are the loss payment, loss reserve, expense payment, expense reserve amount by claim number?",1,1,1,1.0,1,1,1.0,1.0,"SELECT c.company_claim_number,
       SUM(CASE WHEN lp.claim_amount_identifier IS NOT NULL THEN ca.claim_amount ELSE 0 END) AS loss_payment_amount,
       SUM(CASE WHEN lr.claim_amount_identifier IS NOT NULL THEN ca.claim_amount ELSE 0 END) AS loss_reserve_amount,
       SUM(CASE WHEN ep.claim_amount_identifier IS NOT NULL THEN ca.claim_amount ELSE 0 END) AS expense_payment_amount,
       SUM(CASE WHEN er.claim_amount_identifier IS NOT NULL THEN ca.claim_amount ELSE 0 END) AS expense_reserve_amount
FROM oda_benchmark.acme_claim c
JOIN oda_benchmark.acme_claim_amount ca
  ON c.claim_identifier = ca.claim_identifier
LEFT JOIN oda_benchmark.acme_loss_payment lp
  ON ca.claim_amount_identifier = lp.claim_amount_identifier
LEFT JOIN oda_benchmark.acme_loss_reserve lr
  ON ca.claim_amount_identifier = lr.claim_amount_identifier
LEFT JOIN oda_benchmark.acme_expense_payment ep
  ON ca.claim_amount_identifier = ep.claim_amount_identifier
LEFT JOIN oda_benchmark.acme_expense_reserve er
  ON ca.claim_amount_identifier = er.claim_amount_identifier
GROUP BY c.company_claim_number
ORDER BY c.company_claim_number;","SELECT c.company_claim_number,
       COALESCE(SUM(CASE WHEN lp.claim_amount_identifier IS NOT NULL THEN ca.claim_amount END), 0) AS loss_payment_amount,
       COALESCE(SUM(CASE WHEN lr.claim_amount_identifier IS NOT NULL THEN ca.claim_amount END), 0) AS loss_reserve_amount,
       COALESCE(SUM(CASE WHEN ep.claim_amount_identifier IS NOT NULL THEN ca.claim_amount END), 0) AS expense_payment_amount,
       COALESCE(SUM(CASE WHEN er.claim_amount_identifier IS NOT NULL THEN ca.claim_amount END), 0) AS expense_reserve_amount
FROM oda_benchmark.acme_claim c
JOIN oda_benchmark.acme_claim_amount ca ON c.claim_identifier = ca.claim_identifier
LEFT JOIN oda_benchmark.acme_loss_payment lp ON ca.claim_amount_identifier = lp.claim_amount_identifier
LEFT JOIN oda_benchmark.acme_loss_reserve lr ON ca.claim_amount_identifier = lr.claim_amount_identifier
LEFT JOIN oda_benchmark.acme_expense_payment ep ON ca.claim_amount_identifier = ep.claim_amount_identifier
LEFT JOIN oda_benchmark.acme_expense_reserve er ON ca.claim_amount_identifier = er.claim_amount_identifier
GROUP BY c.company_claim_number
ORDER BY c.company_claim_number ASC"
3,Q14,14,LQHS,dimension_listing,0,"What are the loss payment, loss reserve, expense payment, expense reserve amount by claim number and corresponding policy number, policy holder and premium amount paid?",1,1,1,0.0,0,0,0.75,0.3125,"SELECT 
  c.company_claim_number,
  p.policy_number,
  apr.party_identifier AS policyholder_identifier,
  SUM(CASE WHEN lp.claim_amount_identifier IS NOT NULL THEN ca.claim_amount ELSE 0 END) AS loss_payment_amount,
  SUM(CASE WHEN lr.claim_amount_identifier IS NOT NULL THEN ca.claim_amount ELSE 0 END) AS loss_reserve_amount,
  SUM(CASE WHEN ep.claim_amount_identifier IS NOT NULL THEN ca.claim_amount ELSE 0 END) AS expense_payment_amount,
  SUM(CASE WHEN er.claim_amount_identifier IS NOT NULL THEN ca.claim_amount ELSE 0 END) AS expense_reserve_amount,
  SUM(pa.policy_amount) AS total_premium_amount
FROM oda_benchmark.acme_claim c
JOIN oda_benchmark.acme_claim_amount ca 
  ON c.claim_identifier = ca.claim_identifier
LEFT JOIN oda_benchmark.acme_loss_payment lp 
  ON ca.claim_amount_identifier = lp.claim_amount_identifier
LEFT JOIN oda_benchmark.acme_loss_reserve lr 
  ON ca.claim_amount_identifier = lr.claim_amount_identifier
LEFT JOIN oda_benchmark.acme_expense_payment ep 
  ON ca.claim_amount_identifier = ep.claim_amount_identifier
LEFT JOIN oda_benchmark.acme_expense_reserve er 
  ON ca.claim_amount_identifier = er.claim_amount_identifier
JOIN oda_benchmark.acme_claim_coverage cc 
  ON c.claim_identifier = cc.claim_identifier
JOIN oda_benchmark.acme_policy_coverage_detail pcd 
  ON cc.policy_coverage_detail_identifier = pcd.policy_coverage_detail_identifier
JOIN oda_benchmark.acme_policy p 
  ON pcd.policy_identifier = p.policy_identifier
LEFT JOIN oda_benchmark.acme_agreement_party_role apr 
  ON p.policy_identifier = apr.agreement_identifier 
  AND apr.party_role_code = 'PH'
LEFT JOIN oda_benchmark.acme_policy_amount pa 
  ON p.policy_identifier = pa.policy_identifier
LEFT JOIN oda_benchmark.acme_premium pr 
  ON pa.policy_amount_identifier = pr.policy_amount_identifier
GROUP BY 
  c.company_claim_number,
  p.policy_number,
  apr.party_identifier
ORDER BY 
  c.company_claim_number;","SELECT c.company_claim_number,
       p.policy_number,
       apr.party_identifier AS policyholder_id,
       SUM(DISTINCT pa.policy_amount) AS premium_amount,
       COALESCE(SUM(CASE WHEN lp.claim_amount_identifier IS NOT NULL THEN ca.claim_amount END), 0) AS loss_payment_amount,
       COALESCE(SUM(CASE WHEN lr.claim_amount_identifier IS NOT NULL THEN ca.claim_amount END), 0) AS loss_reserve_amount,
       COALESCE(SUM(CASE WHEN ep.claim_amount_identifier IS NOT NULL THEN ca.claim_amount END), 0) AS expense_payment_amount,
       COALESCE(SUM(CASE WHEN er.claim_amount_identifier IS NOT NULL THEN ca.claim_amount END), 0) AS expense_reserve_amount
FROM oda_benchmark.acme_claim c
JOIN oda_benchmark.acme_claim_amount ca ON c.claim_identifier = ca.claim_identifier
LEFT JOIN oda_benchmark.acme_loss_payment lp ON ca.claim_amount_identifier = lp.claim_amount_identifier
LEFT JOIN oda_benchmark.acme_loss_reserve lr ON ca.claim_amount_identifier = lr.claim_amount_identifier
LEFT JOIN oda_benchmark.acme_expense_payment ep ON ca.claim_amount_identifier = ep.claim_amount_identifier
LEFT JOIN oda_benchmark.acme_expense_reserve er ON ca.claim_amount_identifier = er.claim_amount_identifier
JOIN oda_benchmark.acme_claim_coverage cc ON c.claim_identifier = cc.claim_identifier
JOIN oda_benchmark.acme_policy_coverage_detail pcd ON cc.policy_coverage_detail_identifier = pcd.policy_coverage_detail_identifier
JOIN oda_benchmark.acme_policy p ON pcd.policy_identifier = p.policy_identifier
JOIN oda_benchmark.acme_agreement_party_role apr ON p.policy_identifier = apr.agreement_identifier
JOIN oda_benchmark.acme_policy_amount pa ON p.policy_identifier = pa.policy_identifier
JOIN oda_benchmark.acme_premium pr ON pa.policy_amount_identifier = pr.policy_amount_identifier
WHERE apr.party_role_code = 'PH'
GROUP BY c.company_claim_number, p.policy_number, apr.party_identifier
ORDER BY c.company_claim_number ASC"
3,Q15,15,LQHS,dimension_listing,0,"What are the loss payment, loss reserve, expense payment, expense reserve amount by claim number and corresponding policy number, policy holder, premium amount paid and the agent who sold it?",1,1,1,0.0,0,0,1.0,0.5,"SELECT 
  c.company_claim_number,
  p.policy_number,
  ph.party_identifier AS policyholder_id,
  ag.party_identifier AS agent_id,
  SUM(CASE WHEN lp.claim_amount_identifier IS NOT NULL THEN ca.claim_amount ELSE 0 END) AS loss_payment_amount,
  SUM(CASE WHEN lr.claim_amount_identifier IS NOT NULL THEN ca.claim_amount ELSE 0 END) AS loss_reserve_amount,
  SUM(CASE WHEN ep.claim_amount_identifier IS NOT NULL THEN ca.claim_amount ELSE 0 END) AS expense_payment_amount,
  SUM(CASE WHEN er.claim_amount_identifier IS NOT NULL THEN ca.claim_amount ELSE 0 END) AS expense_reserve_amount,
  SUM(DISTINCT pa.policy_amount) AS premium_amount
FROM oda_benchmark.acme_claim c
LEFT JOIN oda_benchmark.acme_claim_amount ca 
  ON c.claim_identifier = ca.claim_identifier
LEFT JOIN oda_benchmark.acme_loss_payment lp 
  ON ca.claim_amount_identifier = lp.claim_amount_identifier
LEFT JOIN oda_benchmark.acme_loss_reserve lr 
  ON ca.claim_amount_identifier = lr.claim_amount_identifier
LEFT JOIN oda_benchmark.acme_expense_payment ep 
  ON ca.claim_amount_identifier = ep.claim_amount_identifier
LEFT JOIN oda_benchmark.acme_expense_reserve er 
  ON ca.claim_amount_identifier = er.claim_amount_identifier
LEFT JOIN oda_benchmark.acme_claim_coverage cc 
  ON c.claim_identifier = cc.claim_identifier
LEFT JOIN oda_benchmark.acme_policy_coverage_detail pcd 
  ON cc.policy_coverage_detail_identifier = pcd.policy_coverage_detail_identifier
LEFT JOIN oda_benchmark.acme_policy p 
  ON pcd.policy_identifier = p.policy_identifier
LEFT JOIN oda_benchmark.acme_policy_amount pa 
  ON p.policy_identifier = pa.policy_identifier
LEFT JOIN oda_benchmark.acme_premium pr 
  ON pa.policy_amount_identifier = pr.policy_amount_identifier
LEFT JOIN oda_benchmark.acme_agreement_party_role ph 
  ON p.policy_identifier = ph.agreement_identifier AND ph.party_role_code = 'PH'
LEFT JOIN oda_benchmark.acme_agreement_party_role ag 
  ON p.policy_identifier = ag.agreement_identifier AND ag.party_role_code = 'AG'
GROUP BY 
  c.company_claim_number,
  p.policy_number,
  ph.party_identifier,
  ag.party_identifier
ORDER BY c.company_claim_number;","SELECT c.company_claim_number,
       p.policy_number,
       ph_apr.party_identifier AS policyholder_id,
       ag_apr.party_identifier AS agent_id,
       SUM(DISTINCT pa.policy_amount) AS premium_amount,
       COALESCE(SUM(CASE WHEN lp.claim_amount_identifier IS NOT NULL THEN ca.claim_amount END), 0) AS loss_payment_amount,
       COALESCE(SUM(CASE WHEN lr.claim_amount_identifier IS NOT NULL THEN ca.claim_amount END), 0) AS loss_reserve_amount,
       COALESCE(SUM(CASE WHEN ep.claim_amount_identifier IS NOT NULL THEN ca.claim_amount END), 0) AS expense_payment_amount,
       COALESCE(SUM(CASE WHEN er.claim_amount_identifier IS NOT NULL THEN ca.claim_amount END), 0) AS expense_reserve_amount
FROM oda_benchmark.acme_claim c
JOIN oda_benchmark.acme_claim_amount ca ON c.claim_identifier = ca.claim_identifier
LEFT JOIN oda_benchmark.acme_loss_payment lp ON ca.claim_amount_identifier = lp.claim_amount_identifier
LEFT JOIN oda_benchmark.acme_loss_reserve lr ON ca.claim_amount_identifier = lr.claim_amount_identifier
LEFT JOIN oda_benchmark.acme_expense_payment ep ON ca.claim_amount_identifier = ep.claim_amount_identifier
LEFT JOIN oda_benchmark.acme_expense_reserve er ON ca.claim_amount_identifier = er.claim_amount_identifier
JOIN oda_benchmark.acme_claim_coverage cc ON c.claim_identifier = cc.claim_identifier
JOIN oda_benchmark.acme_policy_coverage_detail pcd ON cc.policy_coverage_detail_identifier = pcd.policy_coverage_detail_identifier
JOIN oda_benchmark.acme_policy p ON pcd.policy_identifier = p.policy_identifier
JOIN oda_benchmark.acme_agreement_party_role ph_apr
  ON p.policy_identifier = ph_apr.agreement_identifier AND ph_apr.party_role_code = 'PH'
JOIN oda_benchmark.acme_agreement_party_role ag_apr
  ON p.policy_identifier = ag_apr.agreement_identifier AND ag_apr.party_role_code = 'AG'
JOIN oda_benchmark.acme_policy_amount pa ON p.policy_identifier = pa.policy_identifier
JOIN oda_benchmark.acme_premium pr ON pa.policy_amount_identifier = pr.policy_amount_identifier
GROUP BY c.company_claim_number, p.policy_number, ph_apr.party_identifier, ag_apr.party_identifier
ORDER BY c.company_claim_number ASC"
3,Q16,16,LQHS,dimension_listing,0,"What are the loss payment, loss reserve, expense payment, expense reserve amount by claim number and corresponding policy number, policy holder, premium amount paid, the catastrophe it had, and the agent who sold it?",1,1,1,0.0,0,0,1.0,0.55,"SELECT
  c.company_claim_number,
  p.policy_number,
  ph.party_identifier AS policyholder_id,
  ag.party_identifier AS agent_id,
  cat.catastrophe_name,
  SUM(CASE WHEN lp.claim_amount_identifier IS NOT NULL THEN ca.claim_amount ELSE 0 END) AS loss_payment_amount,
  SUM(CASE WHEN lr.claim_amount_identifier IS NOT NULL THEN ca.claim_amount ELSE 0 END) AS loss_reserve_amount,
  SUM(CASE WHEN ep.claim_amount_identifier IS NOT NULL THEN ca.claim_amount ELSE 0 END) AS expense_payment_amount,
  SUM(CASE WHEN er.claim_amount_identifier IS NOT NULL THEN ca.claim_amount ELSE 0 END) AS expense_reserve_amount,
  SUM(prm.policy_amount) AS premium_amount
FROM oda_benchmark.acme_claim c
LEFT JOIN oda_benchmark.acme_claim_amount ca
  ON c.claim_identifier = ca.claim_identifier
LEFT JOIN oda_benchmark.acme_loss_payment lp
  ON ca.claim_amount_identifier = lp.claim_amount_identifier
LEFT JOIN oda_benchmark.acme_loss_reserve lr
  ON ca.claim_amount_identifier = lr.claim_amount_identifier
LEFT JOIN oda_benchmark.acme_expense_payment ep
  ON ca.claim_amount_identifier = ep.claim_amount_identifier
LEFT JOIN oda_benchmark.acme_expense_reserve er
  ON ca.claim_amount_identifier = er.claim_amount_identifier
LEFT JOIN oda_benchmark.acme_claim_coverage cc
  ON c.claim_identifier = cc.claim_identifier
LEFT JOIN oda_benchmark.acme_policy_coverage_detail pcd
  ON cc.policy_coverage_detail_identifier = pcd.policy_coverage_detail_identifier
LEFT JOIN oda_benchmark.acme_policy p
  ON pcd.policy_identifier = p.policy_identifier
LEFT JOIN oda_benchmark.acme_agreement_party_role ph
  ON p.policy_identifier = ph.agreement_identifier AND ph.party_role_code = 'PH'
LEFT JOIN oda_benchmark.acme_agreement_party_role ag
  ON p.policy_identifier = ag.agreement_identifier AND ag.party_role_code = 'AG'
LEFT JOIN oda_benchmark.acme_policy_amount prm
  ON p.policy_identifier = prm.policy_identifier
LEFT JOIN oda_benchmark.acme_premium pr
  ON prm.policy_amount_identifier = pr.policy_amount_identifier
LEFT JOIN oda_benchmark.acme_catastrophe cat
  ON c.catastrophe_identifier = cat.catastrophe_identifier
GROUP BY
  c.company_claim_number,
  p.policy_number,
  ph.party_identifier,
  ag.party_identifier,
  cat.catastrophe_name
ORDER BY c.company_claim_number;","SELECT c.company_claim_number,
       p.policy_number,
       ph_apr.party_identifier AS policyholder_id,
       ag_apr.party_identifier AS agent_id,
       cat.catastrophe_name,
       SUM(DISTINCT pa.policy_amount) AS premium_amount,
       COALESCE(SUM(CASE WHEN lp.claim_amount_identifier IS NOT NULL THEN ca.claim_amount END), 0) AS loss_payment_amount,
       COALESCE(SUM(CASE WHEN lr.claim_amount_identifier IS NOT NULL THEN ca.claim_amount END), 0) AS loss_reserve_amount,
       COALESCE(SUM(CASE WHEN ep.claim_amount_identifier IS NOT NULL THEN ca.claim_amount END), 0) AS expense_payment_amount,
       COALESCE(SUM(CASE WHEN er.claim_amount_identifier IS NOT NULL THEN ca.claim_amount END), 0) AS expense_reserve_amount
FROM oda_benchmark.acme_claim c
JOIN oda_benchmark.acme_claim_amount ca ON c.claim_identifier = ca.claim_identifier
LEFT JOIN oda_benchmark.acme_loss_payment lp ON ca.claim_amount_identifier = lp.claim_amount_identifier
LEFT JOIN oda_benchmark.acme_loss_reserve lr ON ca.claim_amount_identifier = lr.claim_amount_identifier
LEFT JOIN oda_benchmark.acme_expense_payment ep ON ca.claim_amount_identifier = ep.claim_amount_identifier
LEFT JOIN oda_benchmark.acme_expense_reserve er ON ca.claim_amount_identifier = er.claim_amount_identifier
LEFT JOIN oda_benchmark.acme_catastrophe cat ON c.catastrophe_identifier = cat.catastrophe_identifier
JOIN oda_benchmark.acme_claim_coverage cc ON c.claim_identifier = cc.claim_identifier
JOIN oda_benchmark.acme_policy_coverage_detail pcd ON cc.policy_coverage_detail_identifier = pcd.policy_coverage_detail_identifier
JOIN oda_benchmark.acme_policy p ON pcd.policy_identifier = p.policy_identifier
JOIN oda_benchmark.acme_agreement_party_role ph_apr
  ON p.policy_identifier = ph_apr.agreement_identifier AND ph_apr.party_role_code = 'PH'
JOIN oda_benchmark.acme_agreement_party_role ag_apr
  ON p.policy_identifier = ag_apr.agreement_identifier AND ag_apr.party_role_code = 'AG'
JOIN oda_benchmark.acme_policy_amount pa ON p.policy_identifier = pa.policy_identifier
JOIN oda_benchmark.acme_premium pr ON pa.policy_amount_identifier = pr.policy_amount_identifier
GROUP BY c.company_claim_number, p.policy_number, ph_apr.party_identifier, ag_apr.party_identifier, cat.catastrophe_name
ORDER BY c.company_claim_number ASC"
3,Q17,17,LQHS,dimension_listing,0,Return policy holders and the claims they have made and the corresponding catastrophe,1,1,1,0.0,0,0,0.5714,0.5714,"SELECT DISTINCT ap.party_name,
       p.policy_number,
       c.company_claim_number,
       cat.catastrophe_name
FROM oda_benchmark.acme_agreement_party_role apr
JOIN oda_benchmark.acme_party ap
  ON apr.party_identifier = ap.party_identifier
JOIN oda_benchmark.acme_policy p
  ON apr.agreement_identifier = p.policy_identifier
JOIN oda_benchmark.acme_policy_coverage_detail pcd
  ON p.policy_identifier = pcd.policy_identifier
JOIN oda_benchmark.acme_claim_coverage cc
  ON pcd.policy_coverage_detail_identifier = cc.policy_coverage_detail_identifier
JOIN oda_benchmark.acme_claim c
  ON cc.claim_identifier = c.claim_identifier
LEFT JOIN oda_benchmark.acme_catastrophe cat
  ON c.catastrophe_identifier = cat.catastrophe_identifier
WHERE apr.party_role_code = 'PH';","SELECT apr.party_identifier AS policyholder_id,
       c.company_claim_number,
       cat.catastrophe_name
FROM oda_benchmark.acme_claim c
LEFT JOIN oda_benchmark.acme_catastrophe cat ON c.catastrophe_identifier = cat.catastrophe_identifier
JOIN oda_benchmark.acme_claim_coverage cc ON c.claim_identifier = cc.claim_identifier
JOIN oda_benchmark.acme_policy_coverage_detail pcd ON cc.policy_coverage_detail_identifier = pcd.policy_coverage_detail_identifier
JOIN oda_benchmark.acme_policy p ON pcd.policy_identifier = p.policy_identifier
JOIN oda_benchmark.acme_agreement_party_role apr ON p.policy_identifier = apr.agreement_identifier
WHERE apr.party_role_code = 'PH'
ORDER BY apr.party_identifier ASC"
3,Q18,18,LQHS,dimension_listing,0,Return agents and the policy they have sold that have had a claim and the corresponding catastrophe it had.,1,1,1,1.0,1,1,1.0,1.0,"SELECT apr.party_identifier AS agent_id,
       p.policy_number,
       c.company_claim_number,
       cat.catastrophe_name
FROM oda_benchmark.acme_agreement_party_role apr
JOIN oda_benchmark.acme_policy p
  ON apr.agreement_identifier = p.policy_identifier
JOIN oda_benchmark.acme_policy_coverage_detail pcd
  ON p.policy_identifier = pcd.policy_identifier
JOIN oda_benchmark.acme_claim_coverage cc
  ON pcd.policy_coverage_detail_identifier = cc.policy_coverage_detail_identifier
JOIN oda_benchmark.acme_claim c
  ON cc.claim_identifier = c.claim_identifier
LEFT JOIN oda_benchmark.acme_catastrophe cat
  ON c.catastrophe_identifier = cat.catastrophe_identifier
WHERE apr.party_role_code = 'AG';","SELECT apr.party_identifier AS agent_id,
       p.policy_number,
       c.company_claim_number,
       cat.catastrophe_name
FROM oda_benchmark.acme_claim c
LEFT JOIN oda_benchmark.acme_catastrophe cat ON c.catastrophe_identifier = cat.catastrophe_identifier
JOIN oda_benchmark.acme_claim_coverage cc ON c.claim_identifier = cc.claim_identifier
JOIN oda_benchmark.acme_policy_coverage_detail pcd ON cc.policy_coverage_detail_identifier = pcd.policy_coverage_detail_identifier
JOIN oda_benchmark.acme_policy p ON pcd.policy_identifier = p.policy_identifier
JOIN oda_benchmark.acme_agreement_party_role apr ON p.policy_identifier = apr.agreement_identifier
WHERE apr.party_role_code = 'AG'
ORDER BY apr.party_identifier ASC"
3,Q19,19,LQHS,dimension_listing,0,"Return agents and the policies they have sold that have had a claim and the corresponding loss payment amount by agent id, policy number and claim number",1,1,1,0.0,0,0,0.75,0.75,"SELECT apr.party_identifier AS agent_id,
       p.policy_number,
       c.company_claim_number,
       SUM(ca.claim_amount) AS total_loss_payment
FROM oda_benchmark.acme_agreement_party_role apr
JOIN oda_benchmark.acme_policy p
  ON apr.agreement_identifier = p.policy_identifier
JOIN oda_benchmark.acme_policy_coverage_detail pcd
  ON p.policy_identifier = pcd.policy_identifier
JOIN oda_benchmark.acme_claim_coverage cc
  ON pcd.policy_coverage_detail_identifier = cc.policy_coverage_detail_identifier
JOIN oda_benchmark.acme_claim c
  ON cc.claim_identifier = c.claim_identifier
JOIN oda_benchmark.acme_claim_amount ca
  ON c.claim_identifier = ca.claim_identifier
JOIN oda_benchmark.acme_loss_payment lp
  ON ca.claim_amount_identifier = lp.claim_amount_identifier
WHERE apr.party_role_code = 'AG'
GROUP BY apr.party_identifier, p.policy_number, c.company_claim_number
ORDER BY apr.party_identifier, p.policy_number, c.company_claim_number;","SELECT apr.party_identifier AS agent_id,
       p.policy_number,
       c.company_claim_number,
       SUM(ca.claim_amount) AS loss_payment_amount
FROM oda_benchmark.acme_claim c
JOIN oda_benchmark.acme_claim_coverage cc ON c.claim_identifier = cc.claim_identifier
JOIN oda_benchmark.acme_policy_coverage_detail pcd ON cc.policy_coverage_detail_identifier = pcd.policy_coverage_detail_identifier
JOIN oda_benchmark.acme_policy p ON pcd.policy_identifier = p.policy_identifier
JOIN oda_benchmark.acme_agreement_party_role apr ON p.policy_identifier = apr.agreement_identifier
JOIN oda_benchmark.acme_claim_amount ca ON c.claim_identifier = ca.claim_identifier
JOIN oda_benchmark.acme_loss_payment lp ON ca.claim_amount_identifier = lp.claim_amount_identifier
WHERE apr.party_role_code = 'AG'
GROUP BY apr.party_identifier, p.policy_number, c.company_claim_number
ORDER BY apr.party_identifier ASC"
3,Q20,20,LQHS,dimension_listing,0,"Return agents and the policy they have sold that have had a claim and the corresponding loss reserve amount by agent id, policy number and claim number",1,1,1,0.0,0,0,0.75,0.75,"SELECT apr.party_identifier AS agent_id,
       p.policy_number,
       c.company_claim_number,
       SUM(ca.claim_amount) AS total_loss_reserve
FROM oda_benchmark.acme_agreement_party_role apr
JOIN oda_benchmark.acme_policy p
  ON apr.agreement_identifier = p.policy_identifier
JOIN oda_benchmark.acme_policy_coverage_detail pcd
  ON p.policy_identifier = pcd.policy_identifier
JOIN oda_benchmark.acme_claim_coverage cc
  ON pcd.policy_coverage_detail_identifier = cc.policy_coverage_detail_identifier
JOIN oda_benchmark.acme_claim c
  ON cc.claim_identifier = c.claim_identifier
JOIN oda_benchmark.acme_claim_amount ca
  ON c.claim_identifier = ca.claim_identifier
JOIN oda_benchmark.acme_loss_reserve lr
  ON ca.claim_amount_identifier = lr.claim_amount_identifier
WHERE apr.party_role_code = 'AG'
GROUP BY apr.party_identifier, p.policy_number, c.company_claim_number
ORDER BY apr.party_identifier, p.policy_number, c.company_claim_number","SELECT apr.party_identifier AS agent_id,
       p.policy_number,
       c.company_claim_number,
       SUM(ca.claim_amount) AS loss_reserve_amount
FROM oda_benchmark.acme_claim c
JOIN oda_benchmark.acme_claim_coverage cc ON c.claim_identifier = cc.claim_identifier
JOIN oda_benchmark.acme_policy_coverage_detail pcd ON cc.policy_coverage_detail_identifier = pcd.policy_coverage_detail_identifier
JOIN oda_benchmark.acme_policy p ON pcd.policy_identifier = p.policy_identifier
JOIN oda_benchmark.acme_agreement_party_role apr ON p.policy_identifier = apr.agreement_identifier
JOIN oda_benchmark.acme_claim_amount ca ON c.claim_identifier = ca.claim_identifier
JOIN oda_benchmark.acme_loss_reserve lr ON ca.claim_amount_identifier = lr.claim_amount_identifier
WHERE apr.party_role_code = 'AG'
GROUP BY apr.party_identifier, p.policy_number, c.company_claim_number
ORDER BY apr.party_identifier ASC"
3,Q21,21,LQHS,dimension_listing,0,"Return agents and the policy they have sold that have had a claim and the corresponding expense payment amount by agent id, policy number and claim number",1,1,1,0.0,0,0,0.75,0.75,"SELECT apr.party_identifier AS agent_id,
       p.policy_number,
       c.company_claim_number,
       SUM(ca.claim_amount) AS total_expense_payment
FROM oda_benchmark.acme_agreement_party_role apr
JOIN oda_benchmark.acme_policy p
  ON apr.agreement_identifier = p.policy_identifier
JOIN oda_benchmark.acme_policy_coverage_detail pcd
  ON p.policy_identifier = pcd.policy_identifier
JOIN oda_benchmark.acme_claim_coverage cc
  ON pcd.policy_coverage_detail_identifier = cc.policy_coverage_detail_identifier
JOIN oda_benchmark.acme_claim c
  ON cc.claim_identifier = c.claim_identifier
JOIN oda_benchmark.acme_claim_amount ca
  ON c.claim_identifier = ca.claim_identifier
JOIN oda_benchmark.acme_expense_payment ep
  ON ca.claim_amount_identifier = ep.claim_amount_identifier
WHERE apr.party_role_code = 'AG'
GROUP BY apr.party_identifier, p.policy_number, c.company_claim_number
ORDER BY apr.party_identifier, p.policy_number, c.company_claim_number;","SELECT apr.party_identifier AS agent_id,
       p.policy_number,
       c.company_claim_number,
       SUM(ca.claim_amount) AS expense_payment_amount
FROM oda_benchmark.acme_claim c
JOIN oda_benchmark.acme_claim_coverage cc ON c.claim_identifier = cc.claim_identifier
JOIN oda_benchmark.acme_policy_coverage_detail pcd ON cc.policy_coverage_detail_identifier = pcd.policy_coverage_detail_identifier
JOIN oda_benchmark.acme_policy p ON pcd.policy_identifier = p.policy_identifier
JOIN oda_benchmark.acme_agreement_party_role apr ON p.policy_identifier = apr.agreement_identifier
JOIN oda_benchmark.acme_claim_amount ca ON c.claim_identifier = ca.claim_identifier
JOIN oda_benchmark.acme_expense_payment ep ON ca.claim_amount_identifier = ep.claim_amount_identifier
WHERE apr.party_role_code = 'AG'
GROUP BY apr.party_identifier, p.policy_number, c.company_claim_number
ORDER BY apr.party_identifier ASC"
3,Q22,22,LQHS,dimension_listing,0,"Return agents and the policy they have sold that have had a claim and the corresponding expense reserve amount by agent id, policy number and claim number",1,1,1,1.0,1,1,1.0,1.0,"SELECT apr.party_identifier AS agent_id,
       p.policy_number,
       c.company_claim_number,
       SUM(ca.claim_amount) AS expense_reserve_amount
FROM oda_benchmark.acme_claim c
JOIN oda_benchmark.acme_claim_coverage cc
  ON c.claim_identifier = cc.claim_identifier
JOIN oda_benchmark.acme_policy_coverage_detail pcd
  ON cc.policy_coverage_detail_identifier = pcd.policy_coverage_detail_identifier
JOIN oda_benchmark.acme_policy p
  ON pcd.policy_identifier = p.policy_identifier
JOIN oda_benchmark.acme_agreement_party_role apr
  ON p.policy_identifier = apr.agreement_identifier
  AND apr.party_role_code = 'AG'
JOIN oda_benchmark.acme_claim_amount ca
  ON c.claim_identifier = ca.claim_identifier
JOIN oda_benchmark.acme_expense_reserve er
  ON ca.claim_amount_identifier = er.claim_amount_identifier
GROUP BY apr.party_identifier, p.policy_number, c.company_claim_number
ORDER BY apr.party_identifier, p.policy_number, c.company_claim_number;","SELECT apr.party_identifier AS agent_id,
       p.policy_number,
       c.company_claim_number,
       SUM(ca.claim_amount) AS expense_reserve_amount
FROM oda_benchmark.acme_claim c
JOIN oda_benchmark.acme_claim_coverage cc ON c.claim_identifier = cc.claim_identifier
JOIN oda_benchmark.acme_policy_coverage_detail pcd ON cc.policy_coverage_detail_identifier = pcd.policy_coverage_detail_identifier
JOIN oda_benchmark.acme_policy p ON pcd.policy_identifier = p.policy_identifier
JOIN oda_benchmark.acme_agreement_party_role apr ON p.policy_identifier = apr.agreement_identifier
JOIN oda_benchmark.acme_claim_amount ca ON c.claim_identifier = ca.claim_identifier
JOIN oda_benchmark.acme_expense_reserve er ON ca.claim_amount_identifier = er.claim_amount_identifier
WHERE apr.party_role_code = 'AG'
GROUP BY apr.party_identifier, p.policy_number, c.company_claim_number
ORDER BY apr.party_identifier ASC"
3,Q23,23,HQLS,aggregate,0,How many claims do we have?,1,1,1,1.0,1,1,1.0,1.0,SELECT COUNT(company_claim_number) AS claim_count FROM oda_benchmark.acme_claim,"SELECT COUNT(company_claim_number) AS claim_count
FROM oda_benchmark.acme_claim"
3,Q24,24,HQLS,aggregate,0,How many policies do we have?,1,1,1,0.0,0,0,0.0,0.0,SELECT COUNT(policy_identifier) AS policy_count FROM oda_benchmark.acme_policy,"SELECT COUNT(*) AS number_of_policies
FROM oda_benchmark.acme_policy"
3,Q25,25,HQLS,aggregate,0,How many claims have been placed by policy number?,1,1,1,1.0,1,1,1.0,1.0,"SELECT p.policy_number, COUNT(DISTINCT c.claim_identifier) AS claim_count
FROM oda_benchmark.acme_claim c
JOIN oda_benchmark.acme_claim_coverage cc ON c.claim_identifier = cc.claim_identifier
JOIN oda_benchmark.acme_policy_coverage_detail pcd ON cc.policy_coverage_detail_identifier = pcd.policy_coverage_detail_identifier
JOIN oda_benchmark.acme_policy p ON pcd.policy_identifier = p.policy_identifier
GROUP BY p.policy_number
ORDER BY claim_count DESC","SELECT p.policy_number, COUNT(c.company_claim_number) AS claim_count
FROM oda_benchmark.acme_claim c
JOIN oda_benchmark.acme_claim_coverage cc ON c.claim_identifier = cc.claim_identifier
JOIN oda_benchmark.acme_policy_coverage_detail pcd ON cc.policy_coverage_detail_identifier = pcd.policy_coverage_detail_identifier
JOIN oda_benchmark.acme_policy p ON pcd.policy_identifier = p.policy_identifier
GROUP BY p.policy_number
ORDER BY claim_count DESC"
3,Q26,26,HQLS,aggregate,0,How many policies have agents sold by agent id?,1,1,1,1.0,1,1,1.0,1.0,"SELECT party_identifier, COUNT(DISTINCT agreement_identifier) AS policy_count
FROM oda_benchmark.acme_agreement_party_role
WHERE party_role_code = 'AG'
GROUP BY party_identifier
ORDER BY policy_count DESC","SELECT party_identifier, COUNT(DISTINCT agreement_identifier) AS policy_count
FROM oda_benchmark.acme_agreement_party_role
WHERE party_role_code = 'AG'
GROUP BY party_identifier
ORDER BY policy_count DESC"
3,Q28,28,HQLS,aggregate,0,What is the total amount of premiums paid by policy number?,1,1,1,1.0,1,1,1.0,1.0,"SELECT p.policy_number, SUM(pa.policy_amount) AS total_policy_amount
FROM oda_benchmark.acme_policy p
JOIN oda_benchmark.acme_policy_amount pa ON p.policy_identifier = pa.policy_identifier
JOIN oda_benchmark.acme_premium pr ON pa.policy_amount_identifier = pr.policy_amount_identifier
GROUP BY p.policy_number
ORDER BY total_policy_amount DESC","SELECT p.policy_number, SUM(pa.policy_amount) AS total_policy_amount
FROM oda_benchmark.acme_policy p
JOIN oda_benchmark.acme_policy_amount pa ON p.policy_identifier = pa.policy_identifier
JOIN oda_benchmark.acme_premium pr ON pa.policy_amount_identifier = pr.policy_amount_identifier
GROUP BY p.policy_number
ORDER BY total_policy_amount DESC"
3,Q32,32,HQLS,aggregate,0,What is the average time to settle a claim by policy number?,1,1,1,0.0,0,0,0.5,0.5,"SELECT p.policy_number,
       AVG(c.claim_close_date - c.claim_open_date) AS avg_time_to_settle
FROM oda_benchmark.acme_claim c
JOIN oda_benchmark.acme_claim_coverage cc
  ON c.claim_identifier = cc.claim_identifier
JOIN oda_benchmark.acme_policy_coverage_detail pcd
  ON cc.policy_coverage_detail_identifier = pcd.policy_coverage_detail_identifier
JOIN oda_benchmark.acme_policy p
  ON pcd.policy_identifier = p.policy_identifier
WHERE c.claim_close_date IS NOT NULL
  AND c.claim_open_date IS NOT NULL
GROUP BY p.policy_number
ORDER BY avg_time_to_settle DESC","SELECT p.policy_number, AVG(EXTRACT(DAY FROM (c.claim_close_date - c.claim_open_date))) AS avg_days_to_settle
FROM oda_benchmark.acme_claim c
JOIN oda_benchmark.acme_claim_coverage cc ON c.claim_identifier = cc.claim_identifier
JOIN oda_benchmark.acme_policy_coverage_detail pcd ON cc.policy_coverage_detail_identifier = pcd.policy_coverage_detail_identifier
JOIN oda_benchmark.acme_policy p ON pcd.policy_identifier = p.policy_identifier
GROUP BY p.policy_number
ORDER BY avg_days_to_settle DESC"
3,Q31,31,HQLS,aggregate,0,"What is the total loss amounts, which is the sum of loss payment, loss reserve amount by claim number?",1,1,1,1.0,1,1,1.0,1.0,"SELECT c.company_claim_number,
       SUM(ca.claim_amount) AS total_loss_amount
FROM oda_benchmark.acme_claim c
JOIN oda_benchmark.acme_claim_amount ca
  ON c.claim_identifier = ca.claim_identifier
LEFT JOIN oda_benchmark.acme_loss_payment lp
  ON ca.claim_amount_identifier = lp.claim_amount_identifier
LEFT JOIN oda_benchmark.acme_loss_reserve lr
  ON ca.claim_amount_identifier = lr.claim_amount_identifier
WHERE lp.claim_amount_identifier IS NOT NULL
   OR lr.claim_amount_identifier IS NOT NULL
GROUP BY c.company_claim_number
ORDER BY total_loss_amount DESC","SELECT c.company_claim_number,
       COALESCE(SUM(CASE WHEN lp.claim_amount_identifier IS NOT NULL THEN ca.claim_amount END), 0) +
       COALESCE(SUM(CASE WHEN lr.claim_amount_identifier IS NOT NULL THEN ca.claim_amount END), 0) AS total_loss_amount
FROM oda_benchmark.acme_claim c
JOIN oda_benchmark.acme_claim_amount ca ON c.claim_identifier = ca.claim_identifier
LEFT JOIN oda_benchmark.acme_loss_payment lp ON ca.claim_amount_identifier = lp.claim_amount_identifier
LEFT JOIN oda_benchmark.acme_loss_reserve lr ON ca.claim_amount_identifier = lr.claim_amount_identifier
GROUP BY c.company_claim_number
HAVING COALESCE(SUM(CASE WHEN lp.claim_amount_identifier IS NOT NULL THEN ca.claim_amount END), 0) +
       COALESCE(SUM(CASE WHEN lr.claim_amount_identifier IS NOT NULL THEN ca.claim_amount END), 0) > 0
ORDER BY total_loss_amount DESC"
3,Q29,29,HQLS,aggregate,0,What is the total amount of premiums that a policy holder has paid?,1,1,1,0.0,0,0,0.5,0.5,"SELECT apr.party_identifier, SUM(pa.policy_amount) AS total_premium_paid
FROM oda_benchmark.acme_agreement_party_role apr
JOIN oda_benchmark.acme_policy_amount pa
  ON apr.agreement_identifier = pa.policy_identifier
JOIN oda_benchmark.acme_premium pr
  ON pa.policy_amount_identifier = pr.policy_amount_identifier
WHERE apr.party_role_code = 'PH'
GROUP BY apr.party_identifier
ORDER BY total_premium_paid DESC","SELECT apr.party_identifier, SUM(pa.policy_amount) AS total_policy_amount
FROM oda_benchmark.acme_agreement_party_role apr
JOIN oda_benchmark.acme_policy p ON apr.agreement_identifier = p.policy_identifier
JOIN oda_benchmark.acme_policy_amount pa ON p.policy_identifier = pa.policy_identifier
JOIN oda_benchmark.acme_premium pr ON pa.policy_amount_identifier = pr.policy_amount_identifier
WHERE apr.party_role_code = 'PH'
GROUP BY apr.party_identifier
ORDER BY total_policy_amount DESC"
3,Q30,30,HQLS,aggregate,0,What is the total amount of premiums that a policy holder has paid by policy number?,1,1,1,0.0,0,0,0.4,0.4,"SELECT p.policy_number, SUM(pa.policy_amount) AS total_premium_paid
FROM oda_benchmark.acme_policy p
JOIN oda_benchmark.acme_policy_amount pa ON p.policy_identifier = pa.policy_identifier
JOIN oda_benchmark.acme_premium pr ON pa.policy_amount_identifier = pr.policy_amount_identifier
JOIN oda_benchmark.acme_agreement_party_role apr ON p.policy_identifier = apr.agreement_identifier
WHERE apr.party_role_code = 'PH'
GROUP BY p.policy_number
ORDER BY total_premium_paid DESC","SELECT p.policy_number, apr.party_identifier, SUM(pa.policy_amount) AS total_policy_amount
FROM oda_benchmark.acme_agreement_party_role apr
JOIN oda_benchmark.acme_policy p ON apr.agreement_identifier = p.policy_identifier
JOIN oda_benchmark.acme_policy_amount pa ON p.policy_identifier = pa.policy_identifier
JOIN oda_benchmark.acme_premium pr ON pa.policy_amount_identifier = pr.policy_amount_identifier
WHERE apr.party_role_code = 'PH'
GROUP BY p.policy_number, apr.party_identifier
ORDER BY total_policy_amount DESC"
3,Q27,27,HQLS,aggregate,0,How many policies does each policy holder have by policy holder id?,1,1,1,1.0,1,1,1.0,1.0,"SELECT party_identifier, COUNT(DISTINCT agreement_identifier) AS policy_count
FROM oda_benchmark.acme_agreement_party_role
WHERE party_role_code = 'PH'
GROUP BY party_identifier
ORDER BY policy_count DESC","SELECT party_identifier, COUNT(DISTINCT agreement_identifier) AS policy_count
FROM oda_benchmark.acme_agreement_party_role
WHERE party_role_code = 'PH'
GROUP BY party_identifier
ORDER BY policy_count DESC"
3,Q33,33,HQLS,aggregate,0,What is the average policy size which is the total amount of premium divided by the number of policies?,1,1,1,0.0,0,0,0.0,0.0,"SELECT SUM(pa.policy_amount) / COUNT(DISTINCT p.policy_identifier) AS average_policy_size
FROM oda_benchmark.acme_policy p
JOIN oda_benchmark.acme_policy_amount pa ON p.policy_identifier = pa.policy_identifier
JOIN oda_benchmark.acme_premium pr ON pa.policy_amount_identifier = pr.policy_amount_identifier","SELECT SUM(pa.policy_amount) / NULLIF(COUNT(DISTINCT pa.policy_identifier), 0) AS avg_policy_size
FROM oda_benchmark.acme_policy_amount pa
JOIN oda_benchmark.acme_premium pr ON pa.policy_amount_identifier = pr.policy_amount_identifier"
3,Q34,34,HQHS,aggregate,0,"What is the total loss of each claim by claim number where total loss is the sum of loss payment, loss reserve, expense payment, expense reserve amount?",1,1,1,1.0,1,1,1.0,1.0,"SELECT c.company_claim_number,
       SUM(ca.claim_amount) AS total_loss
FROM oda_benchmark.acme_claim c
JOIN oda_benchmark.acme_claim_amount ca
  ON c.claim_identifier = ca.claim_identifier
JOIN (
    SELECT claim_amount_identifier FROM oda_benchmark.acme_loss_payment
    UNION
    SELECT claim_amount_identifier FROM oda_benchmark.acme_loss_reserve
    UNION
    SELECT claim_amount_identifier FROM oda_benchmark.acme_expense_payment
    UNION
    SELECT claim_amount_identifier FROM oda_benchmark.acme_expense_reserve
) t
  ON ca.claim_amount_identifier = t.claim_amount_identifier
GROUP BY c.company_claim_number
ORDER BY total_loss DESC","SELECT c.company_claim_number,
       COALESCE(SUM(CASE WHEN lp.claim_amount_identifier IS NOT NULL THEN ca.claim_amount END), 0) +
       COALESCE(SUM(CASE WHEN lr.claim_amount_identifier IS NOT NULL THEN ca.claim_amount END), 0) +
       COALESCE(SUM(CASE WHEN ep.claim_amount_identifier IS NOT NULL THEN ca.claim_amount END), 0) +
       COALESCE(SUM(CASE WHEN er.claim_amount_identifier IS NOT NULL THEN ca.claim_amount END), 0) AS total_loss
FROM oda_benchmark.acme_claim c
JOIN oda_benchmark.acme_claim_amount ca ON c.claim_identifier = ca.claim_identifier
LEFT JOIN oda_benchmark.acme_loss_payment lp ON ca.claim_amount_identifier = lp.claim_amount_identifier
LEFT JOIN oda_benchmark.acme_loss_reserve lr ON ca.claim_amount_identifier = lr.claim_amount_identifier
LEFT JOIN oda_benchmark.acme_expense_payment ep ON ca.claim_amount_identifier = ep.claim_amount_identifier
LEFT JOIN oda_benchmark.acme_expense_reserve er ON ca.claim_amount_identifier = er.claim_amount_identifier
GROUP BY c.company_claim_number
ORDER BY total_loss DESC"
3,Q35,35,HQHS,aggregate,0,"What is the average loss of each policy by policy number where loss is the sum of loss payment, loss reserve, expense payment, expense reserve amounts?",1,1,1,0.0,0,0,0.5,0.5,"SELECT p.policy_number,
       AVG(claim_loss.total_loss) AS average_loss
FROM oda_benchmark.acme_policy p
JOIN oda_benchmark.acme_policy_coverage_detail pcd
  ON p.policy_identifier = pcd.policy_identifier
JOIN oda_benchmark.acme_claim_coverage cc
  ON pcd.policy_coverage_detail_identifier = cc.policy_coverage_detail_identifier
JOIN (
    SELECT ca.claim_identifier,
           SUM(ca.claim_amount) AS total_loss
    FROM oda_benchmark.acme_claim_amount ca
    LEFT JOIN oda_benchmark.acme_loss_payment lp
      ON ca.claim_amount_identifier = lp.claim_amount_identifier
    LEFT JOIN oda_benchmark.acme_loss_reserve lr
      ON ca.claim_amount_identifier = lr.claim_amount_identifier
    LEFT JOIN oda_benchmark.acme_expense_payment ep
      ON ca.claim_amount_identifier = ep.claim_amount_identifier
    LEFT JOIN oda_benchmark.acme_expense_reserve er
      ON ca.claim_amount_identifier = er.claim_amount_identifier
    WHERE lp.claim_amount_identifier IS NOT NULL
       OR lr.claim_amount_identifier IS NOT NULL
       OR ep.claim_amount_identifier IS NOT NULL
       OR er.claim_amount_identifier IS NOT NULL
    GROUP BY ca.claim_identifier
) claim_loss
  ON cc.claim_identifier = claim_loss.claim_identifier
GROUP BY p.policy_number
ORDER BY average_loss DESC;","WITH claim_loss AS (
  SELECT ca.claim_identifier,
         COALESCE(SUM(CASE WHEN lp.claim_amount_identifier IS NOT NULL THEN ca.claim_amount END), 0) +
         COALESCE(SUM(CASE WHEN lr.claim_amount_identifier IS NOT NULL THEN ca.claim_amount END), 0) +
         COALESCE(SUM(CASE WHEN ep.claim_amount_identifier IS NOT NULL THEN ca.claim_amount END), 0) +
         COALESCE(SUM(CASE WHEN er.claim_amount_identifier IS NOT NULL THEN ca.claim_amount END), 0) AS full_loss
  FROM oda_benchmark.acme_claim_amount ca
  LEFT JOIN oda_benchmark.acme_loss_payment lp ON ca.claim_amount_identifier = lp.claim_amount_identifier
  LEFT JOIN oda_benchmark.acme_loss_reserve lr ON ca.claim_amount_identifier = lr.claim_amount_identifier
  LEFT JOIN oda_benchmark.acme_expense_payment ep ON ca.claim_amount_identifier = ep.claim_amount_identifier
  LEFT JOIN oda_benchmark.acme_expense_reserve er ON ca.claim_amount_identifier = er.claim_amount_identifier
  GROUP BY ca.claim_identifier
)
SELECT p.policy_number,
       AVG(cl.full_loss) AS avg_loss
FROM oda_benchmark.acme_claim c
JOIN claim_loss cl ON c.claim_identifier = cl.claim_identifier
JOIN oda_benchmark.acme_claim_coverage cc ON c.claim_identifier = cc.claim_identifier
JOIN oda_benchmark.acme_policy_coverage_detail pcd ON cc.policy_coverage_detail_identifier = pcd.policy_coverage_detail_identifier
JOIN oda_benchmark.acme_policy p ON pcd.policy_identifier = p.policy_identifier
GROUP BY p.policy_number
ORDER BY avg_loss DESC"
3,Q36,36,HQHS,aggregate,0,"What is the total loss of each policy by policy number where total loss is the sum of loss payment, loss reserve, expense payment, expense reserve amounts?",1,1,1,1.0,1,1,1.0,1.0,"SELECT p.policy_number,
       SUM(ca.claim_amount) AS total_loss
FROM oda_benchmark.acme_policy p
JOIN oda_benchmark.acme_policy_coverage_detail pcd
  ON p.policy_identifier = pcd.policy_identifier
JOIN oda_benchmark.acme_claim_coverage cc
  ON pcd.policy_coverage_detail_identifier = cc.policy_coverage_detail_identifier
JOIN oda_benchmark.acme_claim c
  ON cc.claim_identifier = c.claim_identifier
JOIN oda_benchmark.acme_claim_amount ca
  ON c.claim_identifier = ca.claim_identifier
LEFT JOIN oda_benchmark.acme_loss_payment lp
  ON ca.claim_amount_identifier = lp.claim_amount_identifier
LEFT JOIN oda_benchmark.acme_loss_reserve lr
  ON ca.claim_amount_identifier = lr.claim_amount_identifier
LEFT JOIN oda_benchmark.acme_expense_payment ep
  ON ca.claim_amount_identifier = ep.claim_amount_identifier
LEFT JOIN oda_benchmark.acme_expense_reserve er
  ON ca.claim_amount_identifier = er.claim_amount_identifier
WHERE lp.claim_amount_identifier IS NOT NULL
   OR lr.claim_amount_identifier IS NOT NULL
   OR ep.claim_amount_identifier IS NOT NULL
   OR er.claim_amount_identifier IS NOT NULL
GROUP BY p.policy_number
ORDER BY total_loss DESC;","SELECT p.policy_number,
       COALESCE(SUM(CASE WHEN lp.claim_amount_identifier IS NOT NULL THEN ca.claim_amount END), 0) +
       COALESCE(SUM(CASE WHEN lr.claim_amount_identifier IS NOT NULL THEN ca.claim_amount END), 0) +
       COALESCE(SUM(CASE WHEN ep.claim_amount_identifier IS NOT NULL THEN ca.claim_amount END), 0) +
       COALESCE(SUM(CASE WHEN er.claim_amount_identifier IS NOT NULL THEN ca.claim_amount END), 0) AS total_loss
FROM oda_benchmark.acme_claim c
JOIN oda_benchmark.acme_claim_amount ca ON c.claim_identifier = ca.claim_identifier
LEFT JOIN oda_benchmark.acme_loss_payment lp ON ca.claim_amount_identifier = lp.claim_amount_identifier
LEFT JOIN oda_benchmark.acme_loss_reserve lr ON ca.claim_amount_identifier = lr.claim_amount_identifier
LEFT JOIN oda_benchmark.acme_expense_payment ep ON ca.claim_amount_identifier = ep.claim_amount_identifier
LEFT JOIN oda_benchmark.acme_expense_reserve er ON ca.claim_amount_identifier = er.claim_amount_identifier
JOIN oda_benchmark.acme_claim_coverage cc ON c.claim_identifier = cc.claim_identifier
JOIN oda_benchmark.acme_policy_coverage_detail pcd ON cc.policy_coverage_detail_identifier = pcd.policy_coverage_detail_identifier
JOIN oda_benchmark.acme_policy p ON pcd.policy_identifier = p.policy_identifier
GROUP BY p.policy_number
ORDER BY total_loss DESC"
3,Q37,37,HQHS,aggregate,0,"What are the total loss, which is the sum of loss payment, loss reserve, expense payment, expense reserve amount by claim number and corresponding policy number, policy holder and premium amount paid?",1,1,1,0.0,0,0,0.8,0.4,"SELECT 
  c.company_claim_number,
  p.policy_number,
  ph.party_name AS policyholder,
  SUM(ca.claim_amount) AS total_loss,
  SUM(DISTINCT pa.policy_amount) AS premium_amount
FROM oda_benchmark.acme_claim c
JOIN oda_benchmark.acme_claim_amount ca 
  ON c.claim_identifier = ca.claim_identifier
LEFT JOIN oda_benchmark.acme_loss_payment lp 
  ON ca.claim_amount_identifier = lp.claim_amount_identifier
LEFT JOIN oda_benchmark.acme_loss_reserve lr 
  ON ca.claim_amount_identifier = lr.claim_amount_identifier
LEFT JOIN oda_benchmark.acme_expense_payment ep 
  ON ca.claim_amount_identifier = ep.claim_amount_identifier
LEFT JOIN oda_benchmark.acme_expense_reserve er 
  ON ca.claim_amount_identifier = er.claim_amount_identifier
JOIN oda_benchmark.acme_claim_coverage cc 
  ON c.claim_identifier = cc.claim_identifier
JOIN oda_benchmark.acme_policy_coverage_detail pcd 
  ON cc.policy_coverage_detail_identifier = pcd.policy_coverage_detail_identifier
JOIN oda_benchmark.acme_policy p 
  ON pcd.policy_identifier = p.policy_identifier
LEFT JOIN oda_benchmark.acme_agreement_party_role apr 
  ON p.policy_identifier = apr.agreement_identifier AND apr.party_role_code = 'PH'
LEFT JOIN oda_benchmark.acme_party ph 
  ON apr.party_identifier = ph.party_identifier
LEFT JOIN oda_benchmark.acme_policy_amount pa 
  ON p.policy_identifier = pa.policy_identifier
LEFT JOIN oda_benchmark.acme_premium pr 
  ON pa.policy_amount_identifier = pr.policy_amount_identifier
WHERE lp.claim_amount_identifier IS NOT NULL
   OR lr.claim_amount_identifier IS NOT NULL
   OR ep.claim_amount_identifier IS NOT NULL
   OR er.claim_amount_identifier IS NOT NULL
GROUP BY 
  c.company_claim_number,
  p.policy_number,
  ph.party_name
ORDER BY total_loss DESC;","SELECT c.company_claim_number,
       p.policy_number,
       apr.party_identifier AS policyholder_id,
       SUM(DISTINCT pa.policy_amount) AS premium_amount,
       COALESCE(SUM(CASE WHEN lp.claim_amount_identifier IS NOT NULL THEN ca.claim_amount END), 0) +
       COALESCE(SUM(CASE WHEN lr.claim_amount_identifier IS NOT NULL THEN ca.claim_amount END), 0) +
       COALESCE(SUM(CASE WHEN ep.claim_amount_identifier IS NOT NULL THEN ca.claim_amount END), 0) +
       COALESCE(SUM(CASE WHEN er.claim_amount_identifier IS NOT NULL THEN ca.claim_amount END), 0) AS total_loss
FROM oda_benchmark.acme_claim c
JOIN oda_benchmark.acme_claim_amount ca ON c.claim_identifier = ca.claim_identifier
LEFT JOIN oda_benchmark.acme_loss_payment lp ON ca.claim_amount_identifier = lp.claim_amount_identifier
LEFT JOIN oda_benchmark.acme_loss_reserve lr ON ca.claim_amount_identifier = lr.claim_amount_identifier
LEFT JOIN oda_benchmark.acme_expense_payment ep ON ca.claim_amount_identifier = ep.claim_amount_identifier
LEFT JOIN oda_benchmark.acme_expense_reserve er ON ca.claim_amount_identifier = er.claim_amount_identifier
JOIN oda_benchmark.acme_claim_coverage cc ON c.claim_identifier = cc.claim_identifier
JOIN oda_benchmark.acme_policy_coverage_detail pcd ON cc.policy_coverage_detail_identifier = pcd.policy_coverage_detail_identifier
JOIN oda_benchmark.acme_policy p ON pcd.policy_identifier = p.policy_identifier
JOIN oda_benchmark.acme_agreement_party_role apr ON p.policy_identifier = apr.agreement_identifier
JOIN oda_benchmark.acme_policy_amount pa ON p.policy_identifier = pa.policy_identifier
JOIN oda_benchmark.acme_premium pr ON pa.policy_amount_identifier = pr.policy_amount_identifier
WHERE apr.party_role_code = 'PH'
GROUP BY c.company_claim_number, p.policy_number, apr.party_identifier
ORDER BY c.company_claim_number ASC"
3,Q38,38,HQHS,aggregate,0,"What are the total loss, which is the sum of loss payment, loss reserve, expense payment, expense reserve amount by catastrophe and policy number?",1,1,1,0.0,0,0,0.6667,0.6667,"SELECT c.catastrophe_identifier,
       p.policy_number,
       SUM(ca.claim_amount) AS total_loss
FROM oda_benchmark.acme_claim c
JOIN oda_benchmark.acme_claim_amount ca
  ON c.claim_identifier = ca.claim_identifier
LEFT JOIN oda_benchmark.acme_loss_payment lp
  ON ca.claim_amount_identifier = lp.claim_amount_identifier
LEFT JOIN oda_benchmark.acme_loss_reserve lr
  ON ca.claim_amount_identifier = lr.claim_amount_identifier
LEFT JOIN oda_benchmark.acme_expense_payment ep
  ON ca.claim_amount_identifier = ep.claim_amount_identifier
LEFT JOIN oda_benchmark.acme_expense_reserve er
  ON ca.claim_amount_identifier = er.claim_amount_identifier
JOIN oda_benchmark.acme_claim_coverage cc
  ON c.claim_identifier = cc.claim_identifier
JOIN oda_benchmark.acme_policy_coverage_detail pcd
  ON cc.policy_coverage_detail_identifier = pcd.policy_coverage_detail_identifier
JOIN oda_benchmark.acme_policy p
  ON pcd.policy_identifier = p.policy_identifier
WHERE lp.claim_amount_identifier IS NOT NULL
   OR lr.claim_amount_identifier IS NOT NULL
   OR ep.claim_amount_identifier IS NOT NULL
   OR er.claim_amount_identifier IS NOT NULL
GROUP BY c.catastrophe_identifier, p.policy_number
ORDER BY c.catastrophe_identifier, total_loss DESC;","SELECT cat.catastrophe_name,
       p.policy_number,
       COALESCE(SUM(CASE WHEN lp.claim_amount_identifier IS NOT NULL THEN ca.claim_amount END), 0) +
       COALESCE(SUM(CASE WHEN lr.claim_amount_identifier IS NOT NULL THEN ca.claim_amount END), 0) +
       COALESCE(SUM(CASE WHEN ep.claim_amount_identifier IS NOT NULL THEN ca.claim_amount END), 0) +
       COALESCE(SUM(CASE WHEN er.claim_amount_identifier IS NOT NULL THEN ca.claim_amount END), 0) AS total_loss
FROM oda_benchmark.acme_claim c
LEFT JOIN oda_benchmark.acme_catastrophe cat ON c.catastrophe_identifier = cat.catastrophe_identifier
JOIN oda_benchmark.acme_claim_amount ca ON c.claim_identifier = ca.claim_identifier
LEFT JOIN oda_benchmark.acme_loss_payment lp ON ca.claim_amount_identifier = lp.claim_amount_identifier
LEFT JOIN oda_benchmark.acme_loss_reserve lr ON ca.claim_amount_identifier = lr.claim_amount_identifier
LEFT JOIN oda_benchmark.acme_expense_payment ep ON ca.claim_amount_identifier = ep.claim_amount_identifier
LEFT JOIN oda_benchmark.acme_expense_reserve er ON ca.claim_amount_identifier = er.claim_amount_identifier
JOIN oda_benchmark.acme_claim_coverage cc ON c.claim_identifier = cc.claim_identifier
JOIN oda_benchmark.acme_policy_coverage_detail pcd ON cc.policy_coverage_detail_identifier = pcd.policy_coverage_detail_identifier
JOIN oda_benchmark.acme_policy p ON pcd.policy_identifier = p.policy_identifier
GROUP BY cat.catastrophe_name, p.policy_number
ORDER BY total_loss DESC"
3,Q39,39,HQHS,aggregate,0,"What are the total loss, which is the sum of loss payment, loss reserve, expense payment, expense reserve amount by claim number, catastrophe and corresponding policy number?",1,1,1,1.0,1,1,1.0,1.0,"SELECT
  c.company_claim_number,
  cat.catastrophe_name,
  p.policy_number,
  SUM(ca.claim_amount) AS total_loss
FROM oda_benchmark.acme_claim c
JOIN oda_benchmark.acme_claim_amount ca
  ON c.claim_identifier = ca.claim_identifier
LEFT JOIN oda_benchmark.acme_loss_payment lp
  ON ca.claim_amount_identifier = lp.claim_amount_identifier
LEFT JOIN oda_benchmark.acme_loss_reserve lr
  ON ca.claim_amount_identifier = lr.claim_amount_identifier
LEFT JOIN oda_benchmark.acme_expense_payment ep
  ON ca.claim_amount_identifier = ep.claim_amount_identifier
LEFT JOIN oda_benchmark.acme_expense_reserve er
  ON ca.claim_amount_identifier = er.claim_amount_identifier
LEFT JOIN oda_benchmark.acme_catastrophe cat
  ON c.catastrophe_identifier = cat.catastrophe_identifier
LEFT JOIN oda_benchmark.acme_claim_coverage cc
  ON c.claim_identifier = cc.claim_identifier
LEFT JOIN oda_benchmark.acme_policy_coverage_detail pcd
  ON cc.policy_coverage_detail_identifier = pcd.policy_coverage_detail_identifier
LEFT JOIN oda_benchmark.acme_policy p
  ON pcd.policy_identifier = p.policy_identifier
WHERE lp.claim_amount_identifier IS NOT NULL
   OR lr.claim_amount_identifier IS NOT NULL
   OR ep.claim_amount_identifier IS NOT NULL
   OR er.claim_amount_identifier IS NOT NULL
GROUP BY c.company_claim_number, cat.catastrophe_name, p.policy_number
ORDER BY total_loss DESC;","SELECT c.company_claim_number,
       cat.catastrophe_name,
       p.policy_number,
       COALESCE(SUM(CASE WHEN lp.claim_amount_identifier IS NOT NULL THEN ca.claim_amount END), 0) +
       COALESCE(SUM(CASE WHEN lr.claim_amount_identifier IS NOT NULL THEN ca.claim_amount END), 0) +
       COALESCE(SUM(CASE WHEN ep.claim_amount_identifier IS NOT NULL THEN ca.claim_amount END), 0) +
       COALESCE(SUM(CASE WHEN er.claim_amount_identifier IS NOT NULL THEN ca.claim_amount END), 0) AS total_loss
FROM oda_benchmark.acme_claim c
LEFT JOIN oda_benchmark.acme_catastrophe cat ON c.catastrophe_identifier = cat.catastrophe_identifier
JOIN oda_benchmark.acme_claim_amount ca ON c.claim_identifier = ca.claim_identifier
LEFT JOIN oda_benchmark.acme_loss_payment lp ON ca.claim_amount_identifier = lp.claim_amount_identifier
LEFT JOIN oda_benchmark.acme_loss_reserve lr ON ca.claim_amount_identifier = lr.claim_amount_identifier
LEFT JOIN oda_benchmark.acme_expense_payment ep ON ca.claim_amount_identifier = ep.claim_amount_identifier
LEFT JOIN oda_benchmark.acme_expense_reserve er ON ca.claim_amount_identifier = er.claim_amount_identifier
JOIN oda_benchmark.acme_claim_coverage cc ON c.claim_identifier = cc.claim_identifier
JOIN oda_benchmark.acme_policy_coverage_detail pcd ON cc.policy_coverage_detail_identifier = pcd.policy_coverage_detail_identifier
JOIN oda_benchmark.acme_policy p ON pcd.policy_identifier = p.policy_identifier
GROUP BY c.company_claim_number, cat.catastrophe_name, p.policy_number
ORDER BY c.company_claim_number ASC"
3,Q40,40,HQHS,aggregate,0,"What is the total loss of each policy that an agent has sold by agent id where total loss is the sum of loss payment, loss reserve, expense payment, expense reserve amounts?",1,1,1,0.0,0,0,0.6667,0.6667,"SELECT apr.party_identifier,
       p.policy_number,
       SUM(ca.claim_amount) AS total_loss
FROM oda_benchmark.acme_agreement_party_role apr
JOIN oda_benchmark.acme_policy p
  ON apr.agreement_identifier = p.policy_identifier
JOIN oda_benchmark.acme_policy_coverage_detail pcd
  ON p.policy_identifier = pcd.policy_identifier
JOIN oda_benchmark.acme_claim_coverage cc
  ON pcd.policy_coverage_detail_identifier = cc.policy_coverage_detail_identifier
JOIN oda_benchmark.acme_claim c
  ON cc.claim_identifier = c.claim_identifier
JOIN oda_benchmark.acme_claim_amount ca
  ON c.claim_identifier = ca.claim_identifier
LEFT JOIN oda_benchmark.acme_loss_payment lp
  ON ca.claim_amount_identifier = lp.claim_amount_identifier
LEFT JOIN oda_benchmark.acme_loss_reserve lr
  ON ca.claim_amount_identifier = lr.claim_amount_identifier
LEFT JOIN oda_benchmark.acme_expense_payment ep
  ON ca.claim_amount_identifier = ep.claim_amount_identifier
LEFT JOIN oda_benchmark.acme_expense_reserve er
  ON ca.claim_amount_identifier = er.claim_amount_identifier
WHERE apr.party_role_code = 'AG'
  AND (lp.claim_amount_identifier IS NOT NULL
       OR lr.claim_amount_identifier IS NOT NULL
       OR ep.claim_amount_identifier IS NOT NULL
       OR er.claim_amount_identifier IS NOT NULL)
GROUP BY apr.party_identifier, p.policy_number
ORDER BY apr.party_identifier, total_loss DESC","SELECT apr.party_identifier AS agent_id,
       p.policy_number,
       COALESCE(SUM(CASE WHEN lp.claim_amount_identifier IS NOT NULL THEN ca.claim_amount END), 0) +
       COALESCE(SUM(CASE WHEN lr.claim_amount_identifier IS NOT NULL THEN ca.claim_amount END), 0) +
       COALESCE(SUM(CASE WHEN ep.claim_amount_identifier IS NOT NULL THEN ca.claim_amount END), 0) +
       COALESCE(SUM(CASE WHEN er.claim_amount_identifier IS NOT NULL THEN ca.claim_amount END), 0) AS total_loss
FROM oda_benchmark.acme_claim c
JOIN oda_benchmark.acme_claim_amount ca ON c.claim_identifier = ca.claim_identifier
LEFT JOIN oda_benchmark.acme_loss_payment lp ON ca.claim_amount_identifier = lp.claim_amount_identifier
LEFT JOIN oda_benchmark.acme_loss_reserve lr ON ca.claim_amount_identifier = lr.claim_amount_identifier
LEFT JOIN oda_benchmark.acme_expense_payment ep ON ca.claim_amount_identifier = ep.claim_amount_identifier
LEFT JOIN oda_benchmark.acme_expense_reserve er ON ca.claim_amount_identifier = er.claim_amount_identifier
JOIN oda_benchmark.acme_claim_coverage cc ON c.claim_identifier = cc.claim_identifier
JOIN oda_benchmark.acme_policy_coverage_detail pcd ON cc.policy_coverage_detail_identifier = pcd.policy_coverage_detail_identifier
JOIN oda_benchmark.acme_policy p ON pcd.policy_identifier = p.policy_identifier
JOIN oda_benchmark.acme_agreement_party_role apr ON p.policy_identifier = apr.agreement_identifier
WHERE apr.party_role_code = 'AG'
GROUP BY apr.party_identifier, p.policy_number
ORDER BY apr.party_identifier ASC"
3,Q41,41,HQHS,aggregate,0,What is the loss ratio of each policy and agent who sold it by policy number and agent id?,1,1,1,0.0,0,0,1.0,0.6667,"SELECT p.policy_number,
       apr.party_identifier AS agent_id,
       SUM(CASE WHEN lp.claim_amount_identifier IS NOT NULL OR lr.claim_amount_identifier IS NOT NULL THEN ca.claim_amount ELSE 0 END) /
       NULLIF(SUM(CASE WHEN pr.policy_amount_identifier IS NOT NULL THEN pa.policy_amount ELSE 0 END), 0) AS loss_ratio
FROM oda_benchmark.acme_policy p
JOIN oda_benchmark.acme_policy_coverage_detail pcd
  ON p.policy_identifier = pcd.policy_identifier
JOIN oda_benchmark.acme_claim_coverage cc
  ON pcd.policy_coverage_detail_identifier = cc.policy_coverage_detail_identifier
JOIN oda_benchmark.acme_claim c
  ON cc.claim_identifier = c.claim_identifier
JOIN oda_benchmark.acme_claim_amount ca
  ON c.claim_identifier = ca.claim_identifier
LEFT JOIN oda_benchmark.acme_loss_payment lp
  ON ca.claim_amount_identifier = lp.claim_amount_identifier
LEFT JOIN oda_benchmark.acme_loss_reserve lr
  ON ca.claim_amount_identifier = lr.claim_amount_identifier
JOIN oda_benchmark.acme_policy_amount pa
  ON p.policy_identifier = pa.policy_identifier
LEFT JOIN oda_benchmark.acme_premium pr
  ON pa.policy_amount_identifier = pr.policy_amount_identifier
JOIN oda_benchmark.acme_agreement_party_role apr
  ON p.policy_identifier = apr.agreement_identifier
WHERE apr.party_role_code = 'AG'
GROUP BY p.policy_number, apr.party_identifier
ORDER BY p.policy_number, agent_id","SELECT p.policy_number,
       apr.party_identifier AS agent_id,
       (COALESCE(SUM(CASE WHEN lp.claim_amount_identifier IS NOT NULL THEN ca.claim_amount END), 0) +
        COALESCE(SUM(CASE WHEN lr.claim_amount_identifier IS NOT NULL THEN ca.claim_amount END), 0) +
        COALESCE(SUM(CASE WHEN ep.claim_amount_identifier IS NOT NULL THEN ca.claim_amount END), 0) +
        COALESCE(SUM(CASE WHEN er.claim_amount_identifier IS NOT NULL THEN ca.claim_amount END), 0)) /
       NULLIF(SUM(DISTINCT pa.policy_amount), 0) AS loss_ratio
FROM oda_benchmark.acme_claim c
JOIN oda_benchmark.acme_claim_amount ca ON c.claim_identifier = ca.claim_identifier
LEFT JOIN oda_benchmark.acme_loss_payment lp ON ca.claim_amount_identifier = lp.claim_amount_identifier
LEFT JOIN oda_benchmark.acme_loss_reserve lr ON ca.claim_amount_identifier = lr.claim_amount_identifier
LEFT JOIN oda_benchmark.acme_expense_payment ep ON ca.claim_amount_identifier = ep.claim_amount_identifier
LEFT JOIN oda_benchmark.acme_expense_reserve er ON ca.claim_amount_identifier = er.claim_amount_identifier
JOIN oda_benchmark.acme_claim_coverage cc ON c.claim_identifier = cc.claim_identifier
JOIN oda_benchmark.acme_policy_coverage_detail pcd ON cc.policy_coverage_detail_identifier = pcd.policy_coverage_detail_identifier
JOIN oda_benchmark.acme_policy p ON pcd.policy_identifier = p.policy_identifier
JOIN oda_benchmark.acme_agreement_party_role apr ON p.policy_identifier = apr.agreement_identifier
JOIN oda_benchmark.acme_policy_amount pa ON p.policy_identifier = pa.policy_identifier
JOIN oda_benchmark.acme_premium pr ON pa.policy_amount_identifier = pr.policy_amount_identifier
WHERE apr.party_role_code = 'AG'
GROUP BY p.policy_number, apr.party_identifier
ORDER BY p.policy_number ASC"
3,Q44,44,HQHS,aggregate,0,"What is the average loss of each policy by policy number and number of claims where loss is the sum of loss payment, loss reserve, expense payment, expense reserve amounts?",1,1,1,0.0,0,0,0.6667,0.6667,"SELECT p.policy_number,
       COUNT(DISTINCT c.claim_identifier) AS claim_count,
       SUM(CASE
             WHEN lp.claim_amount_identifier IS NOT NULL
               OR lr.claim_amount_identifier IS NOT NULL
               OR ep.claim_amount_identifier IS NOT NULL
               OR er.claim_amount_identifier IS NOT NULL
             THEN ca.claim_amount ELSE 0 END) 
       / NULLIF(COUNT(DISTINCT c.claim_identifier), 0) AS avg_loss
FROM oda_benchmark.acme_claim c
JOIN oda_benchmark.acme_claim_coverage cc
  ON c.claim_identifier = cc.claim_identifier
JOIN oda_benchmark.acme_policy_coverage_detail pcd
  ON cc.policy_coverage_detail_identifier = pcd.policy_coverage_detail_identifier
JOIN oda_benchmark.acme_policy p
  ON pcd.policy_identifier = p.policy_identifier
JOIN oda_benchmark.acme_claim_amount ca
  ON c.claim_identifier = ca.claim_identifier
LEFT JOIN oda_benchmark.acme_loss_payment lp
  ON ca.claim_amount_identifier = lp.claim_amount_identifier
LEFT JOIN oda_benchmark.acme_loss_reserve lr
  ON ca.claim_amount_identifier = lr.claim_amount_identifier
LEFT JOIN oda_benchmark.acme_expense_payment ep
  ON ca.claim_amount_identifier = ep.claim_amount_identifier
LEFT JOIN oda_benchmark.acme_expense_reserve er
  ON ca.claim_amount_identifier = er.claim_amount_identifier
GROUP BY p.policy_number
ORDER BY avg_loss DESC;","WITH claim_loss AS (
  SELECT ca.claim_identifier,
         COALESCE(SUM(CASE WHEN lp.claim_amount_identifier IS NOT NULL THEN ca.claim_amount END), 0) +
         COALESCE(SUM(CASE WHEN lr.claim_amount_identifier IS NOT NULL THEN ca.claim_amount END), 0) +
         COALESCE(SUM(CASE WHEN ep.claim_amount_identifier IS NOT NULL THEN ca.claim_amount END), 0) +
         COALESCE(SUM(CASE WHEN er.claim_amount_identifier IS NOT NULL THEN ca.claim_amount END), 0) AS full_loss
  FROM oda_benchmark.acme_claim_amount ca
  LEFT JOIN oda_benchmark.acme_loss_payment lp ON ca.claim_amount_identifier = lp.claim_amount_identifier
  LEFT JOIN oda_benchmark.acme_loss_reserve lr ON ca.claim_amount_identifier = lr.claim_amount_identifier
  LEFT JOIN oda_benchmark.acme_expense_payment ep ON ca.claim_amount_identifier = ep.claim_amount_identifier
  LEFT JOIN oda_benchmark.acme_expense_reserve er ON ca.claim_amount_identifier = er.claim_amount_identifier
  GROUP BY ca.claim_identifier
)
SELECT p.policy_number,
       COUNT(DISTINCT c.claim_identifier) AS number_of_claims,
       AVG(cl.full_loss) AS avg_loss
FROM oda_benchmark.acme_claim c
JOIN claim_loss cl ON c.claim_identifier = cl.claim_identifier
JOIN oda_benchmark.acme_claim_coverage cc ON c.claim_identifier = cc.claim_identifier
JOIN oda_benchmark.acme_policy_coverage_detail pcd ON cc.policy_coverage_detail_identifier = pcd.policy_coverage_detail_identifier
JOIN oda_benchmark.acme_policy p ON pcd.policy_identifier = p.policy_identifier
GROUP BY p.policy_number
ORDER BY p.policy_number ASC"
3,Q43,43,HQHS,aggregate,0,"What is the loss ratio, number of claims, total loss by policy number and premium where total loss is the sum of loss payment, loss reserve, expense payment, expense reserve amount and loss ratio is total loss divided by premium?",1,1,1,0.0,0,0,1.0,0.4,"SELECT p.policy_number,
       COALESCE(claims.claim_count, 0) AS number_of_claims,
       COALESCE(claims.total_loss, 0) AS total_loss,
       COALESCE(prem.total_premium, 0) AS premium,
       CASE 
         WHEN COALESCE(prem.total_premium, 0) = 0 THEN NULL
         ELSE COALESCE(claims.total_loss, 0) / prem.total_premium
       END AS loss_ratio
FROM oda_benchmark.acme_policy p
LEFT JOIN (
    SELECT pcd.policy_identifier,
           COUNT(DISTINCT c.claim_identifier) AS claim_count,
           SUM(ca.claim_amount) AS total_loss
    FROM oda_benchmark.acme_claim c
    JOIN oda_benchmark.acme_claim_coverage cc
      ON c.claim_identifier = cc.claim_identifier
    JOIN oda_benchmark.acme_policy_coverage_detail pcd
      ON cc.policy_coverage_detail_identifier = pcd.policy_coverage_detail_identifier
    JOIN oda_benchmark.acme_claim_amount ca
      ON c.claim_identifier = ca.claim_identifier
    LEFT JOIN oda_benchmark.acme_loss_payment lp
      ON ca.claim_amount_identifier = lp.claim_amount_identifier
    LEFT JOIN oda_benchmark.acme_loss_reserve lr
      ON ca.claim_amount_identifier = lr.claim_amount_identifier
    LEFT JOIN oda_benchmark.acme_expense_payment ep
      ON ca.claim_amount_identifier = ep.claim_amount_identifier
    LEFT JOIN oda_benchmark.acme_expense_reserve er
      ON ca.claim_amount_identifier = er.claim_amount_identifier
    WHERE lp.claim_amount_identifier IS NOT NULL
       OR lr.claim_amount_identifier IS NOT NULL
       OR ep.claim_amount_identifier IS NOT NULL
       OR er.claim_amount_identifier IS NOT NULL
    GROUP BY pcd.policy_identifier
) claims
  ON p.policy_identifier = claims.policy_identifier
LEFT JOIN (
    SELECT pa.policy_identifier,
           SUM(pa.policy_amount) AS total_premium
    FROM oda_benchmark.acme_policy_amount pa
    JOIN oda_benchmark.acme_premium pr
      ON pa.policy_amount_identifier = pr.policy_amount_identifier
    GROUP BY pa.policy_identifier
) prem
  ON p.policy_identifier = prem.policy_identifier
ORDER BY p.policy_number;","SELECT p.policy_number,
       SUM(DISTINCT pa.policy_amount) AS premium,
       COUNT(DISTINCT c.claim_identifier) AS number_of_claims,
       COALESCE(SUM(CASE WHEN lp.claim_amount_identifier IS NOT NULL THEN ca.claim_amount END), 0) +
       COALESCE(SUM(CASE WHEN lr.claim_amount_identifier IS NOT NULL THEN ca.claim_amount END), 0) +
       COALESCE(SUM(CASE WHEN ep.claim_amount_identifier IS NOT NULL THEN ca.claim_amount END), 0) +
       COALESCE(SUM(CASE WHEN er.claim_amount_identifier IS NOT NULL THEN ca.claim_amount END), 0) AS total_loss,
       (COALESCE(SUM(CASE WHEN lp.claim_amount_identifier IS NOT NULL THEN ca.claim_amount END), 0) +
        COALESCE(SUM(CASE WHEN lr.claim_amount_identifier IS NOT NULL THEN ca.claim_amount END), 0) +
        COALESCE(SUM(CASE WHEN ep.claim_amount_identifier IS NOT NULL THEN ca.claim_amount END), 0) +
        COALESCE(SUM(CASE WHEN er.claim_amount_identifier IS NOT NULL THEN ca.claim_amount END), 0)) /
       NULLIF(SUM(DISTINCT pa.policy_amount), 0) AS loss_ratio
FROM oda_benchmark.acme_claim c
JOIN oda_benchmark.acme_claim_amount ca ON c.claim_identifier = ca.claim_identifier
LEFT JOIN oda_benchmark.acme_loss_payment lp ON ca.claim_amount_identifier = lp.claim_amount_identifier
LEFT JOIN oda_benchmark.acme_loss_reserve lr ON ca.claim_amount_identifier = lr.claim_amount_identifier
LEFT JOIN oda_benchmark.acme_expense_payment ep ON ca.claim_amount_identifier = ep.claim_amount_identifier
LEFT JOIN oda_benchmark.acme_expense_reserve er ON ca.claim_amount_identifier = er.claim_amount_identifier
JOIN oda_benchmark.acme_claim_coverage cc ON c.claim_identifier = cc.claim_identifier
JOIN oda_benchmark.acme_policy_coverage_detail pcd ON cc.policy_coverage_detail_identifier = pcd.policy_coverage_detail_identifier
JOIN oda_benchmark.acme_policy p ON pcd.policy_identifier = p.policy_identifier
JOIN oda_benchmark.acme_policy_amount pa ON p.policy_identifier = pa.policy_identifier
JOIN oda_benchmark.acme_premium pr ON pa.policy_amount_identifier = pr.policy_amount_identifier
GROUP BY p.policy_number
ORDER BY p.policy_number ASC"
4,Q01,1,LQLS,dimension_listing,0,"Return all the claims we have by claim number, open date and close date?",1,1,1,1.0,1,1,1.0,1.0,"SELECT company_claim_number, claim_open_date, claim_close_date
FROM oda_benchmark.acme_claim;","SELECT company_claim_number, claim_open_date, claim_close_date
FROM oda_benchmark.acme_claim
ORDER BY company_claim_number ASC"
4,Q02,2,LQLS,dimension_listing,0,"Return all the policies we have by policy number, effective date and expiration date?",1,1,1,1.0,1,1,1.0,1.0,"SELECT policy_number, effective_date, expiration_date
FROM oda_benchmark.acme_policy","SELECT policy_number, effective_date, expiration_date
FROM oda_benchmark.acme_policy
ORDER BY policy_number ASC"
4,Q03,3,LQLS,dimension_listing,0,Return all the policies and their policy holder by id,1,1,1,0.0,0,0,0.0,0.0,"SELECT p.policy_identifier, apr.party_identifier
FROM oda_benchmark.acme_policy p
JOIN oda_benchmark.acme_agreement_party_role apr
  ON p.policy_identifier = apr.agreement_identifier
WHERE apr.party_role_code = 'PH'","SELECT p.policy_number, apr.party_identifier AS policyholder_id
FROM oda_benchmark.acme_policy p
JOIN oda_benchmark.acme_agreement_party_role apr
  ON p.policy_identifier = apr.agreement_identifier
WHERE apr.party_role_code = 'PH'
ORDER BY p.policy_number ASC"
4,Q04,4,LQLS,dimension_listing,0,Return all the policies and the agents that sold them by policy number and agent id,1,1,1,1.0,1,1,1.0,1.0,"SELECT p.policy_number, apr.party_identifier AS agent_id
FROM oda_benchmark.acme_policy p
JOIN oda_benchmark.acme_agreement_party_role apr
  ON p.policy_identifier = apr.agreement_identifier
WHERE apr.party_role_code = 'AG'
ORDER BY p.policy_number, agent_id","SELECT p.policy_number, apr.party_identifier AS agent_id
FROM oda_benchmark.acme_policy p
JOIN oda_benchmark.acme_agreement_party_role apr
  ON p.policy_identifier = apr.agreement_identifier
WHERE apr.party_role_code = 'AG'
ORDER BY p.policy_number ASC"
4,Q05,5,LQLS,dimension_listing,0,What are all our policies that have a claim associated to them by policy and claim number?,1,1,1,1.0,1,1,1.0,1.0,"SELECT DISTINCT p.policy_number, c.company_claim_number
FROM oda_benchmark.acme_claim c
JOIN oda_benchmark.acme_claim_coverage cc ON c.claim_identifier = cc.claim_identifier
JOIN oda_benchmark.acme_policy_coverage_detail pcd ON cc.policy_coverage_detail_identifier = pcd.policy_coverage_detail_identifier
JOIN oda_benchmark.acme_policy p ON pcd.policy_identifier = p.policy_identifier
ORDER BY p.policy_number, c.company_claim_number","SELECT DISTINCT p.policy_number, c.company_claim_number
FROM oda_benchmark.acme_claim c
JOIN oda_benchmark.acme_claim_coverage cc
  ON c.claim_identifier = cc.claim_identifier
JOIN oda_benchmark.acme_policy_coverage_detail pcd
  ON cc.policy_coverage_detail_identifier = pcd.policy_coverage_detail_identifier
JOIN oda_benchmark.acme_policy p
  ON pcd.policy_identifier = p.policy_identifier
ORDER BY p.policy_number ASC"
4,Q06,6,LQLS,dimension_listing,0,What are all the premiums that have been paid by policy holders?,1,1,1,0.0,0,0,0.0,0.0,"SELECT apr.party_identifier, pa.policy_amount
FROM oda_benchmark.acme_policy_amount pa
JOIN oda_benchmark.acme_premium pr ON pa.policy_amount_identifier = pr.policy_amount_identifier
JOIN oda_benchmark.acme_agreement_party_role apr ON pa.policy_identifier = apr.agreement_identifier
WHERE apr.party_role_code = 'PH'","SELECT apr.party_identifier AS policyholder_id,
       SUM(pa.policy_amount) AS total_premiums_paid
FROM oda_benchmark.acme_agreement_party_role apr
JOIN oda_benchmark.acme_policy p
  ON apr.agreement_identifier = p.policy_identifier
JOIN oda_benchmark.acme_policy_amount pa
  ON p.policy_identifier = pa.policy_identifier
JOIN oda_benchmark.acme_premium pr
  ON pa.policy_amount_identifier = pr.policy_amount_identifier
WHERE apr.party_role_code = 'PH'
GROUP BY apr.party_identifier
ORDER BY total_premiums_paid DESC"
4,Q07,7,LQLS,dimension_listing,0,What is the premium amount of all policies by policy number?,1,1,1,0.0,0,0,0.5,0.5,"SELECT p.policy_number, SUM(pa.policy_amount) AS total_premium_amount
FROM oda_benchmark.acme_policy p
JOIN oda_benchmark.acme_policy_amount pa ON p.policy_identifier = pa.policy_identifier
JOIN oda_benchmark.acme_premium pr ON pa.policy_amount_identifier = pr.policy_amount_identifier
GROUP BY p.policy_number
ORDER BY total_premium_amount DESC","SELECT p.policy_number,
       SUM(pa.policy_amount) AS premium_amount
FROM oda_benchmark.acme_policy p
JOIN oda_benchmark.acme_policy_amount pa
  ON p.policy_identifier = pa.policy_identifier
JOIN oda_benchmark.acme_premium pr
  ON pa.policy_amount_identifier = pr.policy_amount_identifier
GROUP BY p.policy_number
ORDER BY p.policy_number ASC"
4,Q08,8,LQLS,dimension_listing,0,"What is the premium amount of all policies by policy number, coverage effective date and coverage expiration date",1,1,1,0.0,0,0,0.75,0.75,"SELECT p.policy_number,
       pcd.effective_date AS coverage_effective_date,
       pcd.expiration_date AS coverage_expiration_date,
       SUM(pa.policy_amount) AS total_premium_amount
FROM oda_benchmark.acme_policy p
JOIN oda_benchmark.acme_policy_coverage_detail pcd
  ON p.policy_identifier = pcd.policy_identifier
JOIN oda_benchmark.acme_policy_amount pa
  ON p.policy_identifier = pa.policy_identifier
JOIN oda_benchmark.acme_premium pr
  ON pa.policy_amount_identifier = pr.policy_amount_identifier
GROUP BY p.policy_number, pcd.effective_date, pcd.expiration_date
ORDER BY p.policy_number, pcd.effective_date;","SELECT p.policy_number,
       pcd.effective_date AS coverage_effective_date,
       pcd.expiration_date AS coverage_expiration_date,
       SUM(pa.policy_amount) AS premium_amount
FROM oda_benchmark.acme_policy p
JOIN oda_benchmark.acme_policy_coverage_detail pcd
  ON p.policy_identifier = pcd.policy_identifier
JOIN oda_benchmark.acme_policy_amount pa
  ON p.policy_identifier = pa.policy_identifier
JOIN oda_benchmark.acme_premium pr
  ON pa.policy_amount_identifier = pr.policy_amount_identifier
GROUP BY p.policy_number, pcd.effective_date, pcd.expiration_date
ORDER BY p.policy_number ASC"
4,Q09,9,LQLS,dimension_listing,0,What are the loss payment amount of all claims by claim number?,1,1,1,0.0,0,0,0.5,0.5,"SELECT c.company_claim_number, SUM(ca.claim_amount) AS total_loss_payment
FROM oda_benchmark.acme_claim c
JOIN oda_benchmark.acme_claim_amount ca ON c.claim_identifier = ca.claim_identifier
JOIN oda_benchmark.acme_loss_payment lp ON ca.claim_amount_identifier = lp.claim_amount_identifier
GROUP BY c.company_claim_number
ORDER BY total_loss_payment DESC","SELECT c.company_claim_number,
       SUM(ca.claim_amount) AS loss_payment_amount
FROM oda_benchmark.acme_claim c
JOIN oda_benchmark.acme_claim_amount ca
  ON c.claim_identifier = ca.claim_identifier
JOIN oda_benchmark.acme_loss_payment lp
  ON ca.claim_amount_identifier = lp.claim_amount_identifier
GROUP BY c.company_claim_number
ORDER BY c.company_claim_number ASC"
4,Q10,10,LQLS,dimension_listing,0,What are the loss reserve amount of all claims by claim number?,1,1,1,0.0,0,0,0.5,0.5,"SELECT c.company_claim_number, SUM(ca.claim_amount) AS total_loss_reserve
FROM oda_benchmark.acme_claim c
JOIN oda_benchmark.acme_claim_amount ca ON c.claim_identifier = ca.claim_identifier
JOIN oda_benchmark.acme_loss_reserve lr ON ca.claim_amount_identifier = lr.claim_amount_identifier
GROUP BY c.company_claim_number
ORDER BY total_loss_reserve DESC","SELECT c.company_claim_number,
       SUM(ca.claim_amount) AS loss_reserve_amount
FROM oda_benchmark.acme_claim c
JOIN oda_benchmark.acme_claim_amount ca
  ON c.claim_identifier = ca.claim_identifier
JOIN oda_benchmark.acme_loss_reserve lr
  ON ca.claim_amount_identifier = lr.claim_amount_identifier
GROUP BY c.company_claim_number
ORDER BY c.company_claim_number ASC"
4,Q11,11,LQLS,dimension_listing,0,What are the expense payment amount of all claims by claim number?,1,1,1,0.0,0,0,0.5,0.5,"SELECT c.company_claim_number, SUM(ca.claim_amount) AS total_expense_payment
FROM oda_benchmark.acme_claim c
JOIN oda_benchmark.acme_claim_amount ca ON c.claim_identifier = ca.claim_identifier
JOIN oda_benchmark.acme_expense_payment ep ON ca.claim_amount_identifier = ep.claim_amount_identifier
GROUP BY c.company_claim_number
ORDER BY total_expense_payment DESC","SELECT c.company_claim_number,
       SUM(ca.claim_amount) AS expense_payment_amount
FROM oda_benchmark.acme_claim c
JOIN oda_benchmark.acme_claim_amount ca
  ON c.claim_identifier = ca.claim_identifier
JOIN oda_benchmark.acme_expense_payment ep
  ON ca.claim_amount_identifier = ep.claim_amount_identifier
GROUP BY c.company_claim_number
ORDER BY c.company_claim_number ASC"
4,Q12,12,LQLS,dimension_listing,0,What are the expense reserve amount of all claims by claim number?,1,1,1,0.0,0,0,0.5,0.5,"SELECT c.company_claim_number, SUM(ca.claim_amount) AS total_expense_reserve
FROM oda_benchmark.acme_claim c
JOIN oda_benchmark.acme_claim_amount ca ON c.claim_identifier = ca.claim_identifier
JOIN oda_benchmark.acme_expense_reserve er ON ca.claim_amount_identifier = er.claim_amount_identifier
GROUP BY c.company_claim_number
ORDER BY total_expense_reserve DESC","SELECT c.company_claim_number,
       SUM(ca.claim_amount) AS expense_reserve_amount
FROM oda_benchmark.acme_claim c
JOIN oda_benchmark.acme_claim_amount ca
  ON c.claim_identifier = ca.claim_identifier
JOIN oda_benchmark.acme_expense_reserve er
  ON ca.claim_amount_identifier = er.claim_amount_identifier
GROUP BY c.company_claim_number
ORDER BY c.company_claim_number ASC"
4,Q13,13,LQHS,dimension_listing,0,"What are the loss payment, loss reserve, expense payment, expense reserve amount by claim number?",1,1,1,1.0,1,1,1.0,1.0,"SELECT c.company_claim_number,
       SUM(CASE WHEN lp.claim_amount_identifier IS NOT NULL THEN ca.claim_amount ELSE 0 END) AS loss_payment_amount,
       SUM(CASE WHEN lr.claim_amount_identifier IS NOT NULL THEN ca.claim_amount ELSE 0 END) AS loss_reserve_amount,
       SUM(CASE WHEN ep.claim_amount_identifier IS NOT NULL THEN ca.claim_amount ELSE 0 END) AS expense_payment_amount,
       SUM(CASE WHEN er.claim_amount_identifier IS NOT NULL THEN ca.claim_amount ELSE 0 END) AS expense_reserve_amount
FROM oda_benchmark.acme_claim c
JOIN oda_benchmark.acme_claim_amount ca
  ON c.claim_identifier = ca.claim_identifier
LEFT JOIN oda_benchmark.acme_loss_payment lp
  ON ca.claim_amount_identifier = lp.claim_amount_identifier
LEFT JOIN oda_benchmark.acme_loss_reserve lr
  ON ca.claim_amount_identifier = lr.claim_amount_identifier
LEFT JOIN oda_benchmark.acme_expense_payment ep
  ON ca.claim_amount_identifier = ep.claim_amount_identifier
LEFT JOIN oda_benchmark.acme_expense_reserve er
  ON ca.claim_amount_identifier = er.claim_amount_identifier
GROUP BY c.company_claim_number
ORDER BY c.company_claim_number;","SELECT c.company_claim_number,
       COALESCE(SUM(CASE WHEN lp.claim_amount_identifier IS NOT NULL THEN ca.claim_amount END), 0) AS loss_payment_amount,
       COALESCE(SUM(CASE WHEN lr.claim_amount_identifier IS NOT NULL THEN ca.claim_amount END), 0) AS loss_reserve_amount,
       COALESCE(SUM(CASE WHEN ep.claim_amount_identifier IS NOT NULL THEN ca.claim_amount END), 0) AS expense_payment_amount,
       COALESCE(SUM(CASE WHEN er.claim_amount_identifier IS NOT NULL THEN ca.claim_amount END), 0) AS expense_reserve_amount
FROM oda_benchmark.acme_claim c
JOIN oda_benchmark.acme_claim_amount ca ON c.claim_identifier = ca.claim_identifier
LEFT JOIN oda_benchmark.acme_loss_payment lp ON ca.claim_amount_identifier = lp.claim_amount_identifier
LEFT JOIN oda_benchmark.acme_loss_reserve lr ON ca.claim_amount_identifier = lr.claim_amount_identifier
LEFT JOIN oda_benchmark.acme_expense_payment ep ON ca.claim_amount_identifier = ep.claim_amount_identifier
LEFT JOIN oda_benchmark.acme_expense_reserve er ON ca.claim_amount_identifier = er.claim_amount_identifier
GROUP BY c.company_claim_number
ORDER BY c.company_claim_number ASC"
4,Q14,14,LQHS,dimension_listing,0,"What are the loss payment, loss reserve, expense payment, expense reserve amount by claim number and corresponding policy number, policy holder and premium amount paid?",1,1,1,0.0,0,0,1.0,0.4375,"SELECT 
  c.company_claim_number,
  p.policy_number,
  ph.party_identifier AS policyholder_id,
  SUM(CASE WHEN lp.claim_amount_identifier IS NOT NULL THEN ca.claim_amount ELSE 0 END) AS loss_payment_amount,
  SUM(CASE WHEN lr.claim_amount_identifier IS NOT NULL THEN ca.claim_amount ELSE 0 END) AS loss_reserve_amount,
  SUM(CASE WHEN ep.claim_amount_identifier IS NOT NULL THEN ca.claim_amount ELSE 0 END) AS expense_payment_amount,
  SUM(CASE WHEN er.claim_amount_identifier IS NOT NULL THEN ca.claim_amount ELSE 0 END) AS expense_reserve_amount,
  SUM(prm.policy_amount) AS premium_amount
FROM oda_benchmark.acme_claim c
LEFT JOIN oda_benchmark.acme_claim_amount ca ON c.claim_identifier = ca.claim_identifier
LEFT JOIN oda_benchmark.acme_loss_payment lp ON ca.claim_amount_identifier = lp.claim_amount_identifier
LEFT JOIN oda_benchmark.acme_loss_reserve lr ON ca.claim_amount_identifier = lr.claim_amount_identifier
LEFT JOIN oda_benchmark.acme_expense_payment ep ON ca.claim_amount_identifier = ep.claim_amount_identifier
LEFT JOIN oda_benchmark.acme_expense_reserve er ON ca.claim_amount_identifier = er.claim_amount_identifier
LEFT JOIN oda_benchmark.acme_claim_coverage cc ON c.claim_identifier = cc.claim_identifier
LEFT JOIN oda_benchmark.acme_policy_coverage_detail pcd ON cc.policy_coverage_detail_identifier = pcd.policy_coverage_detail_identifier
LEFT JOIN oda_benchmark.acme_policy p ON pcd.policy_identifier = p.policy_identifier
LEFT JOIN oda_benchmark.acme_agreement_party_role ph ON p.policy_identifier = ph.agreement_identifier AND ph.party_role_code = 'PH'
LEFT JOIN oda_benchmark.acme_policy_amount prm ON p.policy_identifier = prm.policy_identifier
LEFT JOIN oda_benchmark.acme_premium pr ON prm.policy_amount_identifier = pr.policy_amount_identifier
GROUP BY c.company_claim_number, p.policy_number, ph.party_identifier
ORDER BY c.company_claim_number;","SELECT c.company_claim_number,
       p.policy_number,
       apr.party_identifier AS policyholder_id,
       SUM(DISTINCT pa.policy_amount) AS premium_amount,
       COALESCE(SUM(CASE WHEN lp.claim_amount_identifier IS NOT NULL THEN ca.claim_amount END), 0) AS loss_payment_amount,
       COALESCE(SUM(CASE WHEN lr.claim_amount_identifier IS NOT NULL THEN ca.claim_amount END), 0) AS loss_reserve_amount,
       COALESCE(SUM(CASE WHEN ep.claim_amount_identifier IS NOT NULL THEN ca.claim_amount END), 0) AS expense_payment_amount,
       COALESCE(SUM(CASE WHEN er.claim_amount_identifier IS NOT NULL THEN ca.claim_amount END), 0) AS expense_reserve_amount
FROM oda_benchmark.acme_claim c
JOIN oda_benchmark.acme_claim_amount ca ON c.claim_identifier = ca.claim_identifier
LEFT JOIN oda_benchmark.acme_loss_payment lp ON ca.claim_amount_identifier = lp.claim_amount_identifier
LEFT JOIN oda_benchmark.acme_loss_reserve lr ON ca.claim_amount_identifier = lr.claim_amount_identifier
LEFT JOIN oda_benchmark.acme_expense_payment ep ON ca.claim_amount_identifier = ep.claim_amount_identifier
LEFT JOIN oda_benchmark.acme_expense_reserve er ON ca.claim_amount_identifier = er.claim_amount_identifier
JOIN oda_benchmark.acme_claim_coverage cc ON c.claim_identifier = cc.claim_identifier
JOIN oda_benchmark.acme_policy_coverage_detail pcd ON cc.policy_coverage_detail_identifier = pcd.policy_coverage_detail_identifier
JOIN oda_benchmark.acme_policy p ON pcd.policy_identifier = p.policy_identifier
JOIN oda_benchmark.acme_agreement_party_role apr ON p.policy_identifier = apr.agreement_identifier
JOIN oda_benchmark.acme_policy_amount pa ON p.policy_identifier = pa.policy_identifier
JOIN oda_benchmark.acme_premium pr ON pa.policy_amount_identifier = pr.policy_amount_identifier
WHERE apr.party_role_code = 'PH'
GROUP BY c.company_claim_number, p.policy_number, apr.party_identifier
ORDER BY c.company_claim_number ASC"
4,Q15,15,LQHS,dimension_listing,0,"What are the loss payment, loss reserve, expense payment, expense reserve amount by claim number and corresponding policy number, policy holder, premium amount paid and the agent who sold it?",1,1,1,0.0,0,0,1.0,0.5,"SELECT 
  c.company_claim_number,
  p.policy_number,
  ph.party_identifier AS policyholder_id,
  ag.party_identifier AS agent_id,
  SUM(CASE WHEN lp.claim_amount_identifier IS NOT NULL THEN ca.claim_amount ELSE 0 END) AS loss_payment_amount,
  SUM(CASE WHEN lr.claim_amount_identifier IS NOT NULL THEN ca.claim_amount ELSE 0 END) AS loss_reserve_amount,
  SUM(CASE WHEN ep.claim_amount_identifier IS NOT NULL THEN ca.claim_amount ELSE 0 END) AS expense_payment_amount,
  SUM(CASE WHEN er.claim_amount_identifier IS NOT NULL THEN ca.claim_amount ELSE 0 END) AS expense_reserve_amount,
  SUM(prm.policy_amount) AS premium_amount
FROM oda_benchmark.acme_claim c
LEFT JOIN oda_benchmark.acme_claim_amount ca 
  ON c.claim_identifier = ca.claim_identifier
LEFT JOIN oda_benchmark.acme_loss_payment lp 
  ON ca.claim_amount_identifier = lp.claim_amount_identifier
LEFT JOIN oda_benchmark.acme_loss_reserve lr 
  ON ca.claim_amount_identifier = lr.claim_amount_identifier
LEFT JOIN oda_benchmark.acme_expense_payment ep 
  ON ca.claim_amount_identifier = ep.claim_amount_identifier
LEFT JOIN oda_benchmark.acme_expense_reserve er 
  ON ca.claim_amount_identifier = er.claim_amount_identifier
LEFT JOIN oda_benchmark.acme_claim_coverage cc 
  ON c.claim_identifier = cc.claim_identifier
LEFT JOIN oda_benchmark.acme_policy_coverage_detail pcd 
  ON cc.policy_coverage_detail_identifier = pcd.policy_coverage_detail_identifier
LEFT JOIN oda_benchmark.acme_policy p 
  ON pcd.policy_identifier = p.policy_identifier
LEFT JOIN oda_benchmark.acme_agreement_party_role ph 
  ON p.policy_identifier = ph.agreement_identifier AND ph.party_role_code = 'PH'
LEFT JOIN oda_benchmark.acme_agreement_party_role ag 
  ON p.policy_identifier = ag.agreement_identifier AND ag.party_role_code = 'AG'
LEFT JOIN oda_benchmark.acme_policy_amount pa 
  ON p.policy_identifier = pa.policy_identifier
LEFT JOIN oda_benchmark.acme_premium prm_link 
  ON pa.policy_amount_identifier = prm_link.policy_amount_identifier
LEFT JOIN oda_benchmark.acme_policy_amount prm 
  ON prm.policy_amount_identifier = prm_link.policy_amount_identifier
GROUP BY 
  c.company_claim_number,
  p.policy_number,
  ph.party_identifier,
  ag.party_identifier
ORDER BY c.company_claim_number;","SELECT c.company_claim_number,
       p.policy_number,
       ph_apr.party_identifier AS policyholder_id,
       ag_apr.party_identifier AS agent_id,
       SUM(DISTINCT pa.policy_amount) AS premium_amount,
       COALESCE(SUM(CASE WHEN lp.claim_amount_identifier IS NOT NULL THEN ca.claim_amount END), 0) AS loss_payment_amount,
       COALESCE(SUM(CASE WHEN lr.claim_amount_identifier IS NOT NULL THEN ca.claim_amount END), 0) AS loss_reserve_amount,
       COALESCE(SUM(CASE WHEN ep.claim_amount_identifier IS NOT NULL THEN ca.claim_amount END), 0) AS expense_payment_amount,
       COALESCE(SUM(CASE WHEN er.claim_amount_identifier IS NOT NULL THEN ca.claim_amount END), 0) AS expense_reserve_amount
FROM oda_benchmark.acme_claim c
JOIN oda_benchmark.acme_claim_amount ca ON c.claim_identifier = ca.claim_identifier
LEFT JOIN oda_benchmark.acme_loss_payment lp ON ca.claim_amount_identifier = lp.claim_amount_identifier
LEFT JOIN oda_benchmark.acme_loss_reserve lr ON ca.claim_amount_identifier = lr.claim_amount_identifier
LEFT JOIN oda_benchmark.acme_expense_payment ep ON ca.claim_amount_identifier = ep.claim_amount_identifier
LEFT JOIN oda_benchmark.acme_expense_reserve er ON ca.claim_amount_identifier = er.claim_amount_identifier
JOIN oda_benchmark.acme_claim_coverage cc ON c.claim_identifier = cc.claim_identifier
JOIN oda_benchmark.acme_policy_coverage_detail pcd ON cc.policy_coverage_detail_identifier = pcd.policy_coverage_detail_identifier
JOIN oda_benchmark.acme_policy p ON pcd.policy_identifier = p.policy_identifier
JOIN oda_benchmark.acme_agreement_party_role ph_apr
  ON p.policy_identifier = ph_apr.agreement_identifier AND ph_apr.party_role_code = 'PH'
JOIN oda_benchmark.acme_agreement_party_role ag_apr
  ON p.policy_identifier = ag_apr.agreement_identifier AND ag_apr.party_role_code = 'AG'
JOIN oda_benchmark.acme_policy_amount pa ON p.policy_identifier = pa.policy_identifier
JOIN oda_benchmark.acme_premium pr ON pa.policy_amount_identifier = pr.policy_amount_identifier
GROUP BY c.company_claim_number, p.policy_number, ph_apr.party_identifier, ag_apr.party_identifier
ORDER BY c.company_claim_number ASC"
4,Q16,16,LQHS,dimension_listing,0,"What are the loss payment, loss reserve, expense payment, expense reserve amount by claim number and corresponding policy number, policy holder, premium amount paid, the catastrophe it had, and the agent who sold it?",1,1,1,0.0,0,0,1.0,0.55,"SELECT
  c.company_claim_number,
  p.policy_number,
  ph.party_identifier AS policyholder_id,
  ag.party_identifier AS agent_id,
  cat.catastrophe_name,
  SUM(CASE WHEN lp.claim_amount_identifier IS NOT NULL THEN ca.claim_amount ELSE 0 END) AS loss_payment_amount,
  SUM(CASE WHEN lr.claim_amount_identifier IS NOT NULL THEN ca.claim_amount ELSE 0 END) AS loss_reserve_amount,
  SUM(CASE WHEN ep.claim_amount_identifier IS NOT NULL THEN ca.claim_amount ELSE 0 END) AS expense_payment_amount,
  SUM(CASE WHEN er.claim_amount_identifier IS NOT NULL THEN ca.claim_amount ELSE 0 END) AS expense_reserve_amount,
  SUM(DISTINCT pa.policy_amount) AS premium_amount
FROM oda_benchmark.acme_claim c
LEFT JOIN oda_benchmark.acme_claim_amount ca
  ON c.claim_identifier = ca.claim_identifier
LEFT JOIN oda_benchmark.acme_loss_payment lp
  ON ca.claim_amount_identifier = lp.claim_amount_identifier
LEFT JOIN oda_benchmark.acme_loss_reserve lr
  ON ca.claim_amount_identifier = lr.claim_amount_identifier
LEFT JOIN oda_benchmark.acme_expense_payment ep
  ON ca.claim_amount_identifier = ep.claim_amount_identifier
LEFT JOIN oda_benchmark.acme_expense_reserve er
  ON ca.claim_amount_identifier = er.claim_amount_identifier
LEFT JOIN oda_benchmark.acme_claim_coverage cc
  ON c.claim_identifier = cc.claim_identifier
LEFT JOIN oda_benchmark.acme_policy_coverage_detail pcd
  ON cc.policy_coverage_detail_identifier = pcd.policy_coverage_detail_identifier
LEFT JOIN oda_benchmark.acme_policy p
  ON pcd.policy_identifier = p.policy_identifier
LEFT JOIN oda_benchmark.acme_agreement_party_role ph
  ON p.policy_identifier = ph.agreement_identifier AND ph.party_role_code = 'PH'
LEFT JOIN oda_benchmark.acme_agreement_party_role ag
  ON p.policy_identifier = ag.agreement_identifier AND ag.party_role_code = 'AG'
LEFT JOIN oda_benchmark.acme_policy_amount pa
  ON p.policy_identifier = pa.policy_identifier
LEFT JOIN oda_benchmark.acme_premium pr
  ON pa.policy_amount_identifier = pr.policy_amount_identifier
LEFT JOIN oda_benchmark.acme_catastrophe cat
  ON c.catastrophe_identifier = cat.catastrophe_identifier
GROUP BY
  c.company_claim_number,
  p.policy_number,
  ph.party_identifier,
  ag.party_identifier,
  cat.catastrophe_name;","SELECT c.company_claim_number,
       p.policy_number,
       ph_apr.party_identifier AS policyholder_id,
       ag_apr.party_identifier AS agent_id,
       cat.catastrophe_name,
       SUM(DISTINCT pa.policy_amount) AS premium_amount,
       COALESCE(SUM(CASE WHEN lp.claim_amount_identifier IS NOT NULL THEN ca.claim_amount END), 0) AS loss_payment_amount,
       COALESCE(SUM(CASE WHEN lr.claim_amount_identifier IS NOT NULL THEN ca.claim_amount END), 0) AS loss_reserve_amount,
       COALESCE(SUM(CASE WHEN ep.claim_amount_identifier IS NOT NULL THEN ca.claim_amount END), 0) AS expense_payment_amount,
       COALESCE(SUM(CASE WHEN er.claim_amount_identifier IS NOT NULL THEN ca.claim_amount END), 0) AS expense_reserve_amount
FROM oda_benchmark.acme_claim c
JOIN oda_benchmark.acme_claim_amount ca ON c.claim_identifier = ca.claim_identifier
LEFT JOIN oda_benchmark.acme_loss_payment lp ON ca.claim_amount_identifier = lp.claim_amount_identifier
LEFT JOIN oda_benchmark.acme_loss_reserve lr ON ca.claim_amount_identifier = lr.claim_amount_identifier
LEFT JOIN oda_benchmark.acme_expense_payment ep ON ca.claim_amount_identifier = ep.claim_amount_identifier
LEFT JOIN oda_benchmark.acme_expense_reserve er ON ca.claim_amount_identifier = er.claim_amount_identifier
LEFT JOIN oda_benchmark.acme_catastrophe cat ON c.catastrophe_identifier = cat.catastrophe_identifier
JOIN oda_benchmark.acme_claim_coverage cc ON c.claim_identifier = cc.claim_identifier
JOIN oda_benchmark.acme_policy_coverage_detail pcd ON cc.policy_coverage_detail_identifier = pcd.policy_coverage_detail_identifier
JOIN oda_benchmark.acme_policy p ON pcd.policy_identifier = p.policy_identifier
JOIN oda_benchmark.acme_agreement_party_role ph_apr
  ON p.policy_identifier = ph_apr.agreement_identifier AND ph_apr.party_role_code = 'PH'
JOIN oda_benchmark.acme_agreement_party_role ag_apr
  ON p.policy_identifier = ag_apr.agreement_identifier AND ag_apr.party_role_code = 'AG'
JOIN oda_benchmark.acme_policy_amount pa ON p.policy_identifier = pa.policy_identifier
JOIN oda_benchmark.acme_premium pr ON pa.policy_amount_identifier = pr.policy_amount_identifier
GROUP BY c.company_claim_number, p.policy_number, ph_apr.party_identifier, ag_apr.party_identifier, cat.catastrophe_name
ORDER BY c.company_claim_number ASC"
4,Q17,17,LQHS,dimension_listing,0,Return policy holders and the claims they have made and the corresponding catastrophe,1,1,1,0.0,0,0,0.5714,0.5714,"SELECT pr.party_identifier,
       p.party_name,
       c.company_claim_number,
       cat.catastrophe_name
FROM oda_benchmark.acme_agreement_party_role pr
JOIN oda_benchmark.acme_party p
  ON pr.party_identifier = p.party_identifier
JOIN oda_benchmark.acme_policy pol
  ON pr.agreement_identifier = pol.policy_identifier
JOIN oda_benchmark.acme_policy_coverage_detail pcd
  ON pol.policy_identifier = pcd.policy_identifier
JOIN oda_benchmark.acme_claim_coverage cc
  ON pcd.policy_coverage_detail_identifier = cc.policy_coverage_detail_identifier
JOIN oda_benchmark.acme_claim c
  ON cc.claim_identifier = c.claim_identifier
LEFT JOIN oda_benchmark.acme_catastrophe cat
  ON c.catastrophe_identifier = cat.catastrophe_identifier
WHERE pr.party_role_code = 'PH';","SELECT apr.party_identifier AS policyholder_id,
       c.company_claim_number,
       cat.catastrophe_name
FROM oda_benchmark.acme_claim c
LEFT JOIN oda_benchmark.acme_catastrophe cat ON c.catastrophe_identifier = cat.catastrophe_identifier
JOIN oda_benchmark.acme_claim_coverage cc ON c.claim_identifier = cc.claim_identifier
JOIN oda_benchmark.acme_policy_coverage_detail pcd ON cc.policy_coverage_detail_identifier = pcd.policy_coverage_detail_identifier
JOIN oda_benchmark.acme_policy p ON pcd.policy_identifier = p.policy_identifier
JOIN oda_benchmark.acme_agreement_party_role apr ON p.policy_identifier = apr.agreement_identifier
WHERE apr.party_role_code = 'PH'
ORDER BY apr.party_identifier ASC"
4,Q18,18,LQHS,dimension_listing,0,Return agents and the policy they have sold that have had a claim and the corresponding catastrophe it had.,1,1,1,0.0,0,0,0.5714,0.3636,"SELECT DISTINCT apr.party_identifier,
       p.policy_number,
       cat.catastrophe_name
FROM oda_benchmark.acme_agreement_party_role apr
JOIN oda_benchmark.acme_policy p
  ON apr.agreement_identifier = p.policy_identifier
JOIN oda_benchmark.acme_policy_coverage_detail pcd
  ON p.policy_identifier = pcd.policy_identifier
JOIN oda_benchmark.acme_claim_coverage cc
  ON pcd.policy_coverage_detail_identifier = cc.policy_coverage_detail_identifier
JOIN oda_benchmark.acme_claim c
  ON cc.claim_identifier = c.claim_identifier
LEFT JOIN oda_benchmark.acme_catastrophe cat
  ON c.catastrophe_identifier = cat.catastrophe_identifier
WHERE apr.party_role_code = 'AG';","SELECT apr.party_identifier AS agent_id,
       p.policy_number,
       c.company_claim_number,
       cat.catastrophe_name
FROM oda_benchmark.acme_claim c
LEFT JOIN oda_benchmark.acme_catastrophe cat ON c.catastrophe_identifier = cat.catastrophe_identifier
JOIN oda_benchmark.acme_claim_coverage cc ON c.claim_identifier = cc.claim_identifier
JOIN oda_benchmark.acme_policy_coverage_detail pcd ON cc.policy_coverage_detail_identifier = pcd.policy_coverage_detail_identifier
JOIN oda_benchmark.acme_policy p ON pcd.policy_identifier = p.policy_identifier
JOIN oda_benchmark.acme_agreement_party_role apr ON p.policy_identifier = apr.agreement_identifier
WHERE apr.party_role_code = 'AG'
ORDER BY apr.party_identifier ASC"
4,Q19,19,LQHS,dimension_listing,0,"Return agents and the policies they have sold that have had a claim and the corresponding loss payment amount by agent id, policy number and claim number",1,1,1,0.0,0,0,0.75,0.75,"SELECT apr.party_identifier,
       p.policy_number,
       c.company_claim_number,
       SUM(ca.claim_amount) AS loss_payment_amount
FROM oda_benchmark.acme_agreement_party_role apr
JOIN oda_benchmark.acme_policy p
  ON apr.agreement_identifier = p.policy_identifier
JOIN oda_benchmark.acme_policy_coverage_detail pcd
  ON p.policy_identifier = pcd.policy_identifier
JOIN oda_benchmark.acme_claim_coverage cc
  ON cc.policy_coverage_detail_identifier = pcd.policy_coverage_detail_identifier
JOIN oda_benchmark.acme_claim c
  ON c.claim_identifier = cc.claim_identifier
JOIN oda_benchmark.acme_claim_amount ca
  ON ca.claim_identifier = c.claim_identifier
JOIN oda_benchmark.acme_loss_payment lp
  ON lp.claim_amount_identifier = ca.claim_amount_identifier
WHERE apr.party_role_code = 'AG'
GROUP BY apr.party_identifier, p.policy_number, c.company_claim_number
ORDER BY apr.party_identifier;","SELECT apr.party_identifier AS agent_id,
       p.policy_number,
       c.company_claim_number,
       SUM(ca.claim_amount) AS loss_payment_amount
FROM oda_benchmark.acme_claim c
JOIN oda_benchmark.acme_claim_coverage cc ON c.claim_identifier = cc.claim_identifier
JOIN oda_benchmark.acme_policy_coverage_detail pcd ON cc.policy_coverage_detail_identifier = pcd.policy_coverage_detail_identifier
JOIN oda_benchmark.acme_policy p ON pcd.policy_identifier = p.policy_identifier
JOIN oda_benchmark.acme_agreement_party_role apr ON p.policy_identifier = apr.agreement_identifier
JOIN oda_benchmark.acme_claim_amount ca ON c.claim_identifier = ca.claim_identifier
JOIN oda_benchmark.acme_loss_payment lp ON ca.claim_amount_identifier = lp.claim_amount_identifier
WHERE apr.party_role_code = 'AG'
GROUP BY apr.party_identifier, p.policy_number, c.company_claim_number
ORDER BY apr.party_identifier ASC"
4,Q20,20,LQHS,dimension_listing,0,"Return agents and the policy they have sold that have had a claim and the corresponding loss reserve amount by agent id, policy number and claim number",1,1,1,0.0,0,0,0.75,0.75,"SELECT apr.party_identifier,
       p.policy_number,
       c.company_claim_number,
       SUM(ca.claim_amount) AS loss_reserve_amount
FROM oda_benchmark.acme_agreement_party_role apr
JOIN oda_benchmark.acme_policy p
  ON apr.agreement_identifier = p.policy_identifier
JOIN oda_benchmark.acme_policy_coverage_detail pcd
  ON p.policy_identifier = pcd.policy_identifier
JOIN oda_benchmark.acme_claim_coverage cc
  ON pcd.policy_coverage_detail_identifier = cc.policy_coverage_detail_identifier
JOIN oda_benchmark.acme_claim c
  ON cc.claim_identifier = c.claim_identifier
JOIN oda_benchmark.acme_claim_amount ca
  ON c.claim_identifier = ca.claim_identifier
JOIN oda_benchmark.acme_loss_reserve lr
  ON ca.claim_amount_identifier = lr.claim_amount_identifier
WHERE apr.party_role_code = 'AG'
GROUP BY apr.party_identifier, p.policy_number, c.company_claim_number
ORDER BY apr.party_identifier, p.policy_number, c.company_claim_number","SELECT apr.party_identifier AS agent_id,
       p.policy_number,
       c.company_claim_number,
       SUM(ca.claim_amount) AS loss_reserve_amount
FROM oda_benchmark.acme_claim c
JOIN oda_benchmark.acme_claim_coverage cc ON c.claim_identifier = cc.claim_identifier
JOIN oda_benchmark.acme_policy_coverage_detail pcd ON cc.policy_coverage_detail_identifier = pcd.policy_coverage_detail_identifier
JOIN oda_benchmark.acme_policy p ON pcd.policy_identifier = p.policy_identifier
JOIN oda_benchmark.acme_agreement_party_role apr ON p.policy_identifier = apr.agreement_identifier
JOIN oda_benchmark.acme_claim_amount ca ON c.claim_identifier = ca.claim_identifier
JOIN oda_benchmark.acme_loss_reserve lr ON ca.claim_amount_identifier = lr.claim_amount_identifier
WHERE apr.party_role_code = 'AG'
GROUP BY apr.party_identifier, p.policy_number, c.company_claim_number
ORDER BY apr.party_identifier ASC"
4,Q21,21,LQHS,dimension_listing,0,"Return agents and the policy they have sold that have had a claim and the corresponding expense payment amount by agent id, policy number and claim number",1,1,1,0.0,0,0,0.5,0.5,"SELECT apr.party_identifier,
       p.policy_number,
       c.company_claim_number,
       SUM(ca.claim_amount) AS total_expense_payment
FROM oda_benchmark.acme_agreement_party_role apr
JOIN oda_benchmark.acme_policy p
  ON apr.agreement_identifier = p.policy_identifier
JOIN oda_benchmark.acme_policy_coverage_detail pcd
  ON p.policy_identifier = pcd.policy_identifier
JOIN oda_benchmark.acme_claim_coverage cc
  ON pcd.policy_coverage_detail_identifier = cc.policy_coverage_detail_identifier
JOIN oda_benchmark.acme_claim c
  ON cc.claim_identifier = c.claim_identifier
JOIN oda_benchmark.acme_claim_amount ca
  ON c.claim_identifier = ca.claim_identifier
JOIN oda_benchmark.acme_expense_payment ep
  ON ca.claim_amount_identifier = ep.claim_amount_identifier
WHERE apr.party_role_code = 'AG'
GROUP BY apr.party_identifier, p.policy_number, c.company_claim_number
ORDER BY apr.party_identifier, p.policy_number, c.company_claim_number","SELECT apr.party_identifier AS agent_id,
       p.policy_number,
       c.company_claim_number,
       SUM(ca.claim_amount) AS expense_payment_amount
FROM oda_benchmark.acme_claim c
JOIN oda_benchmark.acme_claim_coverage cc ON c.claim_identifier = cc.claim_identifier
JOIN oda_benchmark.acme_policy_coverage_detail pcd ON cc.policy_coverage_detail_identifier = pcd.policy_coverage_detail_identifier
JOIN oda_benchmark.acme_policy p ON pcd.policy_identifier = p.policy_identifier
JOIN oda_benchmark.acme_agreement_party_role apr ON p.policy_identifier = apr.agreement_identifier
JOIN oda_benchmark.acme_claim_amount ca ON c.claim_identifier = ca.claim_identifier
JOIN oda_benchmark.acme_expense_payment ep ON ca.claim_amount_identifier = ep.claim_amount_identifier
WHERE apr.party_role_code = 'AG'
GROUP BY apr.party_identifier, p.policy_number, c.company_claim_number
ORDER BY apr.party_identifier ASC"
4,Q22,22,LQHS,dimension_listing,0,"Return agents and the policy they have sold that have had a claim and the corresponding expense reserve amount by agent id, policy number and claim number",1,1,1,0.0,0,0,0.5,0.5,"SELECT apr.party_identifier,
       p.policy_number,
       c.company_claim_number,
       SUM(ca.claim_amount) AS total_expense_reserve
FROM oda_benchmark.acme_agreement_party_role apr
JOIN oda_benchmark.acme_policy p
  ON apr.agreement_identifier = p.policy_identifier
JOIN oda_benchmark.acme_policy_coverage_detail pcd
  ON p.policy_identifier = pcd.policy_identifier
JOIN oda_benchmark.acme_claim_coverage cc
  ON pcd.policy_coverage_detail_identifier = cc.policy_coverage_detail_identifier
JOIN oda_benchmark.acme_claim c
  ON cc.claim_identifier = c.claim_identifier
JOIN oda_benchmark.acme_claim_amount ca
  ON c.claim_identifier = ca.claim_identifier
JOIN oda_benchmark.acme_expense_reserve er
  ON ca.claim_amount_identifier = er.claim_amount_identifier
WHERE apr.party_role_code = 'AG'
GROUP BY apr.party_identifier, p.policy_number, c.company_claim_number
ORDER BY apr.party_identifier, p.policy_number, c.company_claim_number;","SELECT apr.party_identifier AS agent_id,
       p.policy_number,
       c.company_claim_number,
       SUM(ca.claim_amount) AS expense_reserve_amount
FROM oda_benchmark.acme_claim c
JOIN oda_benchmark.acme_claim_coverage cc ON c.claim_identifier = cc.claim_identifier
JOIN oda_benchmark.acme_policy_coverage_detail pcd ON cc.policy_coverage_detail_identifier = pcd.policy_coverage_detail_identifier
JOIN oda_benchmark.acme_policy p ON pcd.policy_identifier = p.policy_identifier
JOIN oda_benchmark.acme_agreement_party_role apr ON p.policy_identifier = apr.agreement_identifier
JOIN oda_benchmark.acme_claim_amount ca ON c.claim_identifier = ca.claim_identifier
JOIN oda_benchmark.acme_expense_reserve er ON ca.claim_amount_identifier = er.claim_amount_identifier
WHERE apr.party_role_code = 'AG'
GROUP BY apr.party_identifier, p.policy_number, c.company_claim_number
ORDER BY apr.party_identifier ASC"
4,Q23,23,HQLS,aggregate,0,How many claims do we have?,1,1,1,1.0,1,1,1.0,1.0,SELECT COUNT(company_claim_number) AS claim_count FROM oda_benchmark.acme_claim,"SELECT COUNT(company_claim_number) AS claim_count
FROM oda_benchmark.acme_claim"
4,Q24,24,HQLS,aggregate,0,How many policies do we have?,1,1,1,0.0,0,0,0.0,0.0,SELECT COUNT(policy_identifier) AS policy_count FROM oda_benchmark.acme_policy,"SELECT COUNT(*) AS number_of_policies
FROM oda_benchmark.acme_policy"
4,Q25,25,HQLS,aggregate,0,How many claims have been placed by policy number?,1,1,1,1.0,1,1,1.0,1.0,"SELECT p.policy_number, COUNT(DISTINCT c.claim_identifier) AS claim_count
FROM oda_benchmark.acme_claim c
JOIN oda_benchmark.acme_claim_coverage cc ON c.claim_identifier = cc.claim_identifier
JOIN oda_benchmark.acme_policy_coverage_detail pcd ON cc.policy_coverage_detail_identifier = pcd.policy_coverage_detail_identifier
JOIN oda_benchmark.acme_policy p ON pcd.policy_identifier = p.policy_identifier
GROUP BY p.policy_number
ORDER BY claim_count DESC","SELECT p.policy_number, COUNT(c.company_claim_number) AS claim_count
FROM oda_benchmark.acme_claim c
JOIN oda_benchmark.acme_claim_coverage cc ON c.claim_identifier = cc.claim_identifier
JOIN oda_benchmark.acme_policy_coverage_detail pcd ON cc.policy_coverage_detail_identifier = pcd.policy_coverage_detail_identifier
JOIN oda_benchmark.acme_policy p ON pcd.policy_identifier = p.policy_identifier
GROUP BY p.policy_number
ORDER BY claim_count DESC"
4,Q26,26,HQLS,aggregate,0,How many policies have agents sold by agent id?,1,1,1,1.0,1,1,1.0,1.0,"SELECT party_identifier, COUNT(DISTINCT agreement_identifier) AS policy_count
FROM oda_benchmark.acme_agreement_party_role
WHERE party_role_code = 'AG'
GROUP BY party_identifier
ORDER BY policy_count DESC","SELECT party_identifier, COUNT(DISTINCT agreement_identifier) AS policy_count
FROM oda_benchmark.acme_agreement_party_role
WHERE party_role_code = 'AG'
GROUP BY party_identifier
ORDER BY policy_count DESC"
4,Q28,28,HQLS,aggregate,0,What is the total amount of premiums paid by policy number?,1,1,1,1.0,1,1,1.0,1.0,"SELECT p.policy_number, SUM(pa.policy_amount) AS total_policy_amount
FROM oda_benchmark.acme_policy p
JOIN oda_benchmark.acme_policy_amount pa ON p.policy_identifier = pa.policy_identifier
JOIN oda_benchmark.acme_premium pr ON pa.policy_amount_identifier = pr.policy_amount_identifier
GROUP BY p.policy_number
ORDER BY total_policy_amount DESC","SELECT p.policy_number, SUM(pa.policy_amount) AS total_policy_amount
FROM oda_benchmark.acme_policy p
JOIN oda_benchmark.acme_policy_amount pa ON p.policy_identifier = pa.policy_identifier
JOIN oda_benchmark.acme_premium pr ON pa.policy_amount_identifier = pr.policy_amount_identifier
GROUP BY p.policy_number
ORDER BY total_policy_amount DESC"
4,Q32,32,HQLS,aggregate,0,What is the average time to settle a claim by policy number?,1,1,1,0.0,0,0,0.5,0.5,"SELECT p.policy_number,
       AVG(c.claim_close_date - c.claim_open_date) AS avg_settlement_time
FROM oda_benchmark.acme_claim c
JOIN oda_benchmark.acme_claim_coverage cc
  ON c.claim_identifier = cc.claim_identifier
JOIN oda_benchmark.acme_policy_coverage_detail pcd
  ON cc.policy_coverage_detail_identifier = pcd.policy_coverage_detail_identifier
JOIN oda_benchmark.acme_policy p
  ON pcd.policy_identifier = p.policy_identifier
WHERE c.claim_close_date IS NOT NULL
  AND c.claim_open_date IS NOT NULL
GROUP BY p.policy_number
ORDER BY avg_settlement_time DESC","SELECT p.policy_number, AVG(EXTRACT(DAY FROM (c.claim_close_date - c.claim_open_date))) AS avg_days_to_settle
FROM oda_benchmark.acme_claim c
JOIN oda_benchmark.acme_claim_coverage cc ON c.claim_identifier = cc.claim_identifier
JOIN oda_benchmark.acme_policy_coverage_detail pcd ON cc.policy_coverage_detail_identifier = pcd.policy_coverage_detail_identifier
JOIN oda_benchmark.acme_policy p ON pcd.policy_identifier = p.policy_identifier
GROUP BY p.policy_number
ORDER BY avg_days_to_settle DESC"
4,Q31,31,HQLS,aggregate,0,"What is the total loss amounts, which is the sum of loss payment, loss reserve amount by claim number?",1,1,1,1.0,1,1,1.0,1.0,"SELECT c.company_claim_number,
       SUM(ca.claim_amount) AS total_loss_amount
FROM oda_benchmark.acme_claim c
JOIN oda_benchmark.acme_claim_amount ca
  ON c.claim_identifier = ca.claim_identifier
LEFT JOIN oda_benchmark.acme_loss_payment lp
  ON ca.claim_amount_identifier = lp.claim_amount_identifier
LEFT JOIN oda_benchmark.acme_loss_reserve lr
  ON ca.claim_amount_identifier = lr.claim_amount_identifier
WHERE lp.claim_amount_identifier IS NOT NULL
   OR lr.claim_amount_identifier IS NOT NULL
GROUP BY c.company_claim_number
ORDER BY total_loss_amount DESC","SELECT c.company_claim_number,
       COALESCE(SUM(CASE WHEN lp.claim_amount_identifier IS NOT NULL THEN ca.claim_amount END), 0) +
       COALESCE(SUM(CASE WHEN lr.claim_amount_identifier IS NOT NULL THEN ca.claim_amount END), 0) AS total_loss_amount
FROM oda_benchmark.acme_claim c
JOIN oda_benchmark.acme_claim_amount ca ON c.claim_identifier = ca.claim_identifier
LEFT JOIN oda_benchmark.acme_loss_payment lp ON ca.claim_amount_identifier = lp.claim_amount_identifier
LEFT JOIN oda_benchmark.acme_loss_reserve lr ON ca.claim_amount_identifier = lr.claim_amount_identifier
GROUP BY c.company_claim_number
HAVING COALESCE(SUM(CASE WHEN lp.claim_amount_identifier IS NOT NULL THEN ca.claim_amount END), 0) +
       COALESCE(SUM(CASE WHEN lr.claim_amount_identifier IS NOT NULL THEN ca.claim_amount END), 0) > 0
ORDER BY total_loss_amount DESC"
4,Q29,29,HQLS,aggregate,0,What is the total amount of premiums that a policy holder has paid?,1,1,1,0.0,0,0,0.5,0.5,"SELECT apr.party_identifier,
       SUM(pa.policy_amount) AS total_premium_paid
FROM oda_benchmark.acme_agreement_party_role apr
JOIN oda_benchmark.acme_policy p
  ON apr.agreement_identifier = p.policy_identifier
JOIN oda_benchmark.acme_policy_amount pa
  ON p.policy_identifier = pa.policy_identifier
JOIN oda_benchmark.acme_premium pr
  ON pa.policy_amount_identifier = pr.policy_amount_identifier
WHERE apr.party_role_code = 'PH'
GROUP BY apr.party_identifier
ORDER BY total_premium_paid DESC","SELECT apr.party_identifier, SUM(pa.policy_amount) AS total_policy_amount
FROM oda_benchmark.acme_agreement_party_role apr
JOIN oda_benchmark.acme_policy p ON apr.agreement_identifier = p.policy_identifier
JOIN oda_benchmark.acme_policy_amount pa ON p.policy_identifier = pa.policy_identifier
JOIN oda_benchmark.acme_premium pr ON pa.policy_amount_identifier = pr.policy_amount_identifier
WHERE apr.party_role_code = 'PH'
GROUP BY apr.party_identifier
ORDER BY total_policy_amount DESC"
4,Q30,30,HQLS,aggregate,0,What is the total amount of premiums that a policy holder has paid by policy number?,1,1,1,0.0,0,0,0.4,0.4,"SELECT p.policy_number, SUM(pa.policy_amount) AS total_premium_paid
FROM oda_benchmark.acme_policy p
JOIN oda_benchmark.acme_policy_amount pa ON p.policy_identifier = pa.policy_identifier
JOIN oda_benchmark.acme_premium pr ON pa.policy_amount_identifier = pr.policy_amount_identifier
JOIN oda_benchmark.acme_agreement_party_role apr ON p.policy_identifier = apr.agreement_identifier
WHERE apr.party_role_code = 'PH'
GROUP BY p.policy_number
ORDER BY total_premium_paid DESC","SELECT p.policy_number, apr.party_identifier, SUM(pa.policy_amount) AS total_policy_amount
FROM oda_benchmark.acme_agreement_party_role apr
JOIN oda_benchmark.acme_policy p ON apr.agreement_identifier = p.policy_identifier
JOIN oda_benchmark.acme_policy_amount pa ON p.policy_identifier = pa.policy_identifier
JOIN oda_benchmark.acme_premium pr ON pa.policy_amount_identifier = pr.policy_amount_identifier
WHERE apr.party_role_code = 'PH'
GROUP BY p.policy_number, apr.party_identifier
ORDER BY total_policy_amount DESC"
4,Q27,27,HQLS,aggregate,0,How many policies does each policy holder have by policy holder id?,1,1,1,1.0,1,1,1.0,1.0,"SELECT party_identifier, COUNT(DISTINCT agreement_identifier) AS policy_count
FROM oda_benchmark.acme_agreement_party_role
WHERE party_role_code = 'PH'
GROUP BY party_identifier
ORDER BY policy_count DESC","SELECT party_identifier, COUNT(DISTINCT agreement_identifier) AS policy_count
FROM oda_benchmark.acme_agreement_party_role
WHERE party_role_code = 'PH'
GROUP BY party_identifier
ORDER BY policy_count DESC"
4,Q33,33,HQLS,aggregate,0,What is the average policy size which is the total amount of premium divided by the number of policies?,1,1,1,0.0,0,0,0.0,0.0,"SELECT SUM(pa.policy_amount) / COUNT(DISTINCT p.policy_identifier) AS average_policy_size
FROM oda_benchmark.acme_policy p
JOIN oda_benchmark.acme_policy_amount pa ON p.policy_identifier = pa.policy_identifier
JOIN oda_benchmark.acme_premium pr ON pa.policy_amount_identifier = pr.policy_amount_identifier","SELECT SUM(pa.policy_amount) / NULLIF(COUNT(DISTINCT pa.policy_identifier), 0) AS avg_policy_size
FROM oda_benchmark.acme_policy_amount pa
JOIN oda_benchmark.acme_premium pr ON pa.policy_amount_identifier = pr.policy_amount_identifier"
4,Q34,34,HQHS,aggregate,0,"What is the total loss of each claim by claim number where total loss is the sum of loss payment, loss reserve, expense payment, expense reserve amount?",1,1,1,1.0,1,1,1.0,1.0,"SELECT c.company_claim_number,
       COALESCE(SUM(CASE WHEN lp.claim_amount_identifier IS NOT NULL THEN ca.claim_amount END), 0) +
       COALESCE(SUM(CASE WHEN lr.claim_amount_identifier IS NOT NULL THEN ca.claim_amount END), 0) +
       COALESCE(SUM(CASE WHEN ep.claim_amount_identifier IS NOT NULL THEN ca.claim_amount END), 0) +
       COALESCE(SUM(CASE WHEN er.claim_amount_identifier IS NOT NULL THEN ca.claim_amount END), 0) AS total_loss
FROM oda_benchmark.acme_claim c
JOIN oda_benchmark.acme_claim_amount ca
  ON c.claim_identifier = ca.claim_identifier
LEFT JOIN oda_benchmark.acme_loss_payment lp
  ON ca.claim_amount_identifier = lp.claim_amount_identifier
LEFT JOIN oda_benchmark.acme_loss_reserve lr
  ON ca.claim_amount_identifier = lr.claim_amount_identifier
LEFT JOIN oda_benchmark.acme_expense_payment ep
  ON ca.claim_amount_identifier = ep.claim_amount_identifier
LEFT JOIN oda_benchmark.acme_expense_reserve er
  ON ca.claim_amount_identifier = er.claim_amount_identifier
GROUP BY c.company_claim_number
ORDER BY total_loss DESC","SELECT c.company_claim_number,
       COALESCE(SUM(CASE WHEN lp.claim_amount_identifier IS NOT NULL THEN ca.claim_amount END), 0) +
       COALESCE(SUM(CASE WHEN lr.claim_amount_identifier IS NOT NULL THEN ca.claim_amount END), 0) +
       COALESCE(SUM(CASE WHEN ep.claim_amount_identifier IS NOT NULL THEN ca.claim_amount END), 0) +
       COALESCE(SUM(CASE WHEN er.claim_amount_identifier IS NOT NULL THEN ca.claim_amount END), 0) AS total_loss
FROM oda_benchmark.acme_claim c
JOIN oda_benchmark.acme_claim_amount ca ON c.claim_identifier = ca.claim_identifier
LEFT JOIN oda_benchmark.acme_loss_payment lp ON ca.claim_amount_identifier = lp.claim_amount_identifier
LEFT JOIN oda_benchmark.acme_loss_reserve lr ON ca.claim_amount_identifier = lr.claim_amount_identifier
LEFT JOIN oda_benchmark.acme_expense_payment ep ON ca.claim_amount_identifier = ep.claim_amount_identifier
LEFT JOIN oda_benchmark.acme_expense_reserve er ON ca.claim_amount_identifier = er.claim_amount_identifier
GROUP BY c.company_claim_number
ORDER BY total_loss DESC"
4,Q35,35,HQHS,aggregate,0,"What is the average loss of each policy by policy number where loss is the sum of loss payment, loss reserve, expense payment, expense reserve amounts?",1,1,1,0.0,0,0,0.5,0.5,"SELECT p.policy_number,
       AVG(claim_loss.total_loss) AS average_loss
FROM oda_benchmark.acme_policy p
JOIN oda_benchmark.acme_policy_coverage_detail pcd
  ON p.policy_identifier = pcd.policy_identifier
JOIN oda_benchmark.acme_claim_coverage cc
  ON pcd.policy_coverage_detail_identifier = cc.policy_coverage_detail_identifier
JOIN (
    SELECT ca.claim_identifier,
           SUM(ca.claim_amount) AS total_loss
    FROM oda_benchmark.acme_claim_amount ca
    LEFT JOIN oda_benchmark.acme_loss_payment lp
      ON ca.claim_amount_identifier = lp.claim_amount_identifier
    LEFT JOIN oda_benchmark.acme_loss_reserve lr
      ON ca.claim_amount_identifier = lr.claim_amount_identifier
    LEFT JOIN oda_benchmark.acme_expense_payment ep
      ON ca.claim_amount_identifier = ep.claim_amount_identifier
    LEFT JOIN oda_benchmark.acme_expense_reserve er
      ON ca.claim_amount_identifier = er.claim_amount_identifier
    WHERE lp.claim_amount_identifier IS NOT NULL
       OR lr.claim_amount_identifier IS NOT NULL
       OR ep.claim_amount_identifier IS NOT NULL
       OR er.claim_amount_identifier IS NOT NULL
    GROUP BY ca.claim_identifier
) AS claim_loss
  ON cc.claim_identifier = claim_loss.claim_identifier
GROUP BY p.policy_number
ORDER BY average_loss DESC;","WITH claim_loss AS (
  SELECT ca.claim_identifier,
         COALESCE(SUM(CASE WHEN lp.claim_amount_identifier IS NOT NULL THEN ca.claim_amount END), 0) +
         COALESCE(SUM(CASE WHEN lr.claim_amount_identifier IS NOT NULL THEN ca.claim_amount END), 0) +
         COALESCE(SUM(CASE WHEN ep.claim_amount_identifier IS NOT NULL THEN ca.claim_amount END), 0) +
         COALESCE(SUM(CASE WHEN er.claim_amount_identifier IS NOT NULL THEN ca.claim_amount END), 0) AS full_loss
  FROM oda_benchmark.acme_claim_amount ca
  LEFT JOIN oda_benchmark.acme_loss_payment lp ON ca.claim_amount_identifier = lp.claim_amount_identifier
  LEFT JOIN oda_benchmark.acme_loss_reserve lr ON ca.claim_amount_identifier = lr.claim_amount_identifier
  LEFT JOIN oda_benchmark.acme_expense_payment ep ON ca.claim_amount_identifier = ep.claim_amount_identifier
  LEFT JOIN oda_benchmark.acme_expense_reserve er ON ca.claim_amount_identifier = er.claim_amount_identifier
  GROUP BY ca.claim_identifier
)
SELECT p.policy_number,
       AVG(cl.full_loss) AS avg_loss
FROM oda_benchmark.acme_claim c
JOIN claim_loss cl ON c.claim_identifier = cl.claim_identifier
JOIN oda_benchmark.acme_claim_coverage cc ON c.claim_identifier = cc.claim_identifier
JOIN oda_benchmark.acme_policy_coverage_detail pcd ON cc.policy_coverage_detail_identifier = pcd.policy_coverage_detail_identifier
JOIN oda_benchmark.acme_policy p ON pcd.policy_identifier = p.policy_identifier
GROUP BY p.policy_number
ORDER BY avg_loss DESC"
4,Q36,36,HQHS,aggregate,0,"What is the total loss of each policy by policy number where total loss is the sum of loss payment, loss reserve, expense payment, expense reserve amounts?",1,1,1,1.0,1,1,1.0,1.0,"SELECT p.policy_number,
       SUM(ca.claim_amount) AS total_loss
FROM oda_benchmark.acme_policy p
JOIN oda_benchmark.acme_policy_coverage_detail pcd
  ON p.policy_identifier = pcd.policy_identifier
JOIN oda_benchmark.acme_claim_coverage cc
  ON pcd.policy_coverage_detail_identifier = cc.policy_coverage_detail_identifier
JOIN oda_benchmark.acme_claim c
  ON cc.claim_identifier = c.claim_identifier
JOIN oda_benchmark.acme_claim_amount ca
  ON c.claim_identifier = ca.claim_identifier
LEFT JOIN oda_benchmark.acme_loss_payment lp
  ON ca.claim_amount_identifier = lp.claim_amount_identifier
LEFT JOIN oda_benchmark.acme_loss_reserve lr
  ON ca.claim_amount_identifier = lr.claim_amount_identifier
LEFT JOIN oda_benchmark.acme_expense_payment ep
  ON ca.claim_amount_identifier = ep.claim_amount_identifier
LEFT JOIN oda_benchmark.acme_expense_reserve er
  ON ca.claim_amount_identifier = er.claim_amount_identifier
WHERE lp.claim_amount_identifier IS NOT NULL
   OR lr.claim_amount_identifier IS NOT NULL
   OR ep.claim_amount_identifier IS NOT NULL
   OR er.claim_amount_identifier IS NOT NULL
GROUP BY p.policy_number
ORDER BY total_loss DESC;","SELECT p.policy_number,
       COALESCE(SUM(CASE WHEN lp.claim_amount_identifier IS NOT NULL THEN ca.claim_amount END), 0) +
       COALESCE(SUM(CASE WHEN lr.claim_amount_identifier IS NOT NULL THEN ca.claim_amount END), 0) +
       COALESCE(SUM(CASE WHEN ep.claim_amount_identifier IS NOT NULL THEN ca.claim_amount END), 0) +
       COALESCE(SUM(CASE WHEN er.claim_amount_identifier IS NOT NULL THEN ca.claim_amount END), 0) AS total_loss
FROM oda_benchmark.acme_claim c
JOIN oda_benchmark.acme_claim_amount ca ON c.claim_identifier = ca.claim_identifier
LEFT JOIN oda_benchmark.acme_loss_payment lp ON ca.claim_amount_identifier = lp.claim_amount_identifier
LEFT JOIN oda_benchmark.acme_loss_reserve lr ON ca.claim_amount_identifier = lr.claim_amount_identifier
LEFT JOIN oda_benchmark.acme_expense_payment ep ON ca.claim_amount_identifier = ep.claim_amount_identifier
LEFT JOIN oda_benchmark.acme_expense_reserve er ON ca.claim_amount_identifier = er.claim_amount_identifier
JOIN oda_benchmark.acme_claim_coverage cc ON c.claim_identifier = cc.claim_identifier
JOIN oda_benchmark.acme_policy_coverage_detail pcd ON cc.policy_coverage_detail_identifier = pcd.policy_coverage_detail_identifier
JOIN oda_benchmark.acme_policy p ON pcd.policy_identifier = p.policy_identifier
GROUP BY p.policy_number
ORDER BY total_loss DESC"
4,Q37,37,HQHS,aggregate,0,"What are the total loss, which is the sum of loss payment, loss reserve, expense payment, expense reserve amount by claim number and corresponding policy number, policy holder and premium amount paid?",1,1,1,0.0,0,0,0.6,0.4,"SELECT 
  c.company_claim_number,
  p.policy_number,
  prt.party_name AS policyholder_name,
  prem.total_premium,
  SUM(ca.claim_amount) AS total_loss
FROM oda_benchmark.acme_claim c
JOIN oda_benchmark.acme_claim_amount ca 
  ON c.claim_identifier = ca.claim_identifier
LEFT JOIN oda_benchmark.acme_loss_payment lp 
  ON ca.claim_amount_identifier = lp.claim_amount_identifier
LEFT JOIN oda_benchmark.acme_loss_reserve lr 
  ON ca.claim_amount_identifier = lr.claim_amount_identifier
LEFT JOIN oda_benchmark.acme_expense_payment ep 
  ON ca.claim_amount_identifier = ep.claim_amount_identifier
LEFT JOIN oda_benchmark.acme_expense_reserve er 
  ON ca.claim_amount_identifier = er.claim_amount_identifier
JOIN oda_benchmark.acme_claim_coverage cc 
  ON c.claim_identifier = cc.claim_identifier
JOIN oda_benchmark.acme_policy_coverage_detail pcd 
  ON cc.policy_coverage_detail_identifier = pcd.policy_coverage_detail_identifier
JOIN oda_benchmark.acme_policy p 
  ON pcd.policy_identifier = p.policy_identifier
JOIN oda_benchmark.acme_agreement_party_role apr 
  ON p.policy_identifier = apr.agreement_identifier
  AND apr.party_role_code = 'PH'
JOIN oda_benchmark.acme_party prt 
  ON apr.party_identifier = prt.party_identifier
LEFT JOIN (
  SELECT pa.policy_identifier, SUM(pa.policy_amount) AS total_premium
  FROM oda_benchmark.acme_policy_amount pa
  JOIN oda_benchmark.acme_premium pr 
    ON pa.policy_amount_identifier = pr.policy_amount_identifier
  GROUP BY pa.policy_identifier
) prem 
  ON p.policy_identifier = prem.policy_identifier
WHERE lp.claim_amount_identifier IS NOT NULL
   OR lr.claim_amount_identifier IS NOT NULL
   OR ep.claim_amount_identifier IS NOT NULL
   OR er.claim_amount_identifier IS NOT NULL
GROUP BY 
  c.company_claim_number,
  p.policy_number,
  prt.party_name,
  prem.total_premium
ORDER BY total_loss DESC;","SELECT c.company_claim_number,
       p.policy_number,
       apr.party_identifier AS policyholder_id,
       SUM(DISTINCT pa.policy_amount) AS premium_amount,
       COALESCE(SUM(CASE WHEN lp.claim_amount_identifier IS NOT NULL THEN ca.claim_amount END), 0) +
       COALESCE(SUM(CASE WHEN lr.claim_amount_identifier IS NOT NULL THEN ca.claim_amount END), 0) +
       COALESCE(SUM(CASE WHEN ep.claim_amount_identifier IS NOT NULL THEN ca.claim_amount END), 0) +
       COALESCE(SUM(CASE WHEN er.claim_amount_identifier IS NOT NULL THEN ca.claim_amount END), 0) AS total_loss
FROM oda_benchmark.acme_claim c
JOIN oda_benchmark.acme_claim_amount ca ON c.claim_identifier = ca.claim_identifier
LEFT JOIN oda_benchmark.acme_loss_payment lp ON ca.claim_amount_identifier = lp.claim_amount_identifier
LEFT JOIN oda_benchmark.acme_loss_reserve lr ON ca.claim_amount_identifier = lr.claim_amount_identifier
LEFT JOIN oda_benchmark.acme_expense_payment ep ON ca.claim_amount_identifier = ep.claim_amount_identifier
LEFT JOIN oda_benchmark.acme_expense_reserve er ON ca.claim_amount_identifier = er.claim_amount_identifier
JOIN oda_benchmark.acme_claim_coverage cc ON c.claim_identifier = cc.claim_identifier
JOIN oda_benchmark.acme_policy_coverage_detail pcd ON cc.policy_coverage_detail_identifier = pcd.policy_coverage_detail_identifier
JOIN oda_benchmark.acme_policy p ON pcd.policy_identifier = p.policy_identifier
JOIN oda_benchmark.acme_agreement_party_role apr ON p.policy_identifier = apr.agreement_identifier
JOIN oda_benchmark.acme_policy_amount pa ON p.policy_identifier = pa.policy_identifier
JOIN oda_benchmark.acme_premium pr ON pa.policy_amount_identifier = pr.policy_amount_identifier
WHERE apr.party_role_code = 'PH'
GROUP BY c.company_claim_number, p.policy_number, apr.party_identifier
ORDER BY c.company_claim_number ASC"
4,Q38,38,HQHS,aggregate,0,"What are the total loss, which is the sum of loss payment, loss reserve, expense payment, expense reserve amount by catastrophe and policy number?",1,1,1,0.0,0,0,0.6667,0.6667,"SELECT 
  c.catastrophe_identifier,
  p.policy_number,
  SUM(ca.claim_amount) AS total_loss
FROM oda_benchmark.acme_claim c
JOIN oda_benchmark.acme_claim_amount ca 
  ON c.claim_identifier = ca.claim_identifier
LEFT JOIN oda_benchmark.acme_loss_payment lp 
  ON ca.claim_amount_identifier = lp.claim_amount_identifier
LEFT JOIN oda_benchmark.acme_loss_reserve lr 
  ON ca.claim_amount_identifier = lr.claim_amount_identifier
LEFT JOIN oda_benchmark.acme_expense_payment ep 
  ON ca.claim_amount_identifier = ep.claim_amount_identifier
LEFT JOIN oda_benchmark.acme_expense_reserve er 
  ON ca.claim_amount_identifier = er.claim_amount_identifier
JOIN oda_benchmark.acme_claim_coverage cc 
  ON c.claim_identifier = cc.claim_identifier
JOIN oda_benchmark.acme_policy_coverage_detail pcd 
  ON cc.policy_coverage_detail_identifier = pcd.policy_coverage_detail_identifier
JOIN oda_benchmark.acme_policy p 
  ON pcd.policy_identifier = p.policy_identifier
WHERE lp.claim_amount_identifier IS NOT NULL
   OR lr.claim_amount_identifier IS NOT NULL
   OR ep.claim_amount_identifier IS NOT NULL
   OR er.claim_amount_identifier IS NOT NULL
GROUP BY c.catastrophe_identifier, p.policy_number
ORDER BY c.catastrophe_identifier, p.policy_number","SELECT cat.catastrophe_name,
       p.policy_number,
       COALESCE(SUM(CASE WHEN lp.claim_amount_identifier IS NOT NULL THEN ca.claim_amount END), 0) +
       COALESCE(SUM(CASE WHEN lr.claim_amount_identifier IS NOT NULL THEN ca.claim_amount END), 0) +
       COALESCE(SUM(CASE WHEN ep.claim_amount_identifier IS NOT NULL THEN ca.claim_amount END), 0) +
       COALESCE(SUM(CASE WHEN er.claim_amount_identifier IS NOT NULL THEN ca.claim_amount END), 0) AS total_loss
FROM oda_benchmark.acme_claim c
LEFT JOIN oda_benchmark.acme_catastrophe cat ON c.catastrophe_identifier = cat.catastrophe_identifier
JOIN oda_benchmark.acme_claim_amount ca ON c.claim_identifier = ca.claim_identifier
LEFT JOIN oda_benchmark.acme_loss_payment lp ON ca.claim_amount_identifier = lp.claim_amount_identifier
LEFT JOIN oda_benchmark.acme_loss_reserve lr ON ca.claim_amount_identifier = lr.claim_amount_identifier
LEFT JOIN oda_benchmark.acme_expense_payment ep ON ca.claim_amount_identifier = ep.claim_amount_identifier
LEFT JOIN oda_benchmark.acme_expense_reserve er ON ca.claim_amount_identifier = er.claim_amount_identifier
JOIN oda_benchmark.acme_claim_coverage cc ON c.claim_identifier = cc.claim_identifier
JOIN oda_benchmark.acme_policy_coverage_detail pcd ON cc.policy_coverage_detail_identifier = pcd.policy_coverage_detail_identifier
JOIN oda_benchmark.acme_policy p ON pcd.policy_identifier = p.policy_identifier
GROUP BY cat.catastrophe_name, p.policy_number
ORDER BY total_loss DESC"
4,Q39,39,HQHS,aggregate,0,"What are the total loss, which is the sum of loss payment, loss reserve, expense payment, expense reserve amount by claim number, catastrophe and corresponding policy number?",1,1,1,0.0,0,0,0.75,0.75,"SELECT c.company_claim_number,
       c.catastrophe_identifier,
       p.policy_number,
       SUM(
         CASE 
           WHEN lp.claim_amount_identifier IS NOT NULL
             OR lr.claim_amount_identifier IS NOT NULL
             OR ep.claim_amount_identifier IS NOT NULL
             OR er.claim_amount_identifier IS NOT NULL
           THEN ca.claim_amount
           ELSE 0
         END
       ) AS total_loss
FROM oda_benchmark.acme_claim c
JOIN oda_benchmark.acme_claim_amount ca
  ON c.claim_identifier = ca.claim_identifier
LEFT JOIN oda_benchmark.acme_loss_payment lp
  ON ca.claim_amount_identifier = lp.claim_amount_identifier
LEFT JOIN oda_benchmark.acme_loss_reserve lr
  ON ca.claim_amount_identifier = lr.claim_amount_identifier
LEFT JOIN oda_benchmark.acme_expense_payment ep
  ON ca.claim_amount_identifier = ep.claim_amount_identifier
LEFT JOIN oda_benchmark.acme_expense_reserve er
  ON ca.claim_amount_identifier = er.claim_amount_identifier
LEFT JOIN oda_benchmark.acme_claim_coverage cc
  ON c.claim_identifier = cc.claim_identifier
LEFT JOIN oda_benchmark.acme_policy_coverage_detail pcd
  ON cc.policy_coverage_detail_identifier = pcd.policy_coverage_detail_identifier
LEFT JOIN oda_benchmark.acme_policy p
  ON pcd.policy_identifier = p.policy_identifier
GROUP BY c.company_claim_number, c.catastrophe_identifier, p.policy_number
ORDER BY total_loss DESC","SELECT c.company_claim_number,
       cat.catastrophe_name,
       p.policy_number,
       COALESCE(SUM(CASE WHEN lp.claim_amount_identifier IS NOT NULL THEN ca.claim_amount END), 0) +
       COALESCE(SUM(CASE WHEN lr.claim_amount_identifier IS NOT NULL THEN ca.claim_amount END), 0) +
       COALESCE(SUM(CASE WHEN ep.claim_amount_identifier IS NOT NULL THEN ca.claim_amount END), 0) +
       COALESCE(SUM(CASE WHEN er.claim_amount_identifier IS NOT NULL THEN ca.claim_amount END), 0) AS total_loss
FROM oda_benchmark.acme_claim c
LEFT JOIN oda_benchmark.acme_catastrophe cat ON c.catastrophe_identifier = cat.catastrophe_identifier
JOIN oda_benchmark.acme_claim_amount ca ON c.claim_identifier = ca.claim_identifier
LEFT JOIN oda_benchmark.acme_loss_payment lp ON ca.claim_amount_identifier = lp.claim_amount_identifier
LEFT JOIN oda_benchmark.acme_loss_reserve lr ON ca.claim_amount_identifier = lr.claim_amount_identifier
LEFT JOIN oda_benchmark.acme_expense_payment ep ON ca.claim_amount_identifier = ep.claim_amount_identifier
LEFT JOIN oda_benchmark.acme_expense_reserve er ON ca.claim_amount_identifier = er.claim_amount_identifier
JOIN oda_benchmark.acme_claim_coverage cc ON c.claim_identifier = cc.claim_identifier
JOIN oda_benchmark.acme_policy_coverage_detail pcd ON cc.policy_coverage_detail_identifier = pcd.policy_coverage_detail_identifier
JOIN oda_benchmark.acme_policy p ON pcd.policy_identifier = p.policy_identifier
GROUP BY c.company_claim_number, cat.catastrophe_name, p.policy_number
ORDER BY c.company_claim_number ASC"
4,Q40,40,HQHS,aggregate,0,"What is the total loss of each policy that an agent has sold by agent id where total loss is the sum of loss payment, loss reserve, expense payment, expense reserve amounts?",1,1,1,0.0,0,0,0.3333,0.3333,"SELECT apr.party_identifier,
       p.policy_identifier,
       SUM(COALESCE(ca.claim_amount, 0)) AS total_loss
FROM oda_benchmark.acme_agreement_party_role apr
JOIN oda_benchmark.acme_policy p
  ON apr.agreement_identifier = p.policy_identifier
JOIN oda_benchmark.acme_policy_coverage_detail pcd
  ON p.policy_identifier = pcd.policy_identifier
JOIN oda_benchmark.acme_claim_coverage cc
  ON pcd.policy_coverage_detail_identifier = cc.policy_coverage_detail_identifier
JOIN oda_benchmark.acme_claim c
  ON cc.claim_identifier = c.claim_identifier
JOIN oda_benchmark.acme_claim_amount ca
  ON c.claim_identifier = ca.claim_identifier
LEFT JOIN oda_benchmark.acme_loss_payment lp
  ON ca.claim_amount_identifier = lp.claim_amount_identifier
LEFT JOIN oda_benchmark.acme_loss_reserve lr
  ON ca.claim_amount_identifier = lr.claim_amount_identifier
LEFT JOIN oda_benchmark.acme_expense_payment ep
  ON ca.claim_amount_identifier = ep.claim_amount_identifier
LEFT JOIN oda_benchmark.acme_expense_reserve er
  ON ca.claim_amount_identifier = er.claim_amount_identifier
WHERE apr.party_role_code = 'AG'
  AND (lp.claim_amount_identifier IS NOT NULL
       OR lr.claim_amount_identifier IS NOT NULL
       OR ep.claim_amount_identifier IS NOT NULL
       OR er.claim_amount_identifier IS NOT NULL)
GROUP BY apr.party_identifier, p.policy_identifier
ORDER BY apr.party_identifier, total_loss DESC","SELECT apr.party_identifier AS agent_id,
       p.policy_number,
       COALESCE(SUM(CASE WHEN lp.claim_amount_identifier IS NOT NULL THEN ca.claim_amount END), 0) +
       COALESCE(SUM(CASE WHEN lr.claim_amount_identifier IS NOT NULL THEN ca.claim_amount END), 0) +
       COALESCE(SUM(CASE WHEN ep.claim_amount_identifier IS NOT NULL THEN ca.claim_amount END), 0) +
       COALESCE(SUM(CASE WHEN er.claim_amount_identifier IS NOT NULL THEN ca.claim_amount END), 0) AS total_loss
FROM oda_benchmark.acme_claim c
JOIN oda_benchmark.acme_claim_amount ca ON c.claim_identifier = ca.claim_identifier
LEFT JOIN oda_benchmark.acme_loss_payment lp ON ca.claim_amount_identifier = lp.claim_amount_identifier
LEFT JOIN oda_benchmark.acme_loss_reserve lr ON ca.claim_amount_identifier = lr.claim_amount_identifier
LEFT JOIN oda_benchmark.acme_expense_payment ep ON ca.claim_amount_identifier = ep.claim_amount_identifier
LEFT JOIN oda_benchmark.acme_expense_reserve er ON ca.claim_amount_identifier = er.claim_amount_identifier
JOIN oda_benchmark.acme_claim_coverage cc ON c.claim_identifier = cc.claim_identifier
JOIN oda_benchmark.acme_policy_coverage_detail pcd ON cc.policy_coverage_detail_identifier = pcd.policy_coverage_detail_identifier
JOIN oda_benchmark.acme_policy p ON pcd.policy_identifier = p.policy_identifier
JOIN oda_benchmark.acme_agreement_party_role apr ON p.policy_identifier = apr.agreement_identifier
WHERE apr.party_role_code = 'AG'
GROUP BY apr.party_identifier, p.policy_number
ORDER BY apr.party_identifier ASC"
4,Q41,41,HQHS,aggregate,0,What is the loss ratio of each policy and agent who sold it by policy number and agent id?,1,1,1,0.0,0,0,0.6667,0.3333,"SELECT p.policy_number,
       apr.party_identifier,
       SUM(ca.claim_amount) / NULLIF(SUM(pa.policy_amount), 0) AS loss_ratio
FROM oda_benchmark.acme_policy p
JOIN oda_benchmark.acme_policy_amount pa
  ON p.policy_identifier = pa.policy_identifier
JOIN oda_benchmark.acme_premium pr
  ON pa.policy_amount_identifier = pr.policy_amount_identifier
JOIN oda_benchmark.acme_policy_coverage_detail pcd
  ON p.policy_identifier = pcd.policy_identifier
JOIN oda_benchmark.acme_claim_coverage cc
  ON pcd.policy_coverage_detail_identifier = cc.policy_coverage_detail_identifier
JOIN oda_benchmark.acme_claim c
  ON cc.claim_identifier = c.claim_identifier
JOIN oda_benchmark.acme_claim_amount ca
  ON c.claim_identifier = ca.claim_identifier
LEFT JOIN oda_benchmark.acme_loss_payment lp
  ON ca.claim_amount_identifier = lp.claim_amount_identifier
LEFT JOIN oda_benchmark.acme_loss_reserve lr
  ON ca.claim_amount_identifier = lr.claim_amount_identifier
JOIN oda_benchmark.acme_agreement_party_role apr
  ON p.policy_identifier = apr.agreement_identifier
WHERE apr.party_role_code = 'AG'
  AND (lp.claim_amount_identifier IS NOT NULL OR lr.claim_amount_identifier IS NOT NULL)
GROUP BY p.policy_number, apr.party_identifier
ORDER BY p.policy_number, apr.party_identifier;","SELECT p.policy_number,
       apr.party_identifier AS agent_id,
       (COALESCE(SUM(CASE WHEN lp.claim_amount_identifier IS NOT NULL THEN ca.claim_amount END), 0) +
        COALESCE(SUM(CASE WHEN lr.claim_amount_identifier IS NOT NULL THEN ca.claim_amount END), 0) +
        COALESCE(SUM(CASE WHEN ep.claim_amount_identifier IS NOT NULL THEN ca.claim_amount END), 0) +
        COALESCE(SUM(CASE WHEN er.claim_amount_identifier IS NOT NULL THEN ca.claim_amount END), 0)) /
       NULLIF(SUM(DISTINCT pa.policy_amount), 0) AS loss_ratio
FROM oda_benchmark.acme_claim c
JOIN oda_benchmark.acme_claim_amount ca ON c.claim_identifier = ca.claim_identifier
LEFT JOIN oda_benchmark.acme_loss_payment lp ON ca.claim_amount_identifier = lp.claim_amount_identifier
LEFT JOIN oda_benchmark.acme_loss_reserve lr ON ca.claim_amount_identifier = lr.claim_amount_identifier
LEFT JOIN oda_benchmark.acme_expense_payment ep ON ca.claim_amount_identifier = ep.claim_amount_identifier
LEFT JOIN oda_benchmark.acme_expense_reserve er ON ca.claim_amount_identifier = er.claim_amount_identifier
JOIN oda_benchmark.acme_claim_coverage cc ON c.claim_identifier = cc.claim_identifier
JOIN oda_benchmark.acme_policy_coverage_detail pcd ON cc.policy_coverage_detail_identifier = pcd.policy_coverage_detail_identifier
JOIN oda_benchmark.acme_policy p ON pcd.policy_identifier = p.policy_identifier
JOIN oda_benchmark.acme_agreement_party_role apr ON p.policy_identifier = apr.agreement_identifier
JOIN oda_benchmark.acme_policy_amount pa ON p.policy_identifier = pa.policy_identifier
JOIN oda_benchmark.acme_premium pr ON pa.policy_amount_identifier = pr.policy_amount_identifier
WHERE apr.party_role_code = 'AG'
GROUP BY p.policy_number, apr.party_identifier
ORDER BY p.policy_number ASC"
4,Q44,44,HQHS,aggregate,0,"What is the average loss of each policy by policy number and number of claims where loss is the sum of loss payment, loss reserve, expense payment, expense reserve amounts?",1,1,1,0.0,0,0,0.3333,0.3333,"SELECT p.policy_number,
       COUNT(DISTINCT c.claim_identifier) AS claim_count,
       SUM(ca.claim_amount) / NULLIF(COUNT(DISTINCT c.claim_identifier), 0) AS average_loss
FROM oda_benchmark.acme_policy p
JOIN oda_benchmark.acme_policy_coverage_detail pcd
  ON p.policy_identifier = pcd.policy_identifier
JOIN oda_benchmark.acme_claim_coverage cc
  ON pcd.policy_coverage_detail_identifier = cc.policy_coverage_detail_identifier
JOIN oda_benchmark.acme_claim c
  ON cc.claim_identifier = c.claim_identifier
JOIN oda_benchmark.acme_claim_amount ca
  ON c.claim_identifier = ca.claim_identifier
LEFT JOIN oda_benchmark.acme_loss_payment lp
  ON ca.claim_amount_identifier = lp.claim_amount_identifier
LEFT JOIN oda_benchmark.acme_loss_reserve lr
  ON ca.claim_amount_identifier = lr.claim_amount_identifier
LEFT JOIN oda_benchmark.acme_expense_payment ep
  ON ca.claim_amount_identifier = ep.claim_amount_identifier
LEFT JOIN oda_benchmark.acme_expense_reserve er
  ON ca.claim_amount_identifier = er.claim_amount_identifier
WHERE lp.claim_amount_identifier IS NOT NULL
   OR lr.claim_amount_identifier IS NOT NULL
   OR ep.claim_amount_identifier IS NOT NULL
   OR er.claim_amount_identifier IS NOT NULL
GROUP BY p.policy_number
ORDER BY p.policy_number;","WITH claim_loss AS (
  SELECT ca.claim_identifier,
         COALESCE(SUM(CASE WHEN lp.claim_amount_identifier IS NOT NULL THEN ca.claim_amount END), 0) +
         COALESCE(SUM(CASE WHEN lr.claim_amount_identifier IS NOT NULL THEN ca.claim_amount END), 0) +
         COALESCE(SUM(CASE WHEN ep.claim_amount_identifier IS NOT NULL THEN ca.claim_amount END), 0) +
         COALESCE(SUM(CASE WHEN er.claim_amount_identifier IS NOT NULL THEN ca.claim_amount END), 0) AS full_loss
  FROM oda_benchmark.acme_claim_amount ca
  LEFT JOIN oda_benchmark.acme_loss_payment lp ON ca.claim_amount_identifier = lp.claim_amount_identifier
  LEFT JOIN oda_benchmark.acme_loss_reserve lr ON ca.claim_amount_identifier = lr.claim_amount_identifier
  LEFT JOIN oda_benchmark.acme_expense_payment ep ON ca.claim_amount_identifier = ep.claim_amount_identifier
  LEFT JOIN oda_benchmark.acme_expense_reserve er ON ca.claim_amount_identifier = er.claim_amount_identifier
  GROUP BY ca.claim_identifier
)
SELECT p.policy_number,
       COUNT(DISTINCT c.claim_identifier) AS number_of_claims,
       AVG(cl.full_loss) AS avg_loss
FROM oda_benchmark.acme_claim c
JOIN claim_loss cl ON c.claim_identifier = cl.claim_identifier
JOIN oda_benchmark.acme_claim_coverage cc ON c.claim_identifier = cc.claim_identifier
JOIN oda_benchmark.acme_policy_coverage_detail pcd ON cc.policy_coverage_detail_identifier = pcd.policy_coverage_detail_identifier
JOIN oda_benchmark.acme_policy p ON pcd.policy_identifier = p.policy_identifier
GROUP BY p.policy_number
ORDER BY p.policy_number ASC"
4,Q43,43,HQHS,aggregate,0,"What is the loss ratio, number of claims, total loss by policy number and premium where total loss is the sum of loss payment, loss reserve, expense payment, expense reserve amount and loss ratio is total loss divided by premium?",1,1,1,0.0,0,0,0.6,0.4,"SELECT p.policy_number,
       COUNT(DISTINCT c.claim_identifier) AS claim_count,
       SUM(ca.claim_amount) AS total_loss,
       SUM(pa.policy_amount) AS total_premium,
       CASE 
         WHEN SUM(pa.policy_amount) = 0 THEN NULL
         ELSE SUM(ca.claim_amount) / SUM(pa.policy_amount)
       END AS loss_ratio
FROM oda_benchmark.acme_policy p
JOIN oda_benchmark.acme_policy_coverage_detail pcd
  ON p.policy_identifier = pcd.policy_identifier
JOIN oda_benchmark.acme_claim_coverage cc
  ON pcd.policy_coverage_detail_identifier = cc.policy_coverage_detail_identifier
JOIN oda_benchmark.acme_claim c
  ON cc.claim_identifier = c.claim_identifier
JOIN oda_benchmark.acme_claim_amount ca
  ON c.claim_identifier = ca.claim_identifier
LEFT JOIN oda_benchmark.acme_loss_payment lp
  ON ca.claim_amount_identifier = lp.claim_amount_identifier
LEFT JOIN oda_benchmark.acme_loss_reserve lr
  ON ca.claim_amount_identifier = lr.claim_amount_identifier
LEFT JOIN oda_benchmark.acme_expense_payment ep
  ON ca.claim_amount_identifier = ep.claim_amount_identifier
LEFT JOIN oda_benchmark.acme_expense_reserve er
  ON ca.claim_amount_identifier = er.claim_amount_identifier
JOIN oda_benchmark.acme_policy_amount pa
  ON p.policy_identifier = pa.policy_identifier
JOIN oda_benchmark.acme_premium pr
  ON pa.policy_amount_identifier = pr.policy_amount_identifier
WHERE lp.claim_amount_identifier IS NOT NULL
   OR lr.claim_amount_identifier IS NOT NULL
   OR ep.claim_amount_identifier IS NOT NULL
   OR er.claim_amount_identifier IS NOT NULL
GROUP BY p.policy_number
ORDER BY p.policy_number;","SELECT p.policy_number,
       SUM(DISTINCT pa.policy_amount) AS premium,
       COUNT(DISTINCT c.claim_identifier) AS number_of_claims,
       COALESCE(SUM(CASE WHEN lp.claim_amount_identifier IS NOT NULL THEN ca.claim_amount END), 0) +
       COALESCE(SUM(CASE WHEN lr.claim_amount_identifier IS NOT NULL THEN ca.claim_amount END), 0) +
       COALESCE(SUM(CASE WHEN ep.claim_amount_identifier IS NOT NULL THEN ca.claim_amount END), 0) +
       COALESCE(SUM(CASE WHEN er.claim_amount_identifier IS NOT NULL THEN ca.claim_amount END), 0) AS total_loss,
       (COALESCE(SUM(CASE WHEN lp.claim_amount_identifier IS NOT NULL THEN ca.claim_amount END), 0) +
        COALESCE(SUM(CASE WHEN lr.claim_amount_identifier IS NOT NULL THEN ca.claim_amount END), 0) +
        COALESCE(SUM(CASE WHEN ep.claim_amount_identifier IS NOT NULL THEN ca.claim_amount END), 0) +
        COALESCE(SUM(CASE WHEN er.claim_amount_identifier IS NOT NULL THEN ca.claim_amount END), 0)) /
       NULLIF(SUM(DISTINCT pa.policy_amount), 0) AS loss_ratio
FROM oda_benchmark.acme_claim c
JOIN oda_benchmark.acme_claim_amount ca ON c.claim_identifier = ca.claim_identifier
LEFT JOIN oda_benchmark.acme_loss_payment lp ON ca.claim_amount_identifier = lp.claim_amount_identifier
LEFT JOIN oda_benchmark.acme_loss_reserve lr ON ca.claim_amount_identifier = lr.claim_amount_identifier
LEFT JOIN oda_benchmark.acme_expense_payment ep ON ca.claim_amount_identifier = ep.claim_amount_identifier
LEFT JOIN oda_benchmark.acme_expense_reserve er ON ca.claim_amount_identifier = er.claim_amount_identifier
JOIN oda_benchmark.acme_claim_coverage cc ON c.claim_identifier = cc.claim_identifier
JOIN oda_benchmark.acme_policy_coverage_detail pcd ON cc.policy_coverage_detail_identifier = pcd.policy_coverage_detail_identifier
JOIN oda_benchmark.acme_policy p ON pcd.policy_identifier = p.policy_identifier
JOIN oda_benchmark.acme_policy_amount pa ON p.policy_identifier = pa.policy_identifier
JOIN oda_benchmark.acme_premium pr ON pa.policy_amount_identifier = pr.policy_amount_identifier
GROUP BY p.policy_number
ORDER BY p.policy_number ASC"
5,Q01,1,LQLS,dimension_listing,0,"Return all the claims we have by claim number, open date and close date?",1,1,1,1.0,1,1,1.0,1.0,"SELECT company_claim_number, claim_open_date, claim_close_date
FROM oda_benchmark.acme_claim","SELECT company_claim_number, claim_open_date, claim_close_date
FROM oda_benchmark.acme_claim
ORDER BY company_claim_number ASC"
5,Q02,2,LQLS,dimension_listing,0,"Return all the policies we have by policy number, effective date and expiration date?",1,1,1,1.0,1,1,1.0,1.0,"SELECT policy_number, effective_date, expiration_date
FROM oda_benchmark.acme_policy","SELECT policy_number, effective_date, expiration_date
FROM oda_benchmark.acme_policy
ORDER BY policy_number ASC"
5,Q03,3,LQLS,dimension_listing,0,Return all the policies and their policy holder by id,1,1,1,0.0,0,0,0.0,0.0,"SELECT p.policy_identifier, apr.party_identifier
FROM oda_benchmark.acme_policy p
LEFT JOIN oda_benchmark.acme_agreement_party_role apr
  ON p.policy_identifier = apr.agreement_identifier
  AND apr.party_role_code = 'PH';","SELECT p.policy_number, apr.party_identifier AS policyholder_id
FROM oda_benchmark.acme_policy p
JOIN oda_benchmark.acme_agreement_party_role apr
  ON p.policy_identifier = apr.agreement_identifier
WHERE apr.party_role_code = 'PH'
ORDER BY p.policy_number ASC"
5,Q04,4,LQLS,dimension_listing,0,Return all the policies and the agents that sold them by policy number and agent id,1,1,1,1.0,1,1,1.0,1.0,"SELECT p.policy_number, apr.party_identifier AS agent_id
FROM oda_benchmark.acme_policy p
JOIN oda_benchmark.acme_agreement_party_role apr
  ON p.policy_identifier = apr.agreement_identifier
WHERE apr.party_role_code = 'AG'
ORDER BY p.policy_number, agent_id","SELECT p.policy_number, apr.party_identifier AS agent_id
FROM oda_benchmark.acme_policy p
JOIN oda_benchmark.acme_agreement_party_role apr
  ON p.policy_identifier = apr.agreement_identifier
WHERE apr.party_role_code = 'AG'
ORDER BY p.policy_number ASC"
5,Q05,5,LQLS,dimension_listing,0,What are all our policies that have a claim associated to them by policy and claim number?,1,1,1,1.0,1,1,1.0,1.0,"SELECT p.policy_number, c.company_claim_number
FROM oda_benchmark.acme_claim c
JOIN oda_benchmark.acme_claim_coverage cc ON c.claim_identifier = cc.claim_identifier
JOIN oda_benchmark.acme_policy_coverage_detail pcd ON cc.policy_coverage_detail_identifier = pcd.policy_coverage_detail_identifier
JOIN oda_benchmark.acme_policy p ON pcd.policy_identifier = p.policy_identifier
ORDER BY p.policy_number, c.company_claim_number","SELECT DISTINCT p.policy_number, c.company_claim_number
FROM oda_benchmark.acme_claim c
JOIN oda_benchmark.acme_claim_coverage cc
  ON c.claim_identifier = cc.claim_identifier
JOIN oda_benchmark.acme_policy_coverage_detail pcd
  ON cc.policy_coverage_detail_identifier = pcd.policy_coverage_detail_identifier
JOIN oda_benchmark.acme_policy p
  ON pcd.policy_identifier = p.policy_identifier
ORDER BY p.policy_number ASC"
5,Q06,6,LQLS,dimension_listing,0,What are all the premiums that have been paid by policy holders?,1,1,1,0.0,0,0,0.0,0.0,"SELECT apr.party_identifier, SUM(pa.policy_amount) AS total_premiums
FROM oda_benchmark.acme_agreement_party_role apr
JOIN oda_benchmark.acme_policy_amount pa ON apr.agreement_identifier = pa.policy_identifier
JOIN oda_benchmark.acme_premium pr ON pa.policy_amount_identifier = pr.policy_amount_identifier
WHERE apr.party_role_code = 'PH'
GROUP BY apr.party_identifier
ORDER BY total_premiums DESC","SELECT apr.party_identifier AS policyholder_id,
       SUM(pa.policy_amount) AS total_premiums_paid
FROM oda_benchmark.acme_agreement_party_role apr
JOIN oda_benchmark.acme_policy p
  ON apr.agreement_identifier = p.policy_identifier
JOIN oda_benchmark.acme_policy_amount pa
  ON p.policy_identifier = pa.policy_identifier
JOIN oda_benchmark.acme_premium pr
  ON pa.policy_amount_identifier = pr.policy_amount_identifier
WHERE apr.party_role_code = 'PH'
GROUP BY apr.party_identifier
ORDER BY total_premiums_paid DESC"
5,Q07,7,LQLS,dimension_listing,0,What is the premium amount of all policies by policy number?,1,1,1,0.0,0,0,0.5,0.5,"SELECT p.policy_number, SUM(pa.policy_amount) AS total_premium_amount
FROM oda_benchmark.acme_policy p
JOIN oda_benchmark.acme_policy_amount pa ON p.policy_identifier = pa.policy_identifier
JOIN oda_benchmark.acme_premium pr ON pa.policy_amount_identifier = pr.policy_amount_identifier
GROUP BY p.policy_number
ORDER BY total_premium_amount DESC","SELECT p.policy_number,
       SUM(pa.policy_amount) AS premium_amount
FROM oda_benchmark.acme_policy p
JOIN oda_benchmark.acme_policy_amount pa
  ON p.policy_identifier = pa.policy_identifier
JOIN oda_benchmark.acme_premium pr
  ON pa.policy_amount_identifier = pr.policy_amount_identifier
GROUP BY p.policy_number
ORDER BY p.policy_number ASC"
5,Q08,8,LQLS,dimension_listing,0,"What is the premium amount of all policies by policy number, coverage effective date and coverage expiration date",1,1,1,0.0,0,0,0.25,0.25,"SELECT p.policy_number,
       pcd.effective_date,
       pcd.expiration_date,
       SUM(pa.policy_amount) AS total_premium_amount
FROM oda_benchmark.acme_policy p
JOIN oda_benchmark.acme_policy_coverage_detail pcd
  ON p.policy_identifier = pcd.policy_identifier
JOIN oda_benchmark.acme_policy_amount pa
  ON p.policy_identifier = pa.policy_identifier
JOIN oda_benchmark.acme_premium pr
  ON pa.policy_amount_identifier = pr.policy_amount_identifier
GROUP BY p.policy_number, pcd.effective_date, pcd.expiration_date
ORDER BY total_premium_amount DESC","SELECT p.policy_number,
       pcd.effective_date AS coverage_effective_date,
       pcd.expiration_date AS coverage_expiration_date,
       SUM(pa.policy_amount) AS premium_amount
FROM oda_benchmark.acme_policy p
JOIN oda_benchmark.acme_policy_coverage_detail pcd
  ON p.policy_identifier = pcd.policy_identifier
JOIN oda_benchmark.acme_policy_amount pa
  ON p.policy_identifier = pa.policy_identifier
JOIN oda_benchmark.acme_premium pr
  ON pa.policy_amount_identifier = pr.policy_amount_identifier
GROUP BY p.policy_number, pcd.effective_date, pcd.expiration_date
ORDER BY p.policy_number ASC"
5,Q09,9,LQLS,dimension_listing,0,What are the loss payment amount of all claims by claim number?,1,1,1,0.0,0,0,0.5,0.5,"SELECT c.company_claim_number, SUM(ca.claim_amount) AS total_loss_payment
FROM oda_benchmark.acme_claim c
JOIN oda_benchmark.acme_claim_amount ca ON c.claim_identifier = ca.claim_identifier
JOIN oda_benchmark.acme_loss_payment lp ON ca.claim_amount_identifier = lp.claim_amount_identifier
GROUP BY c.company_claim_number
ORDER BY total_loss_payment DESC","SELECT c.company_claim_number,
       SUM(ca.claim_amount) AS loss_payment_amount
FROM oda_benchmark.acme_claim c
JOIN oda_benchmark.acme_claim_amount ca
  ON c.claim_identifier = ca.claim_identifier
JOIN oda_benchmark.acme_loss_payment lp
  ON ca.claim_amount_identifier = lp.claim_amount_identifier
GROUP BY c.company_claim_number
ORDER BY c.company_claim_number ASC"
5,Q10,10,LQLS,dimension_listing,0,What are the loss reserve amount of all claims by claim number?,1,1,1,0.0,0,0,0.5,0.5,"SELECT c.company_claim_number, SUM(ca.claim_amount) AS total_loss_reserve
FROM oda_benchmark.acme_claim c
JOIN oda_benchmark.acme_claim_amount ca ON c.claim_identifier = ca.claim_identifier
JOIN oda_benchmark.acme_loss_reserve lr ON ca.claim_amount_identifier = lr.claim_amount_identifier
GROUP BY c.company_claim_number
ORDER BY total_loss_reserve DESC","SELECT c.company_claim_number,
       SUM(ca.claim_amount) AS loss_reserve_amount
FROM oda_benchmark.acme_claim c
JOIN oda_benchmark.acme_claim_amount ca
  ON c.claim_identifier = ca.claim_identifier
JOIN oda_benchmark.acme_loss_reserve lr
  ON ca.claim_amount_identifier = lr.claim_amount_identifier
GROUP BY c.company_claim_number
ORDER BY c.company_claim_number ASC"
5,Q11,11,LQLS,dimension_listing,0,What are the expense payment amount of all claims by claim number?,1,1,1,0.0,0,0,0.5,0.5,"SELECT c.company_claim_number, SUM(ca.claim_amount) AS total_expense_payment
FROM oda_benchmark.acme_claim c
JOIN oda_benchmark.acme_claim_amount ca ON c.claim_identifier = ca.claim_identifier
JOIN oda_benchmark.acme_expense_payment ep ON ca.claim_amount_identifier = ep.claim_amount_identifier
GROUP BY c.company_claim_number
ORDER BY total_expense_payment DESC","SELECT c.company_claim_number,
       SUM(ca.claim_amount) AS expense_payment_amount
FROM oda_benchmark.acme_claim c
JOIN oda_benchmark.acme_claim_amount ca
  ON c.claim_identifier = ca.claim_identifier
JOIN oda_benchmark.acme_expense_payment ep
  ON ca.claim_amount_identifier = ep.claim_amount_identifier
GROUP BY c.company_claim_number
ORDER BY c.company_claim_number ASC"
5,Q12,12,LQLS,dimension_listing,0,What are the expense reserve amount of all claims by claim number?,1,1,1,1.0,1,1,1.0,1.0,"SELECT c.company_claim_number, SUM(ca.claim_amount) AS expense_reserve_amount
FROM oda_benchmark.acme_claim c
JOIN oda_benchmark.acme_claim_amount ca ON c.claim_identifier = ca.claim_identifier
JOIN oda_benchmark.acme_expense_reserve er ON ca.claim_amount_identifier = er.claim_amount_identifier
GROUP BY c.company_claim_number
ORDER BY expense_reserve_amount DESC;","SELECT c.company_claim_number,
       SUM(ca.claim_amount) AS expense_reserve_amount
FROM oda_benchmark.acme_claim c
JOIN oda_benchmark.acme_claim_amount ca
  ON c.claim_identifier = ca.claim_identifier
JOIN oda_benchmark.acme_expense_reserve er
  ON ca.claim_amount_identifier = er.claim_amount_identifier
GROUP BY c.company_claim_number
ORDER BY c.company_claim_number ASC"
5,Q13,13,LQHS,dimension_listing,0,"What are the loss payment, loss reserve, expense payment, expense reserve amount by claim number?",1,1,1,1.0,1,1,1.0,1.0,"SELECT c.company_claim_number,
       SUM(CASE WHEN lp.claim_amount_identifier IS NOT NULL THEN ca.claim_amount ELSE 0 END) AS loss_payment_amount,
       SUM(CASE WHEN lr.claim_amount_identifier IS NOT NULL THEN ca.claim_amount ELSE 0 END) AS loss_reserve_amount,
       SUM(CASE WHEN ep.claim_amount_identifier IS NOT NULL THEN ca.claim_amount ELSE 0 END) AS expense_payment_amount,
       SUM(CASE WHEN er.claim_amount_identifier IS NOT NULL THEN ca.claim_amount ELSE 0 END) AS expense_reserve_amount
FROM oda_benchmark.acme_claim c
JOIN oda_benchmark.acme_claim_amount ca
  ON c.claim_identifier = ca.claim_identifier
LEFT JOIN oda_benchmark.acme_loss_payment lp
  ON ca.claim_amount_identifier = lp.claim_amount_identifier
LEFT JOIN oda_benchmark.acme_loss_reserve lr
  ON ca.claim_amount_identifier = lr.claim_amount_identifier
LEFT JOIN oda_benchmark.acme_expense_payment ep
  ON ca.claim_amount_identifier = ep.claim_amount_identifier
LEFT JOIN oda_benchmark.acme_expense_reserve er
  ON ca.claim_amount_identifier = er.claim_amount_identifier
GROUP BY c.company_claim_number
ORDER BY c.company_claim_number;","SELECT c.company_claim_number,
       COALESCE(SUM(CASE WHEN lp.claim_amount_identifier IS NOT NULL THEN ca.claim_amount END), 0) AS loss_payment_amount,
       COALESCE(SUM(CASE WHEN lr.claim_amount_identifier IS NOT NULL THEN ca.claim_amount END), 0) AS loss_reserve_amount,
       COALESCE(SUM(CASE WHEN ep.claim_amount_identifier IS NOT NULL THEN ca.claim_amount END), 0) AS expense_payment_amount,
       COALESCE(SUM(CASE WHEN er.claim_amount_identifier IS NOT NULL THEN ca.claim_amount END), 0) AS expense_reserve_amount
FROM oda_benchmark.acme_claim c
JOIN oda_benchmark.acme_claim_amount ca ON c.claim_identifier = ca.claim_identifier
LEFT JOIN oda_benchmark.acme_loss_payment lp ON ca.claim_amount_identifier = lp.claim_amount_identifier
LEFT JOIN oda_benchmark.acme_loss_reserve lr ON ca.claim_amount_identifier = lr.claim_amount_identifier
LEFT JOIN oda_benchmark.acme_expense_payment ep ON ca.claim_amount_identifier = ep.claim_amount_identifier
LEFT JOIN oda_benchmark.acme_expense_reserve er ON ca.claim_amount_identifier = er.claim_amount_identifier
GROUP BY c.company_claim_number
ORDER BY c.company_claim_number ASC"
5,Q14,14,LQHS,dimension_listing,0,"What are the loss payment, loss reserve, expense payment, expense reserve amount by claim number and corresponding policy number, policy holder and premium amount paid?",1,1,1,0.0,0,0,1.0,0.4375,"SELECT 
  c.company_claim_number,
  p.policy_number,
  apr.party_identifier AS policyholder_id,
  SUM(CASE WHEN lp.claim_amount_identifier IS NOT NULL THEN ca.claim_amount ELSE 0 END) AS loss_payment_amount,
  SUM(CASE WHEN lr.claim_amount_identifier IS NOT NULL THEN ca.claim_amount ELSE 0 END) AS loss_reserve_amount,
  SUM(CASE WHEN ep.claim_amount_identifier IS NOT NULL THEN ca.claim_amount ELSE 0 END) AS expense_payment_amount,
  SUM(CASE WHEN er.claim_amount_identifier IS NOT NULL THEN ca.claim_amount ELSE 0 END) AS expense_reserve_amount,
  SUM(pa.policy_amount) AS premium_amount
FROM oda_benchmark.acme_claim c
JOIN oda_benchmark.acme_claim_amount ca 
  ON c.claim_identifier = ca.claim_identifier
LEFT JOIN oda_benchmark.acme_loss_payment lp 
  ON ca.claim_amount_identifier = lp.claim_amount_identifier
LEFT JOIN oda_benchmark.acme_loss_reserve lr 
  ON ca.claim_amount_identifier = lr.claim_amount_identifier
LEFT JOIN oda_benchmark.acme_expense_payment ep 
  ON ca.claim_amount_identifier = ep.claim_amount_identifier
LEFT JOIN oda_benchmark.acme_expense_reserve er 
  ON ca.claim_amount_identifier = er.claim_amount_identifier
JOIN oda_benchmark.acme_claim_coverage cc 
  ON c.claim_identifier = cc.claim_identifier
JOIN oda_benchmark.acme_policy_coverage_detail pcd 
  ON cc.policy_coverage_detail_identifier = pcd.policy_coverage_detail_identifier
JOIN oda_benchmark.acme_policy p 
  ON pcd.policy_identifier = p.policy_identifier
LEFT JOIN oda_benchmark.acme_agreement_party_role apr 
  ON p.policy_identifier = apr.agreement_identifier AND apr.party_role_code = 'PH'
LEFT JOIN oda_benchmark.acme_policy_amount pa 
  ON p.policy_identifier = pa.policy_identifier
LEFT JOIN oda_benchmark.acme_premium pr 
  ON pa.policy_amount_identifier = pr.policy_amount_identifier
GROUP BY 
  c.company_claim_number,
  p.policy_number,
  apr.party_identifier
ORDER BY 
  c.company_claim_number;","SELECT c.company_claim_number,
       p.policy_number,
       apr.party_identifier AS policyholder_id,
       SUM(DISTINCT pa.policy_amount) AS premium_amount,
       COALESCE(SUM(CASE WHEN lp.claim_amount_identifier IS NOT NULL THEN ca.claim_amount END), 0) AS loss_payment_amount,
       COALESCE(SUM(CASE WHEN lr.claim_amount_identifier IS NOT NULL THEN ca.claim_amount END), 0) AS loss_reserve_amount,
       COALESCE(SUM(CASE WHEN ep.claim_amount_identifier IS NOT NULL THEN ca.claim_amount END), 0) AS expense_payment_amount,
       COALESCE(SUM(CASE WHEN er.claim_amount_identifier IS NOT NULL THEN ca.claim_amount END), 0) AS expense_reserve_amount
FROM oda_benchmark.acme_claim c
JOIN oda_benchmark.acme_claim_amount ca ON c.claim_identifier = ca.claim_identifier
LEFT JOIN oda_benchmark.acme_loss_payment lp ON ca.claim_amount_identifier = lp.claim_amount_identifier
LEFT JOIN oda_benchmark.acme_loss_reserve lr ON ca.claim_amount_identifier = lr.claim_amount_identifier
LEFT JOIN oda_benchmark.acme_expense_payment ep ON ca.claim_amount_identifier = ep.claim_amount_identifier
LEFT JOIN oda_benchmark.acme_expense_reserve er ON ca.claim_amount_identifier = er.claim_amount_identifier
JOIN oda_benchmark.acme_claim_coverage cc ON c.claim_identifier = cc.claim_identifier
JOIN oda_benchmark.acme_policy_coverage_detail pcd ON cc.policy_coverage_detail_identifier = pcd.policy_coverage_detail_identifier
JOIN oda_benchmark.acme_policy p ON pcd.policy_identifier = p.policy_identifier
JOIN oda_benchmark.acme_agreement_party_role apr ON p.policy_identifier = apr.agreement_identifier
JOIN oda_benchmark.acme_policy_amount pa ON p.policy_identifier = pa.policy_identifier
JOIN oda_benchmark.acme_premium pr ON pa.policy_amount_identifier = pr.policy_amount_identifier
WHERE apr.party_role_code = 'PH'
GROUP BY c.company_claim_number, p.policy_number, apr.party_identifier
ORDER BY c.company_claim_number ASC"
5,Q15,15,LQHS,dimension_listing,0,"What are the loss payment, loss reserve, expense payment, expense reserve amount by claim number and corresponding policy number, policy holder, premium amount paid and the agent who sold it?",1,1,1,0.0,0,0,0.8889,0.5,"SELECT 
  c.company_claim_number,
  p.policy_number,
  ph.party_identifier AS policyholder_id,
  ag.party_identifier AS agent_id,
  SUM(CASE WHEN lp.claim_amount_identifier IS NOT NULL THEN ca.claim_amount ELSE 0 END) AS loss_payment_amount,
  SUM(CASE WHEN lr.claim_amount_identifier IS NOT NULL THEN ca.claim_amount ELSE 0 END) AS loss_reserve_amount,
  SUM(CASE WHEN ep.claim_amount_identifier IS NOT NULL THEN ca.claim_amount ELSE 0 END) AS expense_payment_amount,
  SUM(CASE WHEN er.claim_amount_identifier IS NOT NULL THEN ca.claim_amount ELSE 0 END) AS expense_reserve_amount,
  SUM(prm.policy_amount) AS total_premium
FROM oda_benchmark.acme_claim c
LEFT JOIN oda_benchmark.acme_claim_amount ca 
  ON c.claim_identifier = ca.claim_identifier
LEFT JOIN oda_benchmark.acme_loss_payment lp 
  ON ca.claim_amount_identifier = lp.claim_amount_identifier
LEFT JOIN oda_benchmark.acme_loss_reserve lr 
  ON ca.claim_amount_identifier = lr.claim_amount_identifier
LEFT JOIN oda_benchmark.acme_expense_payment ep 
  ON ca.claim_amount_identifier = ep.claim_amount_identifier
LEFT JOIN oda_benchmark.acme_expense_reserve er 
  ON ca.claim_amount_identifier = er.claim_amount_identifier
LEFT JOIN oda_benchmark.acme_claim_coverage cc 
  ON c.claim_identifier = cc.claim_identifier
LEFT JOIN oda_benchmark.acme_policy_coverage_detail pcd 
  ON cc.policy_coverage_detail_identifier = pcd.policy_coverage_detail_identifier
LEFT JOIN oda_benchmark.acme_policy p 
  ON pcd.policy_identifier = p.policy_identifier
LEFT JOIN oda_benchmark.acme_agreement_party_role ph 
  ON p.policy_identifier = ph.agreement_identifier AND ph.party_role_code = 'PH'
LEFT JOIN oda_benchmark.acme_agreement_party_role ag 
  ON p.policy_identifier = ag.agreement_identifier AND ag.party_role_code = 'AG'
LEFT JOIN oda_benchmark.acme_policy_amount prm 
  ON p.policy_identifier = prm.policy_identifier
LEFT JOIN oda_benchmark.acme_premium pr 
  ON prm.policy_amount_identifier = pr.policy_amount_identifier
GROUP BY 
  c.company_claim_number,
  p.policy_number,
  ph.party_identifier,
  ag.party_identifier
ORDER BY c.company_claim_number;","SELECT c.company_claim_number,
       p.policy_number,
       ph_apr.party_identifier AS policyholder_id,
       ag_apr.party_identifier AS agent_id,
       SUM(DISTINCT pa.policy_amount) AS premium_amount,
       COALESCE(SUM(CASE WHEN lp.claim_amount_identifier IS NOT NULL THEN ca.claim_amount END), 0) AS loss_payment_amount,
       COALESCE(SUM(CASE WHEN lr.claim_amount_identifier IS NOT NULL THEN ca.claim_amount END), 0) AS loss_reserve_amount,
       COALESCE(SUM(CASE WHEN ep.claim_amount_identifier IS NOT NULL THEN ca.claim_amount END), 0) AS expense_payment_amount,
       COALESCE(SUM(CASE WHEN er.claim_amount_identifier IS NOT NULL THEN ca.claim_amount END), 0) AS expense_reserve_amount
FROM oda_benchmark.acme_claim c
JOIN oda_benchmark.acme_claim_amount ca ON c.claim_identifier = ca.claim_identifier
LEFT JOIN oda_benchmark.acme_loss_payment lp ON ca.claim_amount_identifier = lp.claim_amount_identifier
LEFT JOIN oda_benchmark.acme_loss_reserve lr ON ca.claim_amount_identifier = lr.claim_amount_identifier
LEFT JOIN oda_benchmark.acme_expense_payment ep ON ca.claim_amount_identifier = ep.claim_amount_identifier
LEFT JOIN oda_benchmark.acme_expense_reserve er ON ca.claim_amount_identifier = er.claim_amount_identifier
JOIN oda_benchmark.acme_claim_coverage cc ON c.claim_identifier = cc.claim_identifier
JOIN oda_benchmark.acme_policy_coverage_detail pcd ON cc.policy_coverage_detail_identifier = pcd.policy_coverage_detail_identifier
JOIN oda_benchmark.acme_policy p ON pcd.policy_identifier = p.policy_identifier
JOIN oda_benchmark.acme_agreement_party_role ph_apr
  ON p.policy_identifier = ph_apr.agreement_identifier AND ph_apr.party_role_code = 'PH'
JOIN oda_benchmark.acme_agreement_party_role ag_apr
  ON p.policy_identifier = ag_apr.agreement_identifier AND ag_apr.party_role_code = 'AG'
JOIN oda_benchmark.acme_policy_amount pa ON p.policy_identifier = pa.policy_identifier
JOIN oda_benchmark.acme_premium pr ON pa.policy_amount_identifier = pr.policy_amount_identifier
GROUP BY c.company_claim_number, p.policy_number, ph_apr.party_identifier, ag_apr.party_identifier
ORDER BY c.company_claim_number ASC"
5,Q16,16,LQHS,dimension_listing,0,"What are the loss payment, loss reserve, expense payment, expense reserve amount by claim number and corresponding policy number, policy holder, premium amount paid, the catastrophe it had, and the agent who sold it?",1,1,1,0.0,0,0,0.8,0.35,"SELECT 
  c.company_claim_number,
  p.policy_number,
  ph.party_name AS policy_holder,
  ag.party_name AS agent,
  cat.catastrophe_name,
  SUM(CASE WHEN lp.claim_amount_identifier IS NOT NULL THEN ca.claim_amount ELSE 0 END) AS loss_payment_amount,
  SUM(CASE WHEN lr.claim_amount_identifier IS NOT NULL THEN ca.claim_amount ELSE 0 END) AS loss_reserve_amount,
  SUM(CASE WHEN ep.claim_amount_identifier IS NOT NULL THEN ca.claim_amount ELSE 0 END) AS expense_payment_amount,
  SUM(CASE WHEN er.claim_amount_identifier IS NOT NULL THEN ca.claim_amount ELSE 0 END) AS expense_reserve_amount,
  SUM(DISTINCT pa.policy_amount) AS premium_amount
FROM oda_benchmark.acme_claim c
LEFT JOIN oda_benchmark.acme_claim_amount ca 
  ON c.claim_identifier = ca.claim_identifier
LEFT JOIN oda_benchmark.acme_loss_payment lp 
  ON ca.claim_amount_identifier = lp.claim_amount_identifier
LEFT JOIN oda_benchmark.acme_loss_reserve lr 
  ON ca.claim_amount_identifier = lr.claim_amount_identifier
LEFT JOIN oda_benchmark.acme_expense_payment ep 
  ON ca.claim_amount_identifier = ep.claim_amount_identifier
LEFT JOIN oda_benchmark.acme_expense_reserve er 
  ON ca.claim_amount_identifier = er.claim_amount_identifier
LEFT JOIN oda_benchmark.acme_claim_coverage cc 
  ON c.claim_identifier = cc.claim_identifier
LEFT JOIN oda_benchmark.acme_policy_coverage_detail pcd 
  ON cc.policy_coverage_detail_identifier = pcd.policy_coverage_detail_identifier
LEFT JOIN oda_benchmark.acme_policy p 
  ON pcd.policy_identifier = p.policy_identifier
LEFT JOIN oda_benchmark.acme_agreement_party_role apr_ph 
  ON p.policy_identifier = apr_ph.agreement_identifier AND apr_ph.party_role_code = 'PH'
LEFT JOIN oda_benchmark.acme_party ph 
  ON apr_ph.party_identifier = ph.party_identifier
LEFT JOIN oda_benchmark.acme_agreement_party_role apr_ag 
  ON p.policy_identifier = apr_ag.agreement_identifier AND apr_ag.party_role_code = 'AG'
LEFT JOIN oda_benchmark.acme_party ag 
  ON apr_ag.party_identifier = ag.party_identifier
LEFT JOIN oda_benchmark.acme_policy_amount pa 
  ON p.policy_identifier = pa.policy_identifier
LEFT JOIN oda_benchmark.acme_premium pr 
  ON pa.policy_amount_identifier = pr.policy_amount_identifier
LEFT JOIN oda_benchmark.acme_catastrophe cat 
  ON c.catastrophe_identifier = cat.catastrophe_identifier
GROUP BY 
  c.company_claim_number,
  p.policy_number,
  ph.party_name,
  ag.party_name,
  cat.catastrophe_name
ORDER BY c.company_claim_number;","SELECT c.company_claim_number,
       p.policy_number,
       ph_apr.party_identifier AS policyholder_id,
       ag_apr.party_identifier AS agent_id,
       cat.catastrophe_name,
       SUM(DISTINCT pa.policy_amount) AS premium_amount,
       COALESCE(SUM(CASE WHEN lp.claim_amount_identifier IS NOT NULL THEN ca.claim_amount END), 0) AS loss_payment_amount,
       COALESCE(SUM(CASE WHEN lr.claim_amount_identifier IS NOT NULL THEN ca.claim_amount END), 0) AS loss_reserve_amount,
       COALESCE(SUM(CASE WHEN ep.claim_amount_identifier IS NOT NULL THEN ca.claim_amount END), 0) AS expense_payment_amount,
       COALESCE(SUM(CASE WHEN er.claim_amount_identifier IS NOT NULL THEN ca.claim_amount END), 0) AS expense_reserve_amount
FROM oda_benchmark.acme_claim c
JOIN oda_benchmark.acme_claim_amount ca ON c.claim_identifier = ca.claim_identifier
LEFT JOIN oda_benchmark.acme_loss_payment lp ON ca.claim_amount_identifier = lp.claim_amount_identifier
LEFT JOIN oda_benchmark.acme_loss_reserve lr ON ca.claim_amount_identifier = lr.claim_amount_identifier
LEFT JOIN oda_benchmark.acme_expense_payment ep ON ca.claim_amount_identifier = ep.claim_amount_identifier
LEFT JOIN oda_benchmark.acme_expense_reserve er ON ca.claim_amount_identifier = er.claim_amount_identifier
LEFT JOIN oda_benchmark.acme_catastrophe cat ON c.catastrophe_identifier = cat.catastrophe_identifier
JOIN oda_benchmark.acme_claim_coverage cc ON c.claim_identifier = cc.claim_identifier
JOIN oda_benchmark.acme_policy_coverage_detail pcd ON cc.policy_coverage_detail_identifier = pcd.policy_coverage_detail_identifier
JOIN oda_benchmark.acme_policy p ON pcd.policy_identifier = p.policy_identifier
JOIN oda_benchmark.acme_agreement_party_role ph_apr
  ON p.policy_identifier = ph_apr.agreement_identifier AND ph_apr.party_role_code = 'PH'
JOIN oda_benchmark.acme_agreement_party_role ag_apr
  ON p.policy_identifier = ag_apr.agreement_identifier AND ag_apr.party_role_code = 'AG'
JOIN oda_benchmark.acme_policy_amount pa ON p.policy_identifier = pa.policy_identifier
JOIN oda_benchmark.acme_premium pr ON pa.policy_amount_identifier = pr.policy_amount_identifier
GROUP BY c.company_claim_number, p.policy_number, ph_apr.party_identifier, ag_apr.party_identifier, cat.catastrophe_name
ORDER BY c.company_claim_number ASC"
5,Q17,17,LQHS,dimension_listing,0,Return policy holders and the claims they have made and the corresponding catastrophe,1,1,1,0.0,0,0,0.5,0.5,"SELECT apr.party_identifier,
       c.claim_identifier,
       c.company_claim_number,
       cat.catastrophe_identifier,
       cat.catastrophe_name
FROM oda_benchmark.acme_agreement_party_role apr
JOIN oda_benchmark.acme_policy p
  ON apr.agreement_identifier = p.policy_identifier
JOIN oda_benchmark.acme_policy_coverage_detail pcd
  ON p.policy_identifier = pcd.policy_identifier
JOIN oda_benchmark.acme_claim_coverage cc
  ON pcd.policy_coverage_detail_identifier = cc.policy_coverage_detail_identifier
JOIN oda_benchmark.acme_claim c
  ON cc.claim_identifier = c.claim_identifier
LEFT JOIN oda_benchmark.acme_catastrophe cat
  ON c.catastrophe_identifier = cat.catastrophe_identifier
WHERE apr.party_role_code = 'PH'","SELECT apr.party_identifier AS policyholder_id,
       c.company_claim_number,
       cat.catastrophe_name
FROM oda_benchmark.acme_claim c
LEFT JOIN oda_benchmark.acme_catastrophe cat ON c.catastrophe_identifier = cat.catastrophe_identifier
JOIN oda_benchmark.acme_claim_coverage cc ON c.claim_identifier = cc.claim_identifier
JOIN oda_benchmark.acme_policy_coverage_detail pcd ON cc.policy_coverage_detail_identifier = pcd.policy_coverage_detail_identifier
JOIN oda_benchmark.acme_policy p ON pcd.policy_identifier = p.policy_identifier
JOIN oda_benchmark.acme_agreement_party_role apr ON p.policy_identifier = apr.agreement_identifier
WHERE apr.party_role_code = 'PH'
ORDER BY apr.party_identifier ASC"
5,Q18,18,LQHS,dimension_listing,0,Return agents and the policy they have sold that have had a claim and the corresponding catastrophe it had.,1,1,1,0.0,0,0,0.75,0.75,"SELECT DISTINCT apr.party_identifier AS agent_id,
       p.policy_number,
       c.claim_identifier,
       cat.catastrophe_name
FROM oda_benchmark.acme_agreement_party_role apr
JOIN oda_benchmark.acme_policy p
  ON apr.agreement_identifier = p.policy_identifier
JOIN oda_benchmark.acme_policy_coverage_detail pcd
  ON p.policy_identifier = pcd.policy_identifier
JOIN oda_benchmark.acme_claim_coverage cc
  ON pcd.policy_coverage_detail_identifier = cc.policy_coverage_detail_identifier
JOIN oda_benchmark.acme_claim c
  ON cc.claim_identifier = c.claim_identifier
LEFT JOIN oda_benchmark.acme_catastrophe cat
  ON c.catastrophe_identifier = cat.catastrophe_identifier
WHERE apr.party_role_code = 'AG';","SELECT apr.party_identifier AS agent_id,
       p.policy_number,
       c.company_claim_number,
       cat.catastrophe_name
FROM oda_benchmark.acme_claim c
LEFT JOIN oda_benchmark.acme_catastrophe cat ON c.catastrophe_identifier = cat.catastrophe_identifier
JOIN oda_benchmark.acme_claim_coverage cc ON c.claim_identifier = cc.claim_identifier
JOIN oda_benchmark.acme_policy_coverage_detail pcd ON cc.policy_coverage_detail_identifier = pcd.policy_coverage_detail_identifier
JOIN oda_benchmark.acme_policy p ON pcd.policy_identifier = p.policy_identifier
JOIN oda_benchmark.acme_agreement_party_role apr ON p.policy_identifier = apr.agreement_identifier
WHERE apr.party_role_code = 'AG'
ORDER BY apr.party_identifier ASC"
5,Q19,19,LQHS,dimension_listing,0,"Return agents and the policies they have sold that have had a claim and the corresponding loss payment amount by agent id, policy number and claim number",1,1,1,1.0,1,1,1.0,1.0,"SELECT apr.party_identifier AS agent_id,
       p.policy_number,
       c.company_claim_number,
       SUM(ca.claim_amount) AS loss_payment_amount
FROM oda_benchmark.acme_claim c
JOIN oda_benchmark.acme_claim_coverage cc
  ON c.claim_identifier = cc.claim_identifier
JOIN oda_benchmark.acme_policy_coverage_detail pcd
  ON cc.policy_coverage_detail_identifier = pcd.policy_coverage_detail_identifier
JOIN oda_benchmark.acme_policy p
  ON pcd.policy_identifier = p.policy_identifier
JOIN oda_benchmark.acme_agreement_party_role apr
  ON p.policy_identifier = apr.agreement_identifier
JOIN oda_benchmark.acme_claim_amount ca
  ON c.claim_identifier = ca.claim_identifier
JOIN oda_benchmark.acme_loss_payment lp
  ON ca.claim_amount_identifier = lp.claim_amount_identifier
WHERE apr.party_role_code = 'AG'
GROUP BY apr.party_identifier, p.policy_number, c.company_claim_number
ORDER BY apr.party_identifier, p.policy_number, c.company_claim_number;","SELECT apr.party_identifier AS agent_id,
       p.policy_number,
       c.company_claim_number,
       SUM(ca.claim_amount) AS loss_payment_amount
FROM oda_benchmark.acme_claim c
JOIN oda_benchmark.acme_claim_coverage cc ON c.claim_identifier = cc.claim_identifier
JOIN oda_benchmark.acme_policy_coverage_detail pcd ON cc.policy_coverage_detail_identifier = pcd.policy_coverage_detail_identifier
JOIN oda_benchmark.acme_policy p ON pcd.policy_identifier = p.policy_identifier
JOIN oda_benchmark.acme_agreement_party_role apr ON p.policy_identifier = apr.agreement_identifier
JOIN oda_benchmark.acme_claim_amount ca ON c.claim_identifier = ca.claim_identifier
JOIN oda_benchmark.acme_loss_payment lp ON ca.claim_amount_identifier = lp.claim_amount_identifier
WHERE apr.party_role_code = 'AG'
GROUP BY apr.party_identifier, p.policy_number, c.company_claim_number
ORDER BY apr.party_identifier ASC"
5,Q20,20,LQHS,dimension_listing,0,"Return agents and the policy they have sold that have had a claim and the corresponding loss reserve amount by agent id, policy number and claim number",1,1,1,0.0,0,0,0.5,0.5,"SELECT apr.party_identifier,
       p.policy_number,
       c.company_claim_number,
       SUM(ca.claim_amount) AS total_loss_reserve
FROM oda_benchmark.acme_agreement_party_role apr
JOIN oda_benchmark.acme_policy p
  ON apr.agreement_identifier = p.policy_identifier
JOIN oda_benchmark.acme_policy_coverage_detail pcd
  ON p.policy_identifier = pcd.policy_identifier
JOIN oda_benchmark.acme_claim_coverage cc
  ON pcd.policy_coverage_detail_identifier = cc.policy_coverage_detail_identifier
JOIN oda_benchmark.acme_claim c
  ON cc.claim_identifier = c.claim_identifier
JOIN oda_benchmark.acme_claim_amount ca
  ON c.claim_identifier = ca.claim_identifier
JOIN oda_benchmark.acme_loss_reserve lr
  ON ca.claim_amount_identifier = lr.claim_amount_identifier
WHERE apr.party_role_code = 'AG'
GROUP BY apr.party_identifier, p.policy_number, c.company_claim_number
ORDER BY apr.party_identifier, p.policy_number, c.company_claim_number;","SELECT apr.party_identifier AS agent_id,
       p.policy_number,
       c.company_claim_number,
       SUM(ca.claim_amount) AS loss_reserve_amount
FROM oda_benchmark.acme_claim c
JOIN oda_benchmark.acme_claim_coverage cc ON c.claim_identifier = cc.claim_identifier
JOIN oda_benchmark.acme_policy_coverage_detail pcd ON cc.policy_coverage_detail_identifier = pcd.policy_coverage_detail_identifier
JOIN oda_benchmark.acme_policy p ON pcd.policy_identifier = p.policy_identifier
JOIN oda_benchmark.acme_agreement_party_role apr ON p.policy_identifier = apr.agreement_identifier
JOIN oda_benchmark.acme_claim_amount ca ON c.claim_identifier = ca.claim_identifier
JOIN oda_benchmark.acme_loss_reserve lr ON ca.claim_amount_identifier = lr.claim_amount_identifier
WHERE apr.party_role_code = 'AG'
GROUP BY apr.party_identifier, p.policy_number, c.company_claim_number
ORDER BY apr.party_identifier ASC"
5,Q21,21,LQHS,dimension_listing,0,"Return agents and the policy they have sold that have had a claim and the corresponding expense payment amount by agent id, policy number and claim number",1,1,1,1.0,1,1,1.0,1.0,"SELECT apr.party_identifier AS agent_id,
       p.policy_number,
       c.company_claim_number,
       SUM(ca.claim_amount) AS expense_payment_amount
FROM oda_benchmark.acme_claim c
JOIN oda_benchmark.acme_claim_amount ca
  ON c.claim_identifier = ca.claim_identifier
JOIN oda_benchmark.acme_expense_payment ep
  ON ca.claim_amount_identifier = ep.claim_amount_identifier
JOIN oda_benchmark.acme_claim_coverage cc
  ON c.claim_identifier = cc.claim_identifier
JOIN oda_benchmark.acme_policy_coverage_detail pcd
  ON cc.policy_coverage_detail_identifier = pcd.policy_coverage_detail_identifier
JOIN oda_benchmark.acme_policy p
  ON pcd.policy_identifier = p.policy_identifier
JOIN oda_benchmark.acme_agreement_party_role apr
  ON p.policy_identifier = apr.agreement_identifier
WHERE apr.party_role_code = 'AG'
GROUP BY apr.party_identifier, p.policy_number, c.company_claim_number
ORDER BY apr.party_identifier, p.policy_number, c.company_claim_number;","SELECT apr.party_identifier AS agent_id,
       p.policy_number,
       c.company_claim_number,
       SUM(ca.claim_amount) AS expense_payment_amount
FROM oda_benchmark.acme_claim c
JOIN oda_benchmark.acme_claim_coverage cc ON c.claim_identifier = cc.claim_identifier
JOIN oda_benchmark.acme_policy_coverage_detail pcd ON cc.policy_coverage_detail_identifier = pcd.policy_coverage_detail_identifier
JOIN oda_benchmark.acme_policy p ON pcd.policy_identifier = p.policy_identifier
JOIN oda_benchmark.acme_agreement_party_role apr ON p.policy_identifier = apr.agreement_identifier
JOIN oda_benchmark.acme_claim_amount ca ON c.claim_identifier = ca.claim_identifier
JOIN oda_benchmark.acme_expense_payment ep ON ca.claim_amount_identifier = ep.claim_amount_identifier
WHERE apr.party_role_code = 'AG'
GROUP BY apr.party_identifier, p.policy_number, c.company_claim_number
ORDER BY apr.party_identifier ASC"
5,Q22,22,LQHS,dimension_listing,0,"Return agents and the policy they have sold that have had a claim and the corresponding expense reserve amount by agent id, policy number and claim number",1,1,1,0.0,0,0,0.5,0.5,"SELECT apr.party_identifier,
       p.policy_number,
       c.company_claim_number,
       SUM(ca.claim_amount) AS total_expense_reserve
FROM oda_benchmark.acme_agreement_party_role apr
JOIN oda_benchmark.acme_policy p
  ON apr.agreement_identifier = p.policy_identifier
JOIN oda_benchmark.acme_policy_coverage_detail pcd
  ON p.policy_identifier = pcd.policy_identifier
JOIN oda_benchmark.acme_claim_coverage cc
  ON pcd.policy_coverage_detail_identifier = cc.policy_coverage_detail_identifier
JOIN oda_benchmark.acme_claim c
  ON cc.claim_identifier = c.claim_identifier
JOIN oda_benchmark.acme_claim_amount ca
  ON c.claim_identifier = ca.claim_identifier
JOIN oda_benchmark.acme_expense_reserve er
  ON ca.claim_amount_identifier = er.claim_amount_identifier
WHERE apr.party_role_code = 'AG'
GROUP BY apr.party_identifier, p.policy_number, c.company_claim_number
ORDER BY apr.party_identifier, p.policy_number, c.company_claim_number;","SELECT apr.party_identifier AS agent_id,
       p.policy_number,
       c.company_claim_number,
       SUM(ca.claim_amount) AS expense_reserve_amount
FROM oda_benchmark.acme_claim c
JOIN oda_benchmark.acme_claim_coverage cc ON c.claim_identifier = cc.claim_identifier
JOIN oda_benchmark.acme_policy_coverage_detail pcd ON cc.policy_coverage_detail_identifier = pcd.policy_coverage_detail_identifier
JOIN oda_benchmark.acme_policy p ON pcd.policy_identifier = p.policy_identifier
JOIN oda_benchmark.acme_agreement_party_role apr ON p.policy_identifier = apr.agreement_identifier
JOIN oda_benchmark.acme_claim_amount ca ON c.claim_identifier = ca.claim_identifier
JOIN oda_benchmark.acme_expense_reserve er ON ca.claim_amount_identifier = er.claim_amount_identifier
WHERE apr.party_role_code = 'AG'
GROUP BY apr.party_identifier, p.policy_number, c.company_claim_number
ORDER BY apr.party_identifier ASC"
5,Q23,23,HQLS,aggregate,0,How many claims do we have?,1,1,1,1.0,1,1,1.0,1.0,SELECT COUNT(company_claim_number) AS claim_count FROM oda_benchmark.acme_claim,"SELECT COUNT(company_claim_number) AS claim_count
FROM oda_benchmark.acme_claim"
5,Q24,24,HQLS,aggregate,0,How many policies do we have?,1,1,1,0.0,0,0,0.0,0.0,SELECT COUNT(policy_identifier) AS policy_count FROM oda_benchmark.acme_policy,"SELECT COUNT(*) AS number_of_policies
FROM oda_benchmark.acme_policy"
5,Q25,25,HQLS,aggregate,0,How many claims have been placed by policy number?,1,1,1,1.0,1,1,1.0,1.0,"SELECT p.policy_number, COUNT(DISTINCT c.claim_identifier) AS claim_count
FROM oda_benchmark.acme_claim c
JOIN oda_benchmark.acme_claim_coverage cc ON c.claim_identifier = cc.claim_identifier
JOIN oda_benchmark.acme_policy_coverage_detail pcd ON cc.policy_coverage_detail_identifier = pcd.policy_coverage_detail_identifier
JOIN oda_benchmark.acme_policy p ON pcd.policy_identifier = p.policy_identifier
GROUP BY p.policy_number
ORDER BY claim_count DESC","SELECT p.policy_number, COUNT(c.company_claim_number) AS claim_count
FROM oda_benchmark.acme_claim c
JOIN oda_benchmark.acme_claim_coverage cc ON c.claim_identifier = cc.claim_identifier
JOIN oda_benchmark.acme_policy_coverage_detail pcd ON cc.policy_coverage_detail_identifier = pcd.policy_coverage_detail_identifier
JOIN oda_benchmark.acme_policy p ON pcd.policy_identifier = p.policy_identifier
GROUP BY p.policy_number
ORDER BY claim_count DESC"
5,Q26,26,HQLS,aggregate,0,How many policies have agents sold by agent id?,1,1,1,1.0,1,1,1.0,1.0,"SELECT party_identifier, COUNT(DISTINCT agreement_identifier) AS policy_count
FROM oda_benchmark.acme_agreement_party_role
WHERE party_role_code = 'AG'
GROUP BY party_identifier
ORDER BY policy_count DESC","SELECT party_identifier, COUNT(DISTINCT agreement_identifier) AS policy_count
FROM oda_benchmark.acme_agreement_party_role
WHERE party_role_code = 'AG'
GROUP BY party_identifier
ORDER BY policy_count DESC"
5,Q28,28,HQLS,aggregate,0,What is the total amount of premiums paid by policy number?,1,1,1,1.0,1,1,1.0,1.0,"SELECT p.policy_number, SUM(pa.policy_amount) AS total_policy_amount
FROM oda_benchmark.acme_policy p
JOIN oda_benchmark.acme_policy_amount pa ON p.policy_identifier = pa.policy_identifier
JOIN oda_benchmark.acme_premium pr ON pa.policy_amount_identifier = pr.policy_amount_identifier
GROUP BY p.policy_number
ORDER BY total_policy_amount DESC","SELECT p.policy_number, SUM(pa.policy_amount) AS total_policy_amount
FROM oda_benchmark.acme_policy p
JOIN oda_benchmark.acme_policy_amount pa ON p.policy_identifier = pa.policy_identifier
JOIN oda_benchmark.acme_premium pr ON pa.policy_amount_identifier = pr.policy_amount_identifier
GROUP BY p.policy_number
ORDER BY total_policy_amount DESC"
5,Q32,32,HQLS,aggregate,0,What is the average time to settle a claim by policy number?,1,1,1,0.0,0,0,0.5,0.5,"SELECT p.policy_number,
       AVG(c.claim_close_date - c.claim_open_date) AS avg_time_to_settle
FROM oda_benchmark.acme_claim c
JOIN oda_benchmark.acme_claim_coverage cc
  ON c.claim_identifier = cc.claim_identifier
JOIN oda_benchmark.acme_policy_coverage_detail pcd
  ON cc.policy_coverage_detail_identifier = pcd.policy_coverage_detail_identifier
JOIN oda_benchmark.acme_policy p
  ON pcd.policy_identifier = p.policy_identifier
WHERE c.claim_close_date IS NOT NULL
  AND c.claim_open_date IS NOT NULL
GROUP BY p.policy_number
ORDER BY avg_time_to_settle DESC;","SELECT p.policy_number, AVG(EXTRACT(DAY FROM (c.claim_close_date - c.claim_open_date))) AS avg_days_to_settle
FROM oda_benchmark.acme_claim c
JOIN oda_benchmark.acme_claim_coverage cc ON c.claim_identifier = cc.claim_identifier
JOIN oda_benchmark.acme_policy_coverage_detail pcd ON cc.policy_coverage_detail_identifier = pcd.policy_coverage_detail_identifier
JOIN oda_benchmark.acme_policy p ON pcd.policy_identifier = p.policy_identifier
GROUP BY p.policy_number
ORDER BY avg_days_to_settle DESC"
5,Q31,31,HQLS,aggregate,0,"What is the total loss amounts, which is the sum of loss payment, loss reserve amount by claim number?",1,1,1,1.0,1,1,1.0,1.0,"SELECT c.company_claim_number,
       SUM(ca.claim_amount) AS total_loss_amount
FROM oda_benchmark.acme_claim c
JOIN oda_benchmark.acme_claim_amount ca
  ON c.claim_identifier = ca.claim_identifier
LEFT JOIN oda_benchmark.acme_loss_payment lp
  ON ca.claim_amount_identifier = lp.claim_amount_identifier
LEFT JOIN oda_benchmark.acme_loss_reserve lr
  ON ca.claim_amount_identifier = lr.claim_amount_identifier
WHERE lp.claim_amount_identifier IS NOT NULL
   OR lr.claim_amount_identifier IS NOT NULL
GROUP BY c.company_claim_number
ORDER BY total_loss_amount DESC","SELECT c.company_claim_number,
       COALESCE(SUM(CASE WHEN lp.claim_amount_identifier IS NOT NULL THEN ca.claim_amount END), 0) +
       COALESCE(SUM(CASE WHEN lr.claim_amount_identifier IS NOT NULL THEN ca.claim_amount END), 0) AS total_loss_amount
FROM oda_benchmark.acme_claim c
JOIN oda_benchmark.acme_claim_amount ca ON c.claim_identifier = ca.claim_identifier
LEFT JOIN oda_benchmark.acme_loss_payment lp ON ca.claim_amount_identifier = lp.claim_amount_identifier
LEFT JOIN oda_benchmark.acme_loss_reserve lr ON ca.claim_amount_identifier = lr.claim_amount_identifier
GROUP BY c.company_claim_number
HAVING COALESCE(SUM(CASE WHEN lp.claim_amount_identifier IS NOT NULL THEN ca.claim_amount END), 0) +
       COALESCE(SUM(CASE WHEN lr.claim_amount_identifier IS NOT NULL THEN ca.claim_amount END), 0) > 0
ORDER BY total_loss_amount DESC"
5,Q29,29,HQLS,aggregate,0,What is the total amount of premiums that a policy holder has paid?,1,1,1,0.0,0,0,0.5,0.5,"SELECT apr.party_identifier, SUM(pa.policy_amount) AS total_premium_paid
FROM oda_benchmark.acme_agreement_party_role apr
JOIN oda_benchmark.acme_policy p ON apr.agreement_identifier = p.policy_identifier
JOIN oda_benchmark.acme_policy_amount pa ON p.policy_identifier = pa.policy_identifier
JOIN oda_benchmark.acme_premium pr ON pa.policy_amount_identifier = pr.policy_amount_identifier
WHERE apr.party_role_code = 'PH'
GROUP BY apr.party_identifier
ORDER BY total_premium_paid DESC","SELECT apr.party_identifier, SUM(pa.policy_amount) AS total_policy_amount
FROM oda_benchmark.acme_agreement_party_role apr
JOIN oda_benchmark.acme_policy p ON apr.agreement_identifier = p.policy_identifier
JOIN oda_benchmark.acme_policy_amount pa ON p.policy_identifier = pa.policy_identifier
JOIN oda_benchmark.acme_premium pr ON pa.policy_amount_identifier = pr.policy_amount_identifier
WHERE apr.party_role_code = 'PH'
GROUP BY apr.party_identifier
ORDER BY total_policy_amount DESC"
5,Q30,30,HQLS,aggregate,0,What is the total amount of premiums that a policy holder has paid by policy number?,1,1,1,0.0,0,0,0.4,0.4,"SELECT p.policy_number, SUM(pa.policy_amount) AS total_premium_paid
FROM oda_benchmark.acme_policy p
JOIN oda_benchmark.acme_policy_amount pa ON p.policy_identifier = pa.policy_identifier
JOIN oda_benchmark.acme_premium pr ON pa.policy_amount_identifier = pr.policy_amount_identifier
JOIN oda_benchmark.acme_agreement_party_role apr ON p.policy_identifier = apr.agreement_identifier
WHERE apr.party_role_code = 'PH'
GROUP BY p.policy_number
ORDER BY total_premium_paid DESC","SELECT p.policy_number, apr.party_identifier, SUM(pa.policy_amount) AS total_policy_amount
FROM oda_benchmark.acme_agreement_party_role apr
JOIN oda_benchmark.acme_policy p ON apr.agreement_identifier = p.policy_identifier
JOIN oda_benchmark.acme_policy_amount pa ON p.policy_identifier = pa.policy_identifier
JOIN oda_benchmark.acme_premium pr ON pa.policy_amount_identifier = pr.policy_amount_identifier
WHERE apr.party_role_code = 'PH'
GROUP BY p.policy_number, apr.party_identifier
ORDER BY total_policy_amount DESC"
5,Q27,27,HQLS,aggregate,0,How many policies does each policy holder have by policy holder id?,1,1,1,1.0,1,1,1.0,1.0,"SELECT party_identifier, COUNT(DISTINCT agreement_identifier) AS policy_count
FROM oda_benchmark.acme_agreement_party_role
WHERE party_role_code = 'PH'
GROUP BY party_identifier
ORDER BY policy_count DESC","SELECT party_identifier, COUNT(DISTINCT agreement_identifier) AS policy_count
FROM oda_benchmark.acme_agreement_party_role
WHERE party_role_code = 'PH'
GROUP BY party_identifier
ORDER BY policy_count DESC"
5,Q33,33,HQLS,aggregate,0,What is the average policy size which is the total amount of premium divided by the number of policies?,1,1,1,0.0,0,0,0.0,0.0,"SELECT SUM(pa.policy_amount) / COUNT(DISTINCT p.policy_identifier) AS average_policy_size
FROM oda_benchmark.acme_policy p
JOIN oda_benchmark.acme_policy_amount pa ON p.policy_identifier = pa.policy_identifier
JOIN oda_benchmark.acme_premium pr ON pa.policy_amount_identifier = pr.policy_amount_identifier","SELECT SUM(pa.policy_amount) / NULLIF(COUNT(DISTINCT pa.policy_identifier), 0) AS avg_policy_size
FROM oda_benchmark.acme_policy_amount pa
JOIN oda_benchmark.acme_premium pr ON pa.policy_amount_identifier = pr.policy_amount_identifier"
5,Q34,34,HQHS,aggregate,0,"What is the total loss of each claim by claim number where total loss is the sum of loss payment, loss reserve, expense payment, expense reserve amount?",1,1,1,1.0,1,1,1.0,1.0,"SELECT c.company_claim_number,
       SUM(ca.claim_amount) AS total_loss
FROM oda_benchmark.acme_claim c
JOIN oda_benchmark.acme_claim_amount ca
  ON c.claim_identifier = ca.claim_identifier
LEFT JOIN oda_benchmark.acme_loss_payment lp
  ON ca.claim_amount_identifier = lp.claim_amount_identifier
LEFT JOIN oda_benchmark.acme_loss_reserve lr
  ON ca.claim_amount_identifier = lr.claim_amount_identifier
LEFT JOIN oda_benchmark.acme_expense_payment ep
  ON ca.claim_amount_identifier = ep.claim_amount_identifier
LEFT JOIN oda_benchmark.acme_expense_reserve er
  ON ca.claim_amount_identifier = er.claim_amount_identifier
WHERE lp.claim_amount_identifier IS NOT NULL
   OR lr.claim_amount_identifier IS NOT NULL
   OR ep.claim_amount_identifier IS NOT NULL
   OR er.claim_amount_identifier IS NOT NULL
GROUP BY c.company_claim_number
ORDER BY total_loss DESC","SELECT c.company_claim_number,
       COALESCE(SUM(CASE WHEN lp.claim_amount_identifier IS NOT NULL THEN ca.claim_amount END), 0) +
       COALESCE(SUM(CASE WHEN lr.claim_amount_identifier IS NOT NULL THEN ca.claim_amount END), 0) +
       COALESCE(SUM(CASE WHEN ep.claim_amount_identifier IS NOT NULL THEN ca.claim_amount END), 0) +
       COALESCE(SUM(CASE WHEN er.claim_amount_identifier IS NOT NULL THEN ca.claim_amount END), 0) AS total_loss
FROM oda_benchmark.acme_claim c
JOIN oda_benchmark.acme_claim_amount ca ON c.claim_identifier = ca.claim_identifier
LEFT JOIN oda_benchmark.acme_loss_payment lp ON ca.claim_amount_identifier = lp.claim_amount_identifier
LEFT JOIN oda_benchmark.acme_loss_reserve lr ON ca.claim_amount_identifier = lr.claim_amount_identifier
LEFT JOIN oda_benchmark.acme_expense_payment ep ON ca.claim_amount_identifier = ep.claim_amount_identifier
LEFT JOIN oda_benchmark.acme_expense_reserve er ON ca.claim_amount_identifier = er.claim_amount_identifier
GROUP BY c.company_claim_number
ORDER BY total_loss DESC"
5,Q35,35,HQHS,aggregate,0,"What is the average loss of each policy by policy number where loss is the sum of loss payment, loss reserve, expense payment, expense reserve amounts?",1,1,1,0.0,0,0,0.5,0.5,"SELECT p.policy_number,
       AVG(claim_loss.total_loss) AS average_loss
FROM (
    SELECT c.claim_identifier,
           SUM(ca.claim_amount) AS total_loss
    FROM oda_benchmark.acme_claim c
    JOIN oda_benchmark.acme_claim_amount ca
      ON c.claim_identifier = ca.claim_identifier
    LEFT JOIN oda_benchmark.acme_loss_payment lp
      ON ca.claim_amount_identifier = lp.claim_amount_identifier
    LEFT JOIN oda_benchmark.acme_loss_reserve lr
      ON ca.claim_amount_identifier = lr.claim_amount_identifier
    LEFT JOIN oda_benchmark.acme_expense_payment ep
      ON ca.claim_amount_identifier = ep.claim_amount_identifier
    LEFT JOIN oda_benchmark.acme_expense_reserve er
      ON ca.claim_amount_identifier = er.claim_amount_identifier
    WHERE lp.claim_amount_identifier IS NOT NULL
       OR lr.claim_amount_identifier IS NOT NULL
       OR ep.claim_amount_identifier IS NOT NULL
       OR er.claim_amount_identifier IS NOT NULL
    GROUP BY c.claim_identifier
) claim_loss
JOIN oda_benchmark.acme_claim_coverage cc
  ON claim_loss.claim_identifier = cc.claim_identifier
JOIN oda_benchmark.acme_policy_coverage_detail pcd
  ON cc.policy_coverage_detail_identifier = pcd.policy_coverage_detail_identifier
JOIN oda_benchmark.acme_policy p
  ON pcd.policy_identifier = p.policy_identifier
GROUP BY p.policy_number
ORDER BY average_loss DESC;","WITH claim_loss AS (
  SELECT ca.claim_identifier,
         COALESCE(SUM(CASE WHEN lp.claim_amount_identifier IS NOT NULL THEN ca.claim_amount END), 0) +
         COALESCE(SUM(CASE WHEN lr.claim_amount_identifier IS NOT NULL THEN ca.claim_amount END), 0) +
         COALESCE(SUM(CASE WHEN ep.claim_amount_identifier IS NOT NULL THEN ca.claim_amount END), 0) +
         COALESCE(SUM(CASE WHEN er.claim_amount_identifier IS NOT NULL THEN ca.claim_amount END), 0) AS full_loss
  FROM oda_benchmark.acme_claim_amount ca
  LEFT JOIN oda_benchmark.acme_loss_payment lp ON ca.claim_amount_identifier = lp.claim_amount_identifier
  LEFT JOIN oda_benchmark.acme_loss_reserve lr ON ca.claim_amount_identifier = lr.claim_amount_identifier
  LEFT JOIN oda_benchmark.acme_expense_payment ep ON ca.claim_amount_identifier = ep.claim_amount_identifier
  LEFT JOIN oda_benchmark.acme_expense_reserve er ON ca.claim_amount_identifier = er.claim_amount_identifier
  GROUP BY ca.claim_identifier
)
SELECT p.policy_number,
       AVG(cl.full_loss) AS avg_loss
FROM oda_benchmark.acme_claim c
JOIN claim_loss cl ON c.claim_identifier = cl.claim_identifier
JOIN oda_benchmark.acme_claim_coverage cc ON c.claim_identifier = cc.claim_identifier
JOIN oda_benchmark.acme_policy_coverage_detail pcd ON cc.policy_coverage_detail_identifier = pcd.policy_coverage_detail_identifier
JOIN oda_benchmark.acme_policy p ON pcd.policy_identifier = p.policy_identifier
GROUP BY p.policy_number
ORDER BY avg_loss DESC"
5,Q36,36,HQHS,aggregate,0,"What is the total loss of each policy by policy number where total loss is the sum of loss payment, loss reserve, expense payment, expense reserve amounts?",1,1,1,1.0,1,1,1.0,1.0,"SELECT p.policy_number,
       SUM(ca.claim_amount) AS total_loss
FROM oda_benchmark.acme_claim c
JOIN oda_benchmark.acme_claim_coverage cc
  ON c.claim_identifier = cc.claim_identifier
JOIN oda_benchmark.acme_policy_coverage_detail pcd
  ON cc.policy_coverage_detail_identifier = pcd.policy_coverage_detail_identifier
JOIN oda_benchmark.acme_policy p
  ON pcd.policy_identifier = p.policy_identifier
JOIN oda_benchmark.acme_claim_amount ca
  ON c.claim_identifier = ca.claim_identifier
LEFT JOIN oda_benchmark.acme_loss_payment lp
  ON ca.claim_amount_identifier = lp.claim_amount_identifier
LEFT JOIN oda_benchmark.acme_loss_reserve lr
  ON ca.claim_amount_identifier = lr.claim_amount_identifier
LEFT JOIN oda_benchmark.acme_expense_payment ep
  ON ca.claim_amount_identifier = ep.claim_amount_identifier
LEFT JOIN oda_benchmark.acme_expense_reserve er
  ON ca.claim_amount_identifier = er.claim_amount_identifier
WHERE lp.claim_amount_identifier IS NOT NULL
   OR lr.claim_amount_identifier IS NOT NULL
   OR ep.claim_amount_identifier IS NOT NULL
   OR er.claim_amount_identifier IS NOT NULL
GROUP BY p.policy_number
ORDER BY total_loss DESC;","SELECT p.policy_number,
       COALESCE(SUM(CASE WHEN lp.claim_amount_identifier IS NOT NULL THEN ca.claim_amount END), 0) +
       COALESCE(SUM(CASE WHEN lr.claim_amount_identifier IS NOT NULL THEN ca.claim_amount END), 0) +
       COALESCE(SUM(CASE WHEN ep.claim_amount_identifier IS NOT NULL THEN ca.claim_amount END), 0) +
       COALESCE(SUM(CASE WHEN er.claim_amount_identifier IS NOT NULL THEN ca.claim_amount END), 0) AS total_loss
FROM oda_benchmark.acme_claim c
JOIN oda_benchmark.acme_claim_amount ca ON c.claim_identifier = ca.claim_identifier
LEFT JOIN oda_benchmark.acme_loss_payment lp ON ca.claim_amount_identifier = lp.claim_amount_identifier
LEFT JOIN oda_benchmark.acme_loss_reserve lr ON ca.claim_amount_identifier = lr.claim_amount_identifier
LEFT JOIN oda_benchmark.acme_expense_payment ep ON ca.claim_amount_identifier = ep.claim_amount_identifier
LEFT JOIN oda_benchmark.acme_expense_reserve er ON ca.claim_amount_identifier = er.claim_amount_identifier
JOIN oda_benchmark.acme_claim_coverage cc ON c.claim_identifier = cc.claim_identifier
JOIN oda_benchmark.acme_policy_coverage_detail pcd ON cc.policy_coverage_detail_identifier = pcd.policy_coverage_detail_identifier
JOIN oda_benchmark.acme_policy p ON pcd.policy_identifier = p.policy_identifier
GROUP BY p.policy_number
ORDER BY total_loss DESC"
5,Q37,37,HQHS,aggregate,0,"What are the total loss, which is the sum of loss payment, loss reserve, expense payment, expense reserve amount by claim number and corresponding policy number, policy holder and premium amount paid?",1,1,1,0.0,0,0,0.8,0.6,"SELECT 
  c.company_claim_number,
  p.policy_number,
  apr.party_identifier AS policyholder_id,
  SUM(CASE WHEN lp.claim_amount_identifier IS NOT NULL THEN ca.claim_amount ELSE 0 END) +
  SUM(CASE WHEN lr.claim_amount_identifier IS NOT NULL THEN ca.claim_amount ELSE 0 END) +
  SUM(CASE WHEN ep.claim_amount_identifier IS NOT NULL THEN ca.claim_amount ELSE 0 END) +
  SUM(CASE WHEN er.claim_amount_identifier IS NOT NULL THEN ca.claim_amount ELSE 0 END) AS total_loss,
  SUM(DISTINCT pa.policy_amount) AS total_premium
FROM oda_benchmark.acme_claim c
JOIN oda_benchmark.acme_claim_amount ca 
  ON c.claim_identifier = ca.claim_identifier
LEFT JOIN oda_benchmark.acme_loss_payment lp 
  ON ca.claim_amount_identifier = lp.claim_amount_identifier
LEFT JOIN oda_benchmark.acme_loss_reserve lr 
  ON ca.claim_amount_identifier = lr.claim_amount_identifier
LEFT JOIN oda_benchmark.acme_expense_payment ep 
  ON ca.claim_amount_identifier = ep.claim_amount_identifier
LEFT JOIN oda_benchmark.acme_expense_reserve er 
  ON ca.claim_amount_identifier = er.claim_amount_identifier
LEFT JOIN oda_benchmark.acme_claim_coverage cc 
  ON c.claim_identifier = cc.claim_identifier
LEFT JOIN oda_benchmark.acme_policy_coverage_detail pcd 
  ON cc.policy_coverage_detail_identifier = pcd.policy_coverage_detail_identifier
LEFT JOIN oda_benchmark.acme_policy p 
  ON pcd.policy_identifier = p.policy_identifier
LEFT JOIN oda_benchmark.acme_agreement_party_role apr 
  ON p.policy_identifier = apr.agreement_identifier 
  AND apr.party_role_code = 'PH'
LEFT JOIN oda_benchmark.acme_policy_amount pa 
  ON p.policy_identifier = pa.policy_identifier
LEFT JOIN oda_benchmark.acme_premium pr 
  ON pa.policy_amount_identifier = pr.policy_amount_identifier
GROUP BY 
  c.company_claim_number,
  p.policy_number,
  apr.party_identifier
ORDER BY total_loss DESC;","SELECT c.company_claim_number,
       p.policy_number,
       apr.party_identifier AS policyholder_id,
       SUM(DISTINCT pa.policy_amount) AS premium_amount,
       COALESCE(SUM(CASE WHEN lp.claim_amount_identifier IS NOT NULL THEN ca.claim_amount END), 0) +
       COALESCE(SUM(CASE WHEN lr.claim_amount_identifier IS NOT NULL THEN ca.claim_amount END), 0) +
       COALESCE(SUM(CASE WHEN ep.claim_amount_identifier IS NOT NULL THEN ca.claim_amount END), 0) +
       COALESCE(SUM(CASE WHEN er.claim_amount_identifier IS NOT NULL THEN ca.claim_amount END), 0) AS total_loss
FROM oda_benchmark.acme_claim c
JOIN oda_benchmark.acme_claim_amount ca ON c.claim_identifier = ca.claim_identifier
LEFT JOIN oda_benchmark.acme_loss_payment lp ON ca.claim_amount_identifier = lp.claim_amount_identifier
LEFT JOIN oda_benchmark.acme_loss_reserve lr ON ca.claim_amount_identifier = lr.claim_amount_identifier
LEFT JOIN oda_benchmark.acme_expense_payment ep ON ca.claim_amount_identifier = ep.claim_amount_identifier
LEFT JOIN oda_benchmark.acme_expense_reserve er ON ca.claim_amount_identifier = er.claim_amount_identifier
JOIN oda_benchmark.acme_claim_coverage cc ON c.claim_identifier = cc.claim_identifier
JOIN oda_benchmark.acme_policy_coverage_detail pcd ON cc.policy_coverage_detail_identifier = pcd.policy_coverage_detail_identifier
JOIN oda_benchmark.acme_policy p ON pcd.policy_identifier = p.policy_identifier
JOIN oda_benchmark.acme_agreement_party_role apr ON p.policy_identifier = apr.agreement_identifier
JOIN oda_benchmark.acme_policy_amount pa ON p.policy_identifier = pa.policy_identifier
JOIN oda_benchmark.acme_premium pr ON pa.policy_amount_identifier = pr.policy_amount_identifier
WHERE apr.party_role_code = 'PH'
GROUP BY c.company_claim_number, p.policy_number, apr.party_identifier
ORDER BY c.company_claim_number ASC"
5,Q38,38,HQHS,aggregate,0,"What are the total loss, which is the sum of loss payment, loss reserve, expense payment, expense reserve amount by catastrophe and policy number?",1,1,1,1.0,1,1,1.0,1.0,"SELECT cat.catastrophe_name,
       p.policy_number,
       SUM(ca.claim_amount) AS total_loss
FROM oda_benchmark.acme_claim c
JOIN oda_benchmark.acme_catastrophe cat
  ON c.catastrophe_identifier = cat.catastrophe_identifier
JOIN oda_benchmark.acme_claim_amount ca
  ON c.claim_identifier = ca.claim_identifier
LEFT JOIN oda_benchmark.acme_loss_payment lp
  ON ca.claim_amount_identifier = lp.claim_amount_identifier
LEFT JOIN oda_benchmark.acme_loss_reserve lr
  ON ca.claim_amount_identifier = lr.claim_amount_identifier
LEFT JOIN oda_benchmark.acme_expense_payment ep
  ON ca.claim_amount_identifier = ep.claim_amount_identifier
LEFT JOIN oda_benchmark.acme_expense_reserve er
  ON ca.claim_amount_identifier = er.claim_amount_identifier
JOIN oda_benchmark.acme_claim_coverage cc
  ON c.claim_identifier = cc.claim_identifier
JOIN oda_benchmark.acme_policy_coverage_detail pcd
  ON cc.policy_coverage_detail_identifier = pcd.policy_coverage_detail_identifier
JOIN oda_benchmark.acme_policy p
  ON pcd.policy_identifier = p.policy_identifier
WHERE lp.claim_amount_identifier IS NOT NULL
   OR lr.claim_amount_identifier IS NOT NULL
   OR ep.claim_amount_identifier IS NOT NULL
   OR er.claim_amount_identifier IS NOT NULL
GROUP BY cat.catastrophe_name, p.policy_number
ORDER BY cat.catastrophe_name, p.policy_number;","SELECT cat.catastrophe_name,
       p.policy_number,
       COALESCE(SUM(CASE WHEN lp.claim_amount_identifier IS NOT NULL THEN ca.claim_amount END), 0) +
       COALESCE(SUM(CASE WHEN lr.claim_amount_identifier IS NOT NULL THEN ca.claim_amount END), 0) +
       COALESCE(SUM(CASE WHEN ep.claim_amount_identifier IS NOT NULL THEN ca.claim_amount END), 0) +
       COALESCE(SUM(CASE WHEN er.claim_amount_identifier IS NOT NULL THEN ca.claim_amount END), 0) AS total_loss
FROM oda_benchmark.acme_claim c
LEFT JOIN oda_benchmark.acme_catastrophe cat ON c.catastrophe_identifier = cat.catastrophe_identifier
JOIN oda_benchmark.acme_claim_amount ca ON c.claim_identifier = ca.claim_identifier
LEFT JOIN oda_benchmark.acme_loss_payment lp ON ca.claim_amount_identifier = lp.claim_amount_identifier
LEFT JOIN oda_benchmark.acme_loss_reserve lr ON ca.claim_amount_identifier = lr.claim_amount_identifier
LEFT JOIN oda_benchmark.acme_expense_payment ep ON ca.claim_amount_identifier = ep.claim_amount_identifier
LEFT JOIN oda_benchmark.acme_expense_reserve er ON ca.claim_amount_identifier = er.claim_amount_identifier
JOIN oda_benchmark.acme_claim_coverage cc ON c.claim_identifier = cc.claim_identifier
JOIN oda_benchmark.acme_policy_coverage_detail pcd ON cc.policy_coverage_detail_identifier = pcd.policy_coverage_detail_identifier
JOIN oda_benchmark.acme_policy p ON pcd.policy_identifier = p.policy_identifier
GROUP BY cat.catastrophe_name, p.policy_number
ORDER BY total_loss DESC"
5,Q39,39,HQHS,aggregate,0,"What are the total loss, which is the sum of loss payment, loss reserve, expense payment, expense reserve amount by claim number, catastrophe and corresponding policy number?",1,1,1,0.0,0,0,0.75,0.75,"SELECT 
  c.company_claim_number,
  c.catastrophe_identifier,
  p.policy_number,
  SUM(ca.claim_amount) AS total_loss
FROM oda_benchmark.acme_claim c
JOIN oda_benchmark.acme_claim_amount ca 
  ON c.claim_identifier = ca.claim_identifier
LEFT JOIN oda_benchmark.acme_loss_payment lp 
  ON ca.claim_amount_identifier = lp.claim_amount_identifier
LEFT JOIN oda_benchmark.acme_loss_reserve lr 
  ON ca.claim_amount_identifier = lr.claim_amount_identifier
LEFT JOIN oda_benchmark.acme_expense_payment ep 
  ON ca.claim_amount_identifier = ep.claim_amount_identifier
LEFT JOIN oda_benchmark.acme_expense_reserve er 
  ON ca.claim_amount_identifier = er.claim_amount_identifier
JOIN oda_benchmark.acme_claim_coverage cc 
  ON c.claim_identifier = cc.claim_identifier
JOIN oda_benchmark.acme_policy_coverage_detail pcd 
  ON cc.policy_coverage_detail_identifier = pcd.policy_coverage_detail_identifier
JOIN oda_benchmark.acme_policy p 
  ON pcd.policy_identifier = p.policy_identifier
WHERE lp.claim_amount_identifier IS NOT NULL
   OR lr.claim_amount_identifier IS NOT NULL
   OR ep.claim_amount_identifier IS NOT NULL
   OR er.claim_amount_identifier IS NOT NULL
GROUP BY c.company_claim_number, c.catastrophe_identifier, p.policy_number
ORDER BY total_loss DESC","SELECT c.company_claim_number,
       cat.catastrophe_name,
       p.policy_number,
       COALESCE(SUM(CASE WHEN lp.claim_amount_identifier IS NOT NULL THEN ca.claim_amount END), 0) +
       COALESCE(SUM(CASE WHEN lr.claim_amount_identifier IS NOT NULL THEN ca.claim_amount END), 0) +
       COALESCE(SUM(CASE WHEN ep.claim_amount_identifier IS NOT NULL THEN ca.claim_amount END), 0) +
       COALESCE(SUM(CASE WHEN er.claim_amount_identifier IS NOT NULL THEN ca.claim_amount END), 0) AS total_loss
FROM oda_benchmark.acme_claim c
LEFT JOIN oda_benchmark.acme_catastrophe cat ON c.catastrophe_identifier = cat.catastrophe_identifier
JOIN oda_benchmark.acme_claim_amount ca ON c.claim_identifier = ca.claim_identifier
LEFT JOIN oda_benchmark.acme_loss_payment lp ON ca.claim_amount_identifier = lp.claim_amount_identifier
LEFT JOIN oda_benchmark.acme_loss_reserve lr ON ca.claim_amount_identifier = lr.claim_amount_identifier
LEFT JOIN oda_benchmark.acme_expense_payment ep ON ca.claim_amount_identifier = ep.claim_amount_identifier
LEFT JOIN oda_benchmark.acme_expense_reserve er ON ca.claim_amount_identifier = er.claim_amount_identifier
JOIN oda_benchmark.acme_claim_coverage cc ON c.claim_identifier = cc.claim_identifier
JOIN oda_benchmark.acme_policy_coverage_detail pcd ON cc.policy_coverage_detail_identifier = pcd.policy_coverage_detail_identifier
JOIN oda_benchmark.acme_policy p ON pcd.policy_identifier = p.policy_identifier
GROUP BY c.company_claim_number, cat.catastrophe_name, p.policy_number
ORDER BY c.company_claim_number ASC"
5,Q40,40,HQHS,aggregate,0,"What is the total loss of each policy that an agent has sold by agent id where total loss is the sum of loss payment, loss reserve, expense payment, expense reserve amounts?",1,1,1,0.0,0,0,0.6667,0.6667,"SELECT apr.party_identifier,
       p.policy_number,
       SUM(ca.claim_amount) AS total_loss
FROM oda_benchmark.acme_agreement_party_role apr
JOIN oda_benchmark.acme_policy p
  ON apr.agreement_identifier = p.policy_identifier
JOIN oda_benchmark.acme_policy_coverage_detail pcd
  ON p.policy_identifier = pcd.policy_identifier
JOIN oda_benchmark.acme_claim_coverage cc
  ON pcd.policy_coverage_detail_identifier = cc.policy_coverage_detail_identifier
JOIN oda_benchmark.acme_claim c
  ON cc.claim_identifier = c.claim_identifier
JOIN oda_benchmark.acme_claim_amount ca
  ON c.claim_identifier = ca.claim_identifier
LEFT JOIN oda_benchmark.acme_loss_payment lp
  ON ca.claim_amount_identifier = lp.claim_amount_identifier
LEFT JOIN oda_benchmark.acme_loss_reserve lr
  ON ca.claim_amount_identifier = lr.claim_amount_identifier
LEFT JOIN oda_benchmark.acme_expense_payment ep
  ON ca.claim_amount_identifier = ep.claim_amount_identifier
LEFT JOIN oda_benchmark.acme_expense_reserve er
  ON ca.claim_amount_identifier = er.claim_amount_identifier
WHERE apr.party_role_code = 'AG'
  AND (lp.claim_amount_identifier IS NOT NULL
       OR lr.claim_amount_identifier IS NOT NULL
       OR ep.claim_amount_identifier IS NOT NULL
       OR er.claim_amount_identifier IS NOT NULL)
GROUP BY apr.party_identifier, p.policy_number
ORDER BY apr.party_identifier, total_loss DESC","SELECT apr.party_identifier AS agent_id,
       p.policy_number,
       COALESCE(SUM(CASE WHEN lp.claim_amount_identifier IS NOT NULL THEN ca.claim_amount END), 0) +
       COALESCE(SUM(CASE WHEN lr.claim_amount_identifier IS NOT NULL THEN ca.claim_amount END), 0) +
       COALESCE(SUM(CASE WHEN ep.claim_amount_identifier IS NOT NULL THEN ca.claim_amount END), 0) +
       COALESCE(SUM(CASE WHEN er.claim_amount_identifier IS NOT NULL THEN ca.claim_amount END), 0) AS total_loss
FROM oda_benchmark.acme_claim c
JOIN oda_benchmark.acme_claim_amount ca ON c.claim_identifier = ca.claim_identifier
LEFT JOIN oda_benchmark.acme_loss_payment lp ON ca.claim_amount_identifier = lp.claim_amount_identifier
LEFT JOIN oda_benchmark.acme_loss_reserve lr ON ca.claim_amount_identifier = lr.claim_amount_identifier
LEFT JOIN oda_benchmark.acme_expense_payment ep ON ca.claim_amount_identifier = ep.claim_amount_identifier
LEFT JOIN oda_benchmark.acme_expense_reserve er ON ca.claim_amount_identifier = er.claim_amount_identifier
JOIN oda_benchmark.acme_claim_coverage cc ON c.claim_identifier = cc.claim_identifier
JOIN oda_benchmark.acme_policy_coverage_detail pcd ON cc.policy_coverage_detail_identifier = pcd.policy_coverage_detail_identifier
JOIN oda_benchmark.acme_policy p ON pcd.policy_identifier = p.policy_identifier
JOIN oda_benchmark.acme_agreement_party_role apr ON p.policy_identifier = apr.agreement_identifier
WHERE apr.party_role_code = 'AG'
GROUP BY apr.party_identifier, p.policy_number
ORDER BY apr.party_identifier ASC"
5,Q41,41,HQHS,aggregate,0,What is the loss ratio of each policy and agent who sold it by policy number and agent id?,1,1,1,0.0,0,0,1.0,0.4444,"SELECT
  p.policy_number,
  apr.party_identifier AS agent_id,
  SUM(CASE WHEN lp.claim_amount_identifier IS NOT NULL OR lr.claim_amount_identifier IS NOT NULL THEN ca.claim_amount ELSE 0 END) /
  NULLIF(SUM(CASE WHEN pr.policy_amount_identifier IS NOT NULL THEN pa.policy_amount ELSE 0 END), 0) AS loss_ratio
FROM oda_benchmark.acme_policy p
LEFT JOIN oda_benchmark.acme_agreement_party_role apr
  ON p.policy_identifier = apr.agreement_identifier
  AND apr.party_role_code = 'AG'
LEFT JOIN oda_benchmark.acme_policy_amount pa
  ON p.policy_identifier = pa.policy_identifier
LEFT JOIN oda_benchmark.acme_premium pr
  ON pa.policy_amount_identifier = pr.policy_amount_identifier
LEFT JOIN oda_benchmark.acme_policy_coverage_detail pcd
  ON p.policy_identifier = pcd.policy_identifier
LEFT JOIN oda_benchmark.acme_claim_coverage cc
  ON pcd.policy_coverage_detail_identifier = cc.policy_coverage_detail_identifier
LEFT JOIN oda_benchmark.acme_claim c
  ON cc.claim_identifier = c.claim_identifier
LEFT JOIN oda_benchmark.acme_claim_amount ca
  ON c.claim_identifier = ca.claim_identifier
LEFT JOIN oda_benchmark.acme_loss_payment lp
  ON ca.claim_amount_identifier = lp.claim_amount_identifier
LEFT JOIN oda_benchmark.acme_loss_reserve lr
  ON ca.claim_amount_identifier = lr.claim_amount_identifier
GROUP BY p.policy_number, apr.party_identifier
ORDER BY p.policy_number, apr.party_identifier;","SELECT p.policy_number,
       apr.party_identifier AS agent_id,
       (COALESCE(SUM(CASE WHEN lp.claim_amount_identifier IS NOT NULL THEN ca.claim_amount END), 0) +
        COALESCE(SUM(CASE WHEN lr.claim_amount_identifier IS NOT NULL THEN ca.claim_amount END), 0) +
        COALESCE(SUM(CASE WHEN ep.claim_amount_identifier IS NOT NULL THEN ca.claim_amount END), 0) +
        COALESCE(SUM(CASE WHEN er.claim_amount_identifier IS NOT NULL THEN ca.claim_amount END), 0)) /
       NULLIF(SUM(DISTINCT pa.policy_amount), 0) AS loss_ratio
FROM oda_benchmark.acme_claim c
JOIN oda_benchmark.acme_claim_amount ca ON c.claim_identifier = ca.claim_identifier
LEFT JOIN oda_benchmark.acme_loss_payment lp ON ca.claim_amount_identifier = lp.claim_amount_identifier
LEFT JOIN oda_benchmark.acme_loss_reserve lr ON ca.claim_amount_identifier = lr.claim_amount_identifier
LEFT JOIN oda_benchmark.acme_expense_payment ep ON ca.claim_amount_identifier = ep.claim_amount_identifier
LEFT JOIN oda_benchmark.acme_expense_reserve er ON ca.claim_amount_identifier = er.claim_amount_identifier
JOIN oda_benchmark.acme_claim_coverage cc ON c.claim_identifier = cc.claim_identifier
JOIN oda_benchmark.acme_policy_coverage_detail pcd ON cc.policy_coverage_detail_identifier = pcd.policy_coverage_detail_identifier
JOIN oda_benchmark.acme_policy p ON pcd.policy_identifier = p.policy_identifier
JOIN oda_benchmark.acme_agreement_party_role apr ON p.policy_identifier = apr.agreement_identifier
JOIN oda_benchmark.acme_policy_amount pa ON p.policy_identifier = pa.policy_identifier
JOIN oda_benchmark.acme_premium pr ON pa.policy_amount_identifier = pr.policy_amount_identifier
WHERE apr.party_role_code = 'AG'
GROUP BY p.policy_number, apr.party_identifier
ORDER BY p.policy_number ASC"
5,Q44,44,HQHS,aggregate,0,"What is the average loss of each policy by policy number and number of claims where loss is the sum of loss payment, loss reserve, expense payment, expense reserve amounts?",1,1,1,0.0,0,0,0.3333,0.3333,"SELECT p.policy_number,
       COUNT(DISTINCT c.claim_identifier) AS claim_count,
       SUM(ca.claim_amount) / NULLIF(COUNT(DISTINCT c.claim_identifier), 0) AS average_loss
FROM oda_benchmark.acme_claim c
JOIN oda_benchmark.acme_claim_coverage cc
  ON c.claim_identifier = cc.claim_identifier
JOIN oda_benchmark.acme_policy_coverage_detail pcd
  ON cc.policy_coverage_detail_identifier = pcd.policy_coverage_detail_identifier
JOIN oda_benchmark.acme_policy p
  ON pcd.policy_identifier = p.policy_identifier
JOIN oda_benchmark.acme_claim_amount ca
  ON c.claim_identifier = ca.claim_identifier
LEFT JOIN oda_benchmark.acme_loss_payment lp
  ON ca.claim_amount_identifier = lp.claim_amount_identifier
LEFT JOIN oda_benchmark.acme_loss_reserve lr
  ON ca.claim_amount_identifier = lr.claim_amount_identifier
LEFT JOIN oda_benchmark.acme_expense_payment ep
  ON ca.claim_amount_identifier = ep.claim_amount_identifier
LEFT JOIN oda_benchmark.acme_expense_reserve er
  ON ca.claim_amount_identifier = er.claim_amount_identifier
WHERE lp.claim_amount_identifier IS NOT NULL
   OR lr.claim_amount_identifier IS NOT NULL
   OR ep.claim_amount_identifier IS NOT NULL
   OR er.claim_amount_identifier IS NOT NULL
GROUP BY p.policy_number
ORDER BY average_loss DESC;","WITH claim_loss AS (
  SELECT ca.claim_identifier,
         COALESCE(SUM(CASE WHEN lp.claim_amount_identifier IS NOT NULL THEN ca.claim_amount END), 0) +
         COALESCE(SUM(CASE WHEN lr.claim_amount_identifier IS NOT NULL THEN ca.claim_amount END), 0) +
         COALESCE(SUM(CASE WHEN ep.claim_amount_identifier IS NOT NULL THEN ca.claim_amount END), 0) +
         COALESCE(SUM(CASE WHEN er.claim_amount_identifier IS NOT NULL THEN ca.claim_amount END), 0) AS full_loss
  FROM oda_benchmark.acme_claim_amount ca
  LEFT JOIN oda_benchmark.acme_loss_payment lp ON ca.claim_amount_identifier = lp.claim_amount_identifier
  LEFT JOIN oda_benchmark.acme_loss_reserve lr ON ca.claim_amount_identifier = lr.claim_amount_identifier
  LEFT JOIN oda_benchmark.acme_expense_payment ep ON ca.claim_amount_identifier = ep.claim_amount_identifier
  LEFT JOIN oda_benchmark.acme_expense_reserve er ON ca.claim_amount_identifier = er.claim_amount_identifier
  GROUP BY ca.claim_identifier
)
SELECT p.policy_number,
       COUNT(DISTINCT c.claim_identifier) AS number_of_claims,
       AVG(cl.full_loss) AS avg_loss
FROM oda_benchmark.acme_claim c
JOIN claim_loss cl ON c.claim_identifier = cl.claim_identifier
JOIN oda_benchmark.acme_claim_coverage cc ON c.claim_identifier = cc.claim_identifier
JOIN oda_benchmark.acme_policy_coverage_detail pcd ON cc.policy_coverage_detail_identifier = pcd.policy_coverage_detail_identifier
JOIN oda_benchmark.acme_policy p ON pcd.policy_identifier = p.policy_identifier
GROUP BY p.policy_number
ORDER BY p.policy_number ASC"
5,Q43,43,HQHS,aggregate,0,"What is the loss ratio, number of claims, total loss by policy number and premium where total loss is the sum of loss payment, loss reserve, expense payment, expense reserve amount and loss ratio is total loss divided by premium?",1,1,1,0.0,0,0,0.6,0.4,"SELECT p.policy_number,
       COUNT(DISTINCT c.claim_identifier) AS claim_count,
       SUM(CASE 
             WHEN lp.claim_amount_identifier IS NOT NULL 
               OR lr.claim_amount_identifier IS NOT NULL 
               OR ep.claim_amount_identifier IS NOT NULL 
               OR er.claim_amount_identifier IS NOT NULL
             THEN ca.claim_amount ELSE 0 END) AS total_loss,
       SUM(pa.policy_amount) AS total_premium,
       SUM(CASE 
             WHEN lp.claim_amount_identifier IS NOT NULL 
               OR lr.claim_amount_identifier IS NOT NULL 
               OR ep.claim_amount_identifier IS NOT NULL 
               OR er.claim_amount_identifier IS NOT NULL
             THEN ca.claim_amount ELSE 0 END) 
       / NULLIF(SUM(pa.policy_amount), 0) AS loss_ratio
FROM oda_benchmark.acme_policy p
JOIN oda_benchmark.acme_policy_coverage_detail pcd 
  ON p.policy_identifier = pcd.policy_identifier
JOIN oda_benchmark.acme_claim_coverage cc 
  ON pcd.policy_coverage_detail_identifier = cc.policy_coverage_detail_identifier
JOIN oda_benchmark.acme_claim c 
  ON cc.claim_identifier = c.claim_identifier
JOIN oda_benchmark.acme_claim_amount ca 
  ON c.claim_identifier = ca.claim_identifier
LEFT JOIN oda_benchmark.acme_loss_payment lp 
  ON ca.claim_amount_identifier = lp.claim_amount_identifier
LEFT JOIN oda_benchmark.acme_loss_reserve lr 
  ON ca.claim_amount_identifier = lr.claim_amount_identifier
LEFT JOIN oda_benchmark.acme_expense_payment ep 
  ON ca.claim_amount_identifier = ep.claim_amount_identifier
LEFT JOIN oda_benchmark.acme_expense_reserve er 
  ON ca.claim_amount_identifier = er.claim_amount_identifier
JOIN oda_benchmark.acme_policy_amount pa 
  ON p.policy_identifier = pa.policy_identifier
JOIN oda_benchmark.acme_premium pr 
  ON pa.policy_amount_identifier = pr.policy_amount_identifier
GROUP BY p.policy_number
ORDER BY loss_ratio DESC;","SELECT p.policy_number,
       SUM(DISTINCT pa.policy_amount) AS premium,
       COUNT(DISTINCT c.claim_identifier) AS number_of_claims,
       COALESCE(SUM(CASE WHEN lp.claim_amount_identifier IS NOT NULL THEN ca.claim_amount END), 0) +
       COALESCE(SUM(CASE WHEN lr.claim_amount_identifier IS NOT NULL THEN ca.claim_amount END), 0) +
       COALESCE(SUM(CASE WHEN ep.claim_amount_identifier IS NOT NULL THEN ca.claim_amount END), 0) +
       COALESCE(SUM(CASE WHEN er.claim_amount_identifier IS NOT NULL THEN ca.claim_amount END), 0) AS total_loss,
       (COALESCE(SUM(CASE WHEN lp.claim_amount_identifier IS NOT NULL THEN ca.claim_amount END), 0) +
        COALESCE(SUM(CASE WHEN lr.claim_amount_identifier IS NOT NULL THEN ca.claim_amount END), 0) +
        COALESCE(SUM(CASE WHEN ep.claim_amount_identifier IS NOT NULL THEN ca.claim_amount END), 0) +
        COALESCE(SUM(CASE WHEN er.claim_amount_identifier IS NOT NULL THEN ca.claim_amount END), 0)) /
       NULLIF(SUM(DISTINCT pa.policy_amount), 0) AS loss_ratio
FROM oda_benchmark.acme_claim c
JOIN oda_benchmark.acme_claim_amount ca ON c.claim_identifier = ca.claim_identifier
LEFT JOIN oda_benchmark.acme_loss_payment lp ON ca.claim_amount_identifier = lp.claim_amount_identifier
LEFT JOIN oda_benchmark.acme_loss_reserve lr ON ca.claim_amount_identifier = lr.claim_amount_identifier
LEFT JOIN oda_benchmark.acme_expense_payment ep ON ca.claim_amount_identifier = ep.claim_amount_identifier
LEFT JOIN oda_benchmark.acme_expense_reserve er ON ca.claim_amount_identifier = er.claim_amount_identifier
JOIN oda_benchmark.acme_claim_coverage cc ON c.claim_identifier = cc.claim_identifier
JOIN oda_benchmark.acme_policy_coverage_detail pcd ON cc.policy_coverage_detail_identifier = pcd.policy_coverage_detail_identifier
JOIN oda_benchmark.acme_policy p ON pcd.policy_identifier = p.policy_identifier
JOIN oda_benchmark.acme_policy_amount pa ON p.policy_identifier = pa.policy_identifier
JOIN oda_benchmark.acme_premium pr ON pa.policy_amount_identifier = pr.policy_amount_identifier
GROUP BY p.policy_number
ORDER BY p.policy_number ASC"
