iteration,id,source_index,category,answer_shape,requires_entity_resolution,question,sql_parse_ok,exec_ok,gold_exec_ok,result_f1,exact_match,gen_sql,gold_sql
1,Q01,1,LQLS,dimension_listing,0,"Return all the claims we have by claim number, open date and close date?",1,1,1,1.0,1,"SELECT company_claim_number, claim_open_date, claim_close_date FROM oda_benchmark.acme_claim;","SELECT company_claim_number, claim_open_date, claim_close_date
FROM oda_benchmark.acme_claim
ORDER BY company_claim_number ASC"
1,Q02,2,LQLS,dimension_listing,0,"Return all the policies we have by policy number, effective date and expiration date?",1,1,1,1.0,1,"SELECT policy_number, effective_date, expiration_date FROM oda_benchmark.acme_policy;","SELECT policy_number, effective_date, expiration_date
FROM oda_benchmark.acme_policy
ORDER BY policy_number ASC"
1,Q03,3,LQLS,dimension_listing,0,Return all the policies and their policy holder by id,1,1,1,0.0,0,"SELECT p.policy_number, apr.party_identifier AS policy_holder_id
FROM oda_benchmark.acme_policy p
JOIN oda_benchmark.acme_agreement_party_role apr ON p.policy_identifier = apr.agreement_identifier
WHERE apr.party_role_code = 'PH'","SELECT p.policy_number, apr.party_identifier AS policyholder_id
FROM oda_benchmark.acme_policy p
JOIN oda_benchmark.acme_agreement_party_role apr
  ON p.policy_identifier = apr.agreement_identifier
WHERE apr.party_role_code = 'PH'
ORDER BY p.policy_number ASC"
1,Q04,4,LQLS,dimension_listing,0,Return all the policies and the agents that sold them by policy number and agent id,1,1,1,1.0,1,"SELECT p.policy_number, apr.party_identifier AS agent_id
FROM oda_benchmark.acme_policy p
JOIN oda_benchmark.acme_agreement_party_role apr ON p.policy_identifier = apr.agreement_identifier
WHERE apr.party_role_code = 'AG'","SELECT p.policy_number, apr.party_identifier AS agent_id
FROM oda_benchmark.acme_policy p
JOIN oda_benchmark.acme_agreement_party_role apr
  ON p.policy_identifier = apr.agreement_identifier
WHERE apr.party_role_code = 'AG'
ORDER BY p.policy_number ASC"
1,Q05,5,LQLS,dimension_listing,0,What are all our policies that have a claim associated to them by policy and claim number?,1,1,1,1.0,1,"SELECT p.policy_number, c.company_claim_number
FROM oda_benchmark.acme_policy p
JOIN oda_benchmark.acme_policy_coverage_detail pcd ON p.policy_identifier = pcd.policy_identifier
JOIN oda_benchmark.acme_claim_coverage cc ON pcd.policy_coverage_detail_identifier = cc.policy_coverage_detail_identifier
JOIN oda_benchmark.acme_claim c ON cc.claim_identifier = c.claim_identifier;","SELECT DISTINCT p.policy_number, c.company_claim_number
FROM oda_benchmark.acme_claim c
JOIN oda_benchmark.acme_claim_coverage cc
  ON c.claim_identifier = cc.claim_identifier
JOIN oda_benchmark.acme_policy_coverage_detail pcd
  ON cc.policy_coverage_detail_identifier = pcd.policy_coverage_detail_identifier
JOIN oda_benchmark.acme_policy p
  ON pcd.policy_identifier = p.policy_identifier
ORDER BY p.policy_number ASC"
1,Q06,6,LQLS,dimension_listing,0,What are all the premiums that have been paid by policy holders?,1,1,1,0.0,0,"SELECT pa.policy_amount_identifier, pa.policy_identifier, pa.effective_date, pa.policy_amount
FROM oda_benchmark.acme_policy_amount pa
JOIN oda_benchmark.acme_premium pr ON pa.policy_amount_identifier = pr.policy_amount_identifier
JOIN oda_benchmark.acme_agreement_party_role apr ON pa.policy_identifier = apr.agreement_identifier
WHERE apr.party_role_code = 'PH';","SELECT apr.party_identifier AS policyholder_id,
       SUM(pa.policy_amount) AS total_premiums_paid
FROM oda_benchmark.acme_agreement_party_role apr
JOIN oda_benchmark.acme_policy p
  ON apr.agreement_identifier = p.policy_identifier
JOIN oda_benchmark.acme_policy_amount pa
  ON p.policy_identifier = pa.policy_identifier
JOIN oda_benchmark.acme_premium pr
  ON pa.policy_amount_identifier = pr.policy_amount_identifier
WHERE apr.party_role_code = 'PH'
GROUP BY apr.party_identifier
ORDER BY total_premiums_paid DESC"
1,Q07,7,LQLS,dimension_listing,0,What is the premium amount of all policies by policy number?,1,1,1,0.0,0,"SELECT p.policy_number, SUM(pa.policy_amount) AS total_premium_amount
FROM oda_benchmark.acme_policy p
JOIN oda_benchmark.acme_policy_amount pa ON p.policy_identifier = pa.policy_identifier
JOIN oda_benchmark.acme_premium pr ON pa.policy_amount_identifier = pr.policy_amount_identifier
GROUP BY p.policy_number
ORDER BY total_premium_amount DESC","SELECT p.policy_number,
       SUM(pa.policy_amount) AS premium_amount
FROM oda_benchmark.acme_policy p
JOIN oda_benchmark.acme_policy_amount pa
  ON p.policy_identifier = pa.policy_identifier
JOIN oda_benchmark.acme_premium pr
  ON pa.policy_amount_identifier = pr.policy_amount_identifier
GROUP BY p.policy_number
ORDER BY p.policy_number ASC"
1,Q08,8,LQLS,dimension_listing,0,"What is the premium amount of all policies by policy number, coverage effective date and coverage expiration date",1,1,1,0.0,0,"SELECT p.policy_number, 
       pcd.effective_date AS coverage_effective_date, 
       pcd.expiration_date AS coverage_expiration_date, 
       SUM(pa.policy_amount) AS total_premium_amount
FROM oda_benchmark.acme_policy p
JOIN oda_benchmark.acme_policy_coverage_detail pcd ON p.policy_identifier = pcd.policy_identifier
JOIN oda_benchmark.acme_policy_amount pa ON p.policy_identifier = pa.policy_identifier
JOIN oda_benchmark.acme_premium pr ON pa.policy_amount_identifier = pr.policy_amount_identifier
GROUP BY p.policy_number, pcd.effective_date, pcd.expiration_date
ORDER BY p.policy_number, coverage_effective_date, coverage_expiration_date;","SELECT p.policy_number,
       pcd.effective_date AS coverage_effective_date,
       pcd.expiration_date AS coverage_expiration_date,
       SUM(pa.policy_amount) AS premium_amount
FROM oda_benchmark.acme_policy p
JOIN oda_benchmark.acme_policy_coverage_detail pcd
  ON p.policy_identifier = pcd.policy_identifier
JOIN oda_benchmark.acme_policy_amount pa
  ON p.policy_identifier = pa.policy_identifier
JOIN oda_benchmark.acme_premium pr
  ON pa.policy_amount_identifier = pr.policy_amount_identifier
GROUP BY p.policy_number, pcd.effective_date, pcd.expiration_date
ORDER BY p.policy_number ASC"
1,Q09,9,LQLS,dimension_listing,0,What are the loss payment amount of all claims by claim number?,1,1,1,0.0,0,"SELECT c.company_claim_number, SUM(ca.claim_amount) AS total_loss_payment
FROM oda_benchmark.acme_claim c
JOIN oda_benchmark.acme_claim_amount ca ON c.claim_identifier = ca.claim_identifier
JOIN oda_benchmark.acme_loss_payment lp ON ca.claim_amount_identifier = lp.claim_amount_identifier
GROUP BY c.company_claim_number
ORDER BY total_loss_payment DESC","SELECT c.company_claim_number,
       SUM(ca.claim_amount) AS loss_payment_amount
FROM oda_benchmark.acme_claim c
JOIN oda_benchmark.acme_claim_amount ca
  ON c.claim_identifier = ca.claim_identifier
JOIN oda_benchmark.acme_loss_payment lp
  ON ca.claim_amount_identifier = lp.claim_amount_identifier
GROUP BY c.company_claim_number
ORDER BY c.company_claim_number ASC"
1,Q10,10,LQLS,dimension_listing,0,What are the loss reserve amount of all claims by claim number?,1,1,1,0.0,0,"SELECT c.company_claim_number, SUM(ca.claim_amount) AS total_loss_reserve_amount
FROM oda_benchmark.acme_claim c
JOIN oda_benchmark.acme_claim_amount ca ON c.claim_identifier = ca.claim_identifier
JOIN oda_benchmark.acme_loss_reserve lr ON ca.claim_amount_identifier = lr.claim_amount_identifier
GROUP BY c.company_claim_number
ORDER BY total_loss_reserve_amount DESC;","SELECT c.company_claim_number,
       SUM(ca.claim_amount) AS loss_reserve_amount
FROM oda_benchmark.acme_claim c
JOIN oda_benchmark.acme_claim_amount ca
  ON c.claim_identifier = ca.claim_identifier
JOIN oda_benchmark.acme_loss_reserve lr
  ON ca.claim_amount_identifier = lr.claim_amount_identifier
GROUP BY c.company_claim_number
ORDER BY c.company_claim_number ASC"
1,Q11,11,LQLS,dimension_listing,0,What are the expense payment amount of all claims by claim number?,1,1,1,0.0,0,"SELECT c.company_claim_number, SUM(ca.claim_amount) AS total_expense_payment
FROM oda_benchmark.acme_claim c
JOIN oda_benchmark.acme_claim_amount ca ON c.claim_identifier = ca.claim_identifier
JOIN oda_benchmark.acme_expense_payment ep ON ca.claim_amount_identifier = ep.claim_amount_identifier
GROUP BY c.company_claim_number
ORDER BY total_expense_payment DESC;","SELECT c.company_claim_number,
       SUM(ca.claim_amount) AS expense_payment_amount
FROM oda_benchmark.acme_claim c
JOIN oda_benchmark.acme_claim_amount ca
  ON c.claim_identifier = ca.claim_identifier
JOIN oda_benchmark.acme_expense_payment ep
  ON ca.claim_amount_identifier = ep.claim_amount_identifier
GROUP BY c.company_claim_number
ORDER BY c.company_claim_number ASC"
1,Q12,12,LQLS,dimension_listing,0,What are the expense reserve amount of all claims by claim number?,1,1,1,0.0,0,"SELECT c.company_claim_number, SUM(ca.claim_amount) AS total_expense_reserve
FROM oda_benchmark.acme_claim c
JOIN oda_benchmark.acme_claim_amount ca ON c.claim_identifier = ca.claim_identifier
JOIN oda_benchmark.acme_expense_reserve er ON ca.claim_amount_identifier = er.claim_amount_identifier
GROUP BY c.company_claim_number
ORDER BY total_expense_reserve DESC;","SELECT c.company_claim_number,
       SUM(ca.claim_amount) AS expense_reserve_amount
FROM oda_benchmark.acme_claim c
JOIN oda_benchmark.acme_claim_amount ca
  ON c.claim_identifier = ca.claim_identifier
JOIN oda_benchmark.acme_expense_reserve er
  ON ca.claim_amount_identifier = er.claim_amount_identifier
GROUP BY c.company_claim_number
ORDER BY c.company_claim_number ASC"
1,Q13,13,LQHS,dimension_listing,0,"What are the loss payment, loss reserve, expense payment, expense reserve amount by claim number?",1,1,1,1.0,1,"SELECT 
    c.company_claim_number,
    SUM(CASE WHEN lp.claim_amount_identifier IS NOT NULL THEN ca.claim_amount ELSE 0 END) AS loss_payment_amount,
    SUM(CASE WHEN lr.claim_amount_identifier IS NOT NULL THEN ca.claim_amount ELSE 0 END) AS loss_reserve_amount,
    SUM(CASE WHEN ep.claim_amount_identifier IS NOT NULL THEN ca.claim_amount ELSE 0 END) AS expense_payment_amount,
    SUM(CASE WHEN er.claim_amount_identifier IS NOT NULL THEN ca.claim_amount ELSE 0 END) AS expense_reserve_amount
FROM 
    oda_benchmark.acme_claim c
JOIN 
    oda_benchmark.acme_claim_amount ca ON c.claim_identifier = ca.claim_identifier
LEFT JOIN 
    oda_benchmark.acme_loss_payment lp ON ca.claim_amount_identifier = lp.claim_amount_identifier
LEFT JOIN 
    oda_benchmark.acme_loss_reserve lr ON ca.claim_amount_identifier = lr.claim_amount_identifier
LEFT JOIN 
    oda_benchmark.acme_expense_payment ep ON ca.claim_amount_identifier = ep.claim_amount_identifier
LEFT JOIN 
    oda_benchmark.acme_expense_reserve er ON ca.claim_amount_identifier = er.claim_amount_identifier
GROUP BY 
    c.company_claim_number
ORDER BY 
    c.company_claim_number;","SELECT c.company_claim_number,
       COALESCE(SUM(CASE WHEN lp.claim_amount_identifier IS NOT NULL THEN ca.claim_amount END), 0) AS loss_payment_amount,
       COALESCE(SUM(CASE WHEN lr.claim_amount_identifier IS NOT NULL THEN ca.claim_amount END), 0) AS loss_reserve_amount,
       COALESCE(SUM(CASE WHEN ep.claim_amount_identifier IS NOT NULL THEN ca.claim_amount END), 0) AS expense_payment_amount,
       COALESCE(SUM(CASE WHEN er.claim_amount_identifier IS NOT NULL THEN ca.claim_amount END), 0) AS expense_reserve_amount
FROM oda_benchmark.acme_claim c
JOIN oda_benchmark.acme_claim_amount ca ON c.claim_identifier = ca.claim_identifier
LEFT JOIN oda_benchmark.acme_loss_payment lp ON ca.claim_amount_identifier = lp.claim_amount_identifier
LEFT JOIN oda_benchmark.acme_loss_reserve lr ON ca.claim_amount_identifier = lr.claim_amount_identifier
LEFT JOIN oda_benchmark.acme_expense_payment ep ON ca.claim_amount_identifier = ep.claim_amount_identifier
LEFT JOIN oda_benchmark.acme_expense_reserve er ON ca.claim_amount_identifier = er.claim_amount_identifier
GROUP BY c.company_claim_number
ORDER BY c.company_claim_number ASC"
1,Q14,14,LQHS,dimension_listing,0,"What are the loss payment, loss reserve, expense payment, expense reserve amount by claim number and corresponding policy number, policy holder and premium amount paid?",1,0,1,0.0,0,"SELECT 
    c.company_claim_number,
    p.policy_number,
    ph.party_name AS policy_holder,
    SUM(CASE WHEN l.claim_amount_identifier IS NOT NULL THEN ca.claim_amount ELSE 0 END) AS loss_payment_amount,
    SUM(CASE WHEN lr.claim_amount_identifier IS NOT NULL THEN ca.claim_amount ELSE 0 END) AS loss_reserve_amount,
    SUM(CASE WHEN ep.claim_amount_identifier IS NOT NULL THEN ca.claim_amount ELSE 0 END) AS expense_payment_amount,
    SUM(CASE WHEN er.claim_amount_identifier IS NOT NULL THEN ca.claim_amount ELSE 0 END) AS expense_reserve_amount,
    SUM(pr.policy_amount) AS premium_amount_paid
FROM 
    oda_benchmark.acme_claim c
JOIN 
    oda_benchmark.acme_claim_coverage cc ON c.claim_identifier = cc.claim_identifier
JOIN 
    oda_benchmark.acme_policy_coverage_detail pcd ON cc.policy_coverage_detail_identifier = pcd.policy_coverage_detail_identifier
JOIN 
    oda_benchmark.acme_policy p ON pcd.policy_identifier = p.policy_identifier
JOIN 
    oda_benchmark.acme_agreement_party_role apr ON p.policy_identifier = apr.agreement_identifier AND apr.party_role_code = 'PH'
JOIN 
    oda_benchmark.acme_party ph ON apr.party_identifier = ph.party_identifier
LEFT JOIN 
    oda_benchmark.acme_claim_amount ca ON c.claim_identifier = ca.claim_identifier
LEFT JOIN 
    oda_benchmark.acme_loss_payment l ON ca.claim_amount_identifier = l.claim_amount_identifier
LEFT JOIN 
    oda_benchmark.acme_loss_reserve lr ON ca.claim_amount_identifier = lr.claim_amount_identifier
LEFT JOIN 
    oda_benchmark.acme_expense_payment ep ON ca.claim_amount_identifier = ep.claim_amount_identifier
LEFT JOIN 
    oda_benchmark.acme_expense_reserve er ON ca.claim_amount_identifier = er.claim_amount_identifier
JOIN 
    oda_benchmark.acme_policy_amount pa ON p.policy_identifier = pa.policy_identifier
JOIN 
    oda_benchmark.acme_premium pr ON pa.policy_amount_identifier = pr.policy_amount_identifier
GROUP BY 
    c.company_claim_number, p.policy_number, ph.party_name
ORDER BY 
    c.company_claim_number;","SELECT c.company_claim_number,
       p.policy_number,
       apr.party_identifier AS policyholder_id,
       SUM(DISTINCT pa.policy_amount) AS premium_amount,
       COALESCE(SUM(CASE WHEN lp.claim_amount_identifier IS NOT NULL THEN ca.claim_amount END), 0) AS loss_payment_amount,
       COALESCE(SUM(CASE WHEN lr.claim_amount_identifier IS NOT NULL THEN ca.claim_amount END), 0) AS loss_reserve_amount,
       COALESCE(SUM(CASE WHEN ep.claim_amount_identifier IS NOT NULL THEN ca.claim_amount END), 0) AS expense_payment_amount,
       COALESCE(SUM(CASE WHEN er.claim_amount_identifier IS NOT NULL THEN ca.claim_amount END), 0) AS expense_reserve_amount
FROM oda_benchmark.acme_claim c
JOIN oda_benchmark.acme_claim_amount ca ON c.claim_identifier = ca.claim_identifier
LEFT JOIN oda_benchmark.acme_loss_payment lp ON ca.claim_amount_identifier = lp.claim_amount_identifier
LEFT JOIN oda_benchmark.acme_loss_reserve lr ON ca.claim_amount_identifier = lr.claim_amount_identifier
LEFT JOIN oda_benchmark.acme_expense_payment ep ON ca.claim_amount_identifier = ep.claim_amount_identifier
LEFT JOIN oda_benchmark.acme_expense_reserve er ON ca.claim_amount_identifier = er.claim_amount_identifier
JOIN oda_benchmark.acme_claim_coverage cc ON c.claim_identifier = cc.claim_identifier
JOIN oda_benchmark.acme_policy_coverage_detail pcd ON cc.policy_coverage_detail_identifier = pcd.policy_coverage_detail_identifier
JOIN oda_benchmark.acme_policy p ON pcd.policy_identifier = p.policy_identifier
JOIN oda_benchmark.acme_agreement_party_role apr ON p.policy_identifier = apr.agreement_identifier
JOIN oda_benchmark.acme_policy_amount pa ON p.policy_identifier = pa.policy_identifier
JOIN oda_benchmark.acme_premium pr ON pa.policy_amount_identifier = pr.policy_amount_identifier
WHERE apr.party_role_code = 'PH'
GROUP BY c.company_claim_number, p.policy_number, apr.party_identifier
ORDER BY c.company_claim_number ASC"
1,Q15,15,LQHS,dimension_listing,0,"What are the loss payment, loss reserve, expense payment, expense reserve amount by claim number and corresponding policy number, policy holder, premium amount paid and the agent who sold it?",1,0,1,0.0,0,"SELECT 
    c.company_claim_number,
    p.policy_number,
    ph.party_name AS policy_holder,
    pr.policy_amount AS premium_amount_paid,
    ag.party_name AS agent,
    SUM(CASE WHEN lp.claim_amount_identifier IS NOT NULL THEN ca.claim_amount ELSE 0 END) AS loss_payment_amount,
    SUM(CASE WHEN lr.claim_amount_identifier IS NOT NULL THEN ca.claim_amount ELSE 0 END) AS loss_reserve_amount,
    SUM(CASE WHEN ep.claim_amount_identifier IS NOT NULL THEN ca.claim_amount ELSE 0 END) AS expense_payment_amount,
    SUM(CASE WHEN er.claim_amount_identifier IS NOT NULL THEN ca.claim_amount ELSE 0 END) AS expense_reserve_amount
FROM 
    oda_benchmark.acme_claim c
JOIN 
    oda_benchmark.acme_claim_coverage cc ON c.claim_identifier = cc.claim_identifier
JOIN 
    oda_benchmark.acme_policy_coverage_detail pcd ON cc.policy_coverage_detail_identifier = pcd.policy_coverage_detail_identifier
JOIN 
    oda_benchmark.acme_policy p ON pcd.policy_identifier = p.policy_identifier
JOIN 
    oda_benchmark.acme_agreement_party_role apr_ph ON p.policy_identifier = apr_ph.agreement_identifier AND apr_ph.party_role_code = 'PH'
JOIN 
    oda_benchmark.acme_party ph ON apr_ph.party_identifier = ph.party_identifier
JOIN 
    oda_benchmark.acme_agreement_party_role apr_ag ON p.policy_identifier = apr_ag.agreement_identifier AND apr_ag.party_role_code = 'AG'
JOIN 
    oda_benchmark.acme_party ag ON apr_ag.party_identifier = ag.party_identifier
JOIN 
    oda_benchmark.acme_policy_amount pa ON p.policy_identifier = pa.policy_identifier
JOIN 
    oda_benchmark.acme_premium pr ON pa.policy_amount_identifier = pr.policy_amount_identifier
LEFT JOIN 
    oda_benchmark.acme_claim_amount ca ON c.claim_identifier = ca.claim_identifier
LEFT JOIN 
    oda_benchmark.acme_loss_payment lp ON ca.claim_amount_identifier = lp.claim_amount_identifier
LEFT JOIN 
    oda_benchmark.acme_loss_reserve lr ON ca.claim_amount_identifier = lr.claim_amount_identifier
LEFT JOIN 
    oda_benchmark.acme_expense_payment ep ON ca.claim_amount_identifier = ep.claim_amount_identifier
LEFT JOIN 
    oda_benchmark.acme_expense_reserve er ON ca.claim_amount_identifier = er.claim_amount_identifier
GROUP BY 
    c.company_claim_number, p.policy_number, ph.party_name, pr.policy_amount, ag.party_name
ORDER BY 
    c.company_claim_number;","SELECT c.company_claim_number,
       p.policy_number,
       ph_apr.party_identifier AS policyholder_id,
       ag_apr.party_identifier AS agent_id,
       SUM(DISTINCT pa.policy_amount) AS premium_amount,
       COALESCE(SUM(CASE WHEN lp.claim_amount_identifier IS NOT NULL THEN ca.claim_amount END), 0) AS loss_payment_amount,
       COALESCE(SUM(CASE WHEN lr.claim_amount_identifier IS NOT NULL THEN ca.claim_amount END), 0) AS loss_reserve_amount,
       COALESCE(SUM(CASE WHEN ep.claim_amount_identifier IS NOT NULL THEN ca.claim_amount END), 0) AS expense_payment_amount,
       COALESCE(SUM(CASE WHEN er.claim_amount_identifier IS NOT NULL THEN ca.claim_amount END), 0) AS expense_reserve_amount
FROM oda_benchmark.acme_claim c
JOIN oda_benchmark.acme_claim_amount ca ON c.claim_identifier = ca.claim_identifier
LEFT JOIN oda_benchmark.acme_loss_payment lp ON ca.claim_amount_identifier = lp.claim_amount_identifier
LEFT JOIN oda_benchmark.acme_loss_reserve lr ON ca.claim_amount_identifier = lr.claim_amount_identifier
LEFT JOIN oda_benchmark.acme_expense_payment ep ON ca.claim_amount_identifier = ep.claim_amount_identifier
LEFT JOIN oda_benchmark.acme_expense_reserve er ON ca.claim_amount_identifier = er.claim_amount_identifier
JOIN oda_benchmark.acme_claim_coverage cc ON c.claim_identifier = cc.claim_identifier
JOIN oda_benchmark.acme_policy_coverage_detail pcd ON cc.policy_coverage_detail_identifier = pcd.policy_coverage_detail_identifier
JOIN oda_benchmark.acme_policy p ON pcd.policy_identifier = p.policy_identifier
JOIN oda_benchmark.acme_agreement_party_role ph_apr
  ON p.policy_identifier = ph_apr.agreement_identifier AND ph_apr.party_role_code = 'PH'
JOIN oda_benchmark.acme_agreement_party_role ag_apr
  ON p.policy_identifier = ag_apr.agreement_identifier AND ag_apr.party_role_code = 'AG'
JOIN oda_benchmark.acme_policy_amount pa ON p.policy_identifier = pa.policy_identifier
JOIN oda_benchmark.acme_premium pr ON pa.policy_amount_identifier = pr.policy_amount_identifier
GROUP BY c.company_claim_number, p.policy_number, ph_apr.party_identifier, ag_apr.party_identifier
ORDER BY c.company_claim_number ASC"
1,Q16,16,LQHS,dimension_listing,0,"What are the loss payment, loss reserve, expense payment, expense reserve amount by claim number and corresponding policy number, policy holder, premium amount paid, the catastrophe it had, and the agent who sold it?",1,0,1,0.0,0,"SELECT 
    c.company_claim_number,
    p.policy_number,
    ph.party_name AS policy_holder,
    pr.policy_amount AS premium_amount_paid,
    cat.catastrophe_name,
    ag.party_name AS agent,
    SUM(CASE WHEN lp.claim_amount_identifier IS NOT NULL THEN ca.claim_amount ELSE 0 END) AS loss_payment_amount,
    SUM(CASE WHEN lr.claim_amount_identifier IS NOT NULL THEN ca.claim_amount ELSE 0 END) AS loss_reserve_amount,
    SUM(CASE WHEN ep.claim_amount_identifier IS NOT NULL THEN ca.claim_amount ELSE 0 END) AS expense_payment_amount,
    SUM(CASE WHEN er.claim_amount_identifier IS NOT NULL THEN ca.claim_amount ELSE 0 END) AS expense_reserve_amount
FROM 
    oda_benchmark.acme_claim c
JOIN 
    oda_benchmark.acme_claim_coverage cc ON c.claim_identifier = cc.claim_identifier
JOIN 
    oda_benchmark.acme_policy p ON cc.policy_coverage_detail_identifier = p.policy_identifier
JOIN 
    oda_benchmark.acme_agreement_party_role apr_ph ON p.policy_identifier = apr_ph.agreement_identifier AND apr_ph.party_role_code = 'PH'
JOIN 
    oda_benchmark.acme_party ph ON apr_ph.party_identifier = ph.party_identifier
JOIN 
    oda_benchmark.acme_policy_amount pa ON p.policy_identifier = pa.policy_identifier
JOIN 
    oda_benchmark.acme_premium pr ON pa.policy_amount_identifier = pr.policy_amount_identifier
LEFT JOIN 
    oda_benchmark.acme_catastrophe cat ON c.catastrophe_identifier = cat.catastrophe_identifier
JOIN 
    oda_benchmark.acme_agreement_party_role apr_ag ON p.policy_identifier = apr_ag.agreement_identifier AND apr_ag.party_role_code = 'AG'
JOIN 
    oda_benchmark.acme_party ag ON apr_ag.party_identifier = ag.party_identifier
LEFT JOIN 
    oda_benchmark.acme_claim_amount ca ON c.claim_identifier = ca.claim_identifier
LEFT JOIN 
    oda_benchmark.acme_loss_payment lp ON ca.claim_amount_identifier = lp.claim_amount_identifier
LEFT JOIN 
    oda_benchmark.acme_loss_reserve lr ON ca.claim_amount_identifier = lr.claim_amount_identifier
LEFT JOIN 
    oda_benchmark.acme_expense_payment ep ON ca.claim_amount_identifier = ep.claim_amount_identifier
LEFT JOIN 
    oda_benchmark.acme_expense_reserve er ON ca.claim_amount_identifier = er.claim_amount_identifier
GROUP BY 
    c.company_claim_number, p.policy_number, ph.party_name, pr.policy_amount, cat.catastrophe_name, ag.party_name
ORDER BY 
    c.company_claim_number;","SELECT c.company_claim_number,
       p.policy_number,
       ph_apr.party_identifier AS policyholder_id,
       ag_apr.party_identifier AS agent_id,
       cat.catastrophe_name,
       SUM(DISTINCT pa.policy_amount) AS premium_amount,
       COALESCE(SUM(CASE WHEN lp.claim_amount_identifier IS NOT NULL THEN ca.claim_amount END), 0) AS loss_payment_amount,
       COALESCE(SUM(CASE WHEN lr.claim_amount_identifier IS NOT NULL THEN ca.claim_amount END), 0) AS loss_reserve_amount,
       COALESCE(SUM(CASE WHEN ep.claim_amount_identifier IS NOT NULL THEN ca.claim_amount END), 0) AS expense_payment_amount,
       COALESCE(SUM(CASE WHEN er.claim_amount_identifier IS NOT NULL THEN ca.claim_amount END), 0) AS expense_reserve_amount
FROM oda_benchmark.acme_claim c
JOIN oda_benchmark.acme_claim_amount ca ON c.claim_identifier = ca.claim_identifier
LEFT JOIN oda_benchmark.acme_loss_payment lp ON ca.claim_amount_identifier = lp.claim_amount_identifier
LEFT JOIN oda_benchmark.acme_loss_reserve lr ON ca.claim_amount_identifier = lr.claim_amount_identifier
LEFT JOIN oda_benchmark.acme_expense_payment ep ON ca.claim_amount_identifier = ep.claim_amount_identifier
LEFT JOIN oda_benchmark.acme_expense_reserve er ON ca.claim_amount_identifier = er.claim_amount_identifier
LEFT JOIN oda_benchmark.acme_catastrophe cat ON c.catastrophe_identifier = cat.catastrophe_identifier
JOIN oda_benchmark.acme_claim_coverage cc ON c.claim_identifier = cc.claim_identifier
JOIN oda_benchmark.acme_policy_coverage_detail pcd ON cc.policy_coverage_detail_identifier = pcd.policy_coverage_detail_identifier
JOIN oda_benchmark.acme_policy p ON pcd.policy_identifier = p.policy_identifier
JOIN oda_benchmark.acme_agreement_party_role ph_apr
  ON p.policy_identifier = ph_apr.agreement_identifier AND ph_apr.party_role_code = 'PH'
JOIN oda_benchmark.acme_agreement_party_role ag_apr
  ON p.policy_identifier = ag_apr.agreement_identifier AND ag_apr.party_role_code = 'AG'
JOIN oda_benchmark.acme_policy_amount pa ON p.policy_identifier = pa.policy_identifier
JOIN oda_benchmark.acme_premium pr ON pa.policy_amount_identifier = pr.policy_amount_identifier
GROUP BY c.company_claim_number, p.policy_number, ph_apr.party_identifier, ag_apr.party_identifier, cat.catastrophe_name
ORDER BY c.company_claim_number ASC"
1,Q17,17,LQHS,dimension_listing,0,Return policy holders and the claims they have made and the corresponding catastrophe,1,1,1,0.0,0,"SELECT p.party_name AS policy_holder_name, 
       c.company_claim_number AS claim_number, 
       cat.catastrophe_name AS catastrophe_name
FROM oda_benchmark.acme_agreement_party_role apr
JOIN oda_benchmark.acme_party p ON apr.party_identifier = p.party_identifier
JOIN oda_benchmark.acme_claim_coverage cc ON apr.agreement_identifier = cc.policy_coverage_detail_identifier
JOIN oda_benchmark.acme_claim c ON cc.claim_identifier = c.claim_identifier
LEFT JOIN oda_benchmark.acme_catastrophe cat ON c.catastrophe_identifier = cat.catastrophe_identifier
WHERE apr.party_role_code = 'PH';","SELECT apr.party_identifier AS policyholder_id,
       c.company_claim_number,
       cat.catastrophe_name
FROM oda_benchmark.acme_claim c
LEFT JOIN oda_benchmark.acme_catastrophe cat ON c.catastrophe_identifier = cat.catastrophe_identifier
JOIN oda_benchmark.acme_claim_coverage cc ON c.claim_identifier = cc.claim_identifier
JOIN oda_benchmark.acme_policy_coverage_detail pcd ON cc.policy_coverage_detail_identifier = pcd.policy_coverage_detail_identifier
JOIN oda_benchmark.acme_policy p ON pcd.policy_identifier = p.policy_identifier
JOIN oda_benchmark.acme_agreement_party_role apr ON p.policy_identifier = apr.agreement_identifier
WHERE apr.party_role_code = 'PH'
ORDER BY apr.party_identifier ASC"
1,Q18,18,LQHS,dimension_listing,0,Return agents and the policy they have sold that have had a claim and the corresponding catastrophe it had.,1,0,1,0.0,0,"SELECT DISTINCT apr.party_identifier AS agent_id, 
                p.policy_number, 
                c.company_claim_number, 
                cat.catastrophe_name
FROM oda_benchmark.acme_agreement_party_role apr
JOIN oda_benchmark.acme_policy p ON apr.agreement_identifier = p.policy_identifier
JOIN oda_benchmark.acme_claim_coverage cc ON p.policy_identifier = cc.policy_identifier
JOIN oda_benchmark.acme_claim c ON cc.claim_identifier = c.claim_identifier
JOIN oda_benchmark.acme_catastrophe cat ON c.catastrophe_identifier = cat.catastrophe_identifier
WHERE apr.party_role_code = 'AG';","SELECT apr.party_identifier AS agent_id,
       p.policy_number,
       c.company_claim_number,
       cat.catastrophe_name
FROM oda_benchmark.acme_claim c
LEFT JOIN oda_benchmark.acme_catastrophe cat ON c.catastrophe_identifier = cat.catastrophe_identifier
JOIN oda_benchmark.acme_claim_coverage cc ON c.claim_identifier = cc.claim_identifier
JOIN oda_benchmark.acme_policy_coverage_detail pcd ON cc.policy_coverage_detail_identifier = pcd.policy_coverage_detail_identifier
JOIN oda_benchmark.acme_policy p ON pcd.policy_identifier = p.policy_identifier
JOIN oda_benchmark.acme_agreement_party_role apr ON p.policy_identifier = apr.agreement_identifier
WHERE apr.party_role_code = 'AG'
ORDER BY apr.party_identifier ASC"
1,Q19,19,LQHS,dimension_listing,0,"Return agents and the policies they have sold that have had a claim and the corresponding loss payment amount by agent id, policy number and claim number",1,1,1,0.0,0,"SELECT 
    apr.party_identifier AS agent_id,
    p.policy_number,
    c.company_claim_number,
    SUM(ca.claim_amount) AS total_loss_payment_amount
FROM 
    oda_benchmark.acme_agreement_party_role apr
JOIN 
    oda_benchmark.acme_policy p ON apr.agreement_identifier = p.policy_identifier
JOIN 
    oda_benchmark.acme_claim_coverage cc ON p.policy_identifier = cc.policy_coverage_detail_identifier
JOIN 
    oda_benchmark.acme_claim c ON cc.claim_identifier = c.claim_identifier
JOIN 
    oda_benchmark.acme_claim_amount ca ON c.claim_identifier = ca.claim_identifier
JOIN 
    oda_benchmark.acme_loss_payment lp ON ca.claim_amount_identifier = lp.claim_amount_identifier
WHERE 
    apr.party_role_code = 'AG'
GROUP BY 
    apr.party_identifier, p.policy_number, c.company_claim_number
ORDER BY 
    apr.party_identifier, p.policy_number, c.company_claim_number;","SELECT apr.party_identifier AS agent_id,
       p.policy_number,
       c.company_claim_number,
       SUM(ca.claim_amount) AS loss_payment_amount
FROM oda_benchmark.acme_claim c
JOIN oda_benchmark.acme_claim_coverage cc ON c.claim_identifier = cc.claim_identifier
JOIN oda_benchmark.acme_policy_coverage_detail pcd ON cc.policy_coverage_detail_identifier = pcd.policy_coverage_detail_identifier
JOIN oda_benchmark.acme_policy p ON pcd.policy_identifier = p.policy_identifier
JOIN oda_benchmark.acme_agreement_party_role apr ON p.policy_identifier = apr.agreement_identifier
JOIN oda_benchmark.acme_claim_amount ca ON c.claim_identifier = ca.claim_identifier
JOIN oda_benchmark.acme_loss_payment lp ON ca.claim_amount_identifier = lp.claim_amount_identifier
WHERE apr.party_role_code = 'AG'
GROUP BY apr.party_identifier, p.policy_number, c.company_claim_number
ORDER BY apr.party_identifier ASC"
1,Q20,20,LQHS,dimension_listing,0,"Return agents and the policy they have sold that have had a claim and the corresponding loss reserve amount by agent id, policy number and claim number",1,0,1,0.0,0,"SELECT 
    apr.party_identifier AS agent_id,
    p.policy_number,
    c.company_claim_number,
    SUM(cla.claim_amount) AS total_loss_reserve_amount
FROM 
    oda_benchmark.acme_agreement_party_role apr
JOIN 
    oda_benchmark.acme_policy p ON apr.agreement_identifier = p.policy_identifier
JOIN 
    oda_benchmark.acme_claim_coverage cc ON p.policy_identifier = cc.policy_identifier
JOIN 
    oda_benchmark.acme_claim c ON cc.claim_identifier = c.claim_identifier
JOIN 
    oda_benchmark.acme_claim_amount cla ON c.claim_identifier = cla.claim_identifier
JOIN 
    oda_benchmark.acme_loss_reserve lr ON cla.claim_amount_identifier = lr.claim_amount_identifier
WHERE 
    apr.party_role_code = 'AG'
GROUP BY 
    apr.party_identifier, p.policy_number, c.company_claim_number
ORDER BY 
    apr.party_identifier, p.policy_number, c.company_claim_number;","SELECT apr.party_identifier AS agent_id,
       p.policy_number,
       c.company_claim_number,
       SUM(ca.claim_amount) AS loss_reserve_amount
FROM oda_benchmark.acme_claim c
JOIN oda_benchmark.acme_claim_coverage cc ON c.claim_identifier = cc.claim_identifier
JOIN oda_benchmark.acme_policy_coverage_detail pcd ON cc.policy_coverage_detail_identifier = pcd.policy_coverage_detail_identifier
JOIN oda_benchmark.acme_policy p ON pcd.policy_identifier = p.policy_identifier
JOIN oda_benchmark.acme_agreement_party_role apr ON p.policy_identifier = apr.agreement_identifier
JOIN oda_benchmark.acme_claim_amount ca ON c.claim_identifier = ca.claim_identifier
JOIN oda_benchmark.acme_loss_reserve lr ON ca.claim_amount_identifier = lr.claim_amount_identifier
WHERE apr.party_role_code = 'AG'
GROUP BY apr.party_identifier, p.policy_number, c.company_claim_number
ORDER BY apr.party_identifier ASC"
1,Q21,21,LQHS,dimension_listing,0,"Return agents and the policy they have sold that have had a claim and the corresponding expense payment amount by agent id, policy number and claim number",1,0,1,0.0,0,"SELECT 
    apr.party_identifier AS agent_id,
    p.policy_number,
    c.company_claim_number,
    SUM(ca.claim_amount) AS total_expense_payment_amount
FROM 
    oda_benchmark.acme_agreement_party_role apr
JOIN 
    oda_benchmark.acme_policy p ON apr.agreement_identifier = p.policy_identifier
JOIN 
    oda_benchmark.acme_claim_coverage cc ON p.policy_identifier = cc.policy_identifier
JOIN 
    oda_benchmark.acme_claim c ON cc.claim_identifier = c.claim_identifier
JOIN 
    oda_benchmark.acme_claim_amount ca ON c.claim_identifier = ca.claim_identifier
JOIN 
    oda_benchmark.acme_expense_payment ep ON ca.claim_amount_identifier = ep.claim_amount_identifier
WHERE 
    apr.party_role_code = 'AG'
GROUP BY 
    apr.party_identifier, p.policy_number, c.company_claim_number
ORDER BY 
    apr.party_identifier, p.policy_number, c.company_claim_number;","SELECT apr.party_identifier AS agent_id,
       p.policy_number,
       c.company_claim_number,
       SUM(ca.claim_amount) AS expense_payment_amount
FROM oda_benchmark.acme_claim c
JOIN oda_benchmark.acme_claim_coverage cc ON c.claim_identifier = cc.claim_identifier
JOIN oda_benchmark.acme_policy_coverage_detail pcd ON cc.policy_coverage_detail_identifier = pcd.policy_coverage_detail_identifier
JOIN oda_benchmark.acme_policy p ON pcd.policy_identifier = p.policy_identifier
JOIN oda_benchmark.acme_agreement_party_role apr ON p.policy_identifier = apr.agreement_identifier
JOIN oda_benchmark.acme_claim_amount ca ON c.claim_identifier = ca.claim_identifier
JOIN oda_benchmark.acme_expense_payment ep ON ca.claim_amount_identifier = ep.claim_amount_identifier
WHERE apr.party_role_code = 'AG'
GROUP BY apr.party_identifier, p.policy_number, c.company_claim_number
ORDER BY apr.party_identifier ASC"
1,Q22,22,LQHS,dimension_listing,0,"Return agents and the policy they have sold that have had a claim and the corresponding expense reserve amount by agent id, policy number and claim number",1,1,1,0.0,0,"SELECT 
    apr.party_identifier AS agent_id,
    p.policy_number,
    c.company_claim_number,
    SUM(car.claim_amount) AS total_expense_reserve_amount
FROM 
    oda_benchmark.acme_agreement_party_role apr
JOIN 
    oda_benchmark.acme_policy p ON apr.agreement_identifier = p.policy_identifier
JOIN 
    oda_benchmark.acme_claim_coverage cc ON p.policy_identifier = cc.policy_coverage_detail_identifier
JOIN 
    oda_benchmark.acme_claim c ON cc.claim_identifier = c.claim_identifier
JOIN 
    oda_benchmark.acme_claim_amount car ON c.claim_identifier = car.claim_identifier
JOIN 
    oda_benchmark.acme_expense_reserve er ON car.claim_amount_identifier = er.claim_amount_identifier
WHERE 
    apr.party_role_code = 'AG'
GROUP BY 
    apr.party_identifier, p.policy_number, c.company_claim_number
ORDER BY 
    apr.party_identifier, p.policy_number, c.company_claim_number;","SELECT apr.party_identifier AS agent_id,
       p.policy_number,
       c.company_claim_number,
       SUM(ca.claim_amount) AS expense_reserve_amount
FROM oda_benchmark.acme_claim c
JOIN oda_benchmark.acme_claim_coverage cc ON c.claim_identifier = cc.claim_identifier
JOIN oda_benchmark.acme_policy_coverage_detail pcd ON cc.policy_coverage_detail_identifier = pcd.policy_coverage_detail_identifier
JOIN oda_benchmark.acme_policy p ON pcd.policy_identifier = p.policy_identifier
JOIN oda_benchmark.acme_agreement_party_role apr ON p.policy_identifier = apr.agreement_identifier
JOIN oda_benchmark.acme_claim_amount ca ON c.claim_identifier = ca.claim_identifier
JOIN oda_benchmark.acme_expense_reserve er ON ca.claim_amount_identifier = er.claim_amount_identifier
WHERE apr.party_role_code = 'AG'
GROUP BY apr.party_identifier, p.policy_number, c.company_claim_number
ORDER BY apr.party_identifier ASC"
1,Q23,23,HQLS,aggregate,0,How many claims do we have?,1,1,1,1.0,1,SELECT COUNT(company_claim_number) AS claim_count FROM oda_benchmark.acme_claim,"SELECT COUNT(company_claim_number) AS claim_count
FROM oda_benchmark.acme_claim"
1,Q24,24,HQLS,aggregate,0,How many policies do we have?,1,1,1,0.0,0,SELECT COUNT(policy_identifier) AS policy_count FROM oda_benchmark.acme_policy,"SELECT COUNT(*) AS number_of_policies
FROM oda_benchmark.acme_policy"
1,Q25,25,HQLS,aggregate,0,How many claims have been placed by policy number?,1,1,1,1.0,1,"SELECT p.policy_number, COUNT(DISTINCT c.claim_identifier) AS claim_count
FROM oda_benchmark.acme_policy p
JOIN oda_benchmark.acme_policy_coverage_detail pcd ON p.policy_identifier = pcd.policy_identifier
JOIN oda_benchmark.acme_claim_coverage cc ON pcd.policy_coverage_detail_identifier = cc.policy_coverage_detail_identifier
JOIN oda_benchmark.acme_claim c ON cc.claim_identifier = c.claim_identifier
GROUP BY p.policy_number
ORDER BY claim_count DESC","SELECT p.policy_number, COUNT(c.company_claim_number) AS claim_count
FROM oda_benchmark.acme_claim c
JOIN oda_benchmark.acme_claim_coverage cc ON c.claim_identifier = cc.claim_identifier
JOIN oda_benchmark.acme_policy_coverage_detail pcd ON cc.policy_coverage_detail_identifier = pcd.policy_coverage_detail_identifier
JOIN oda_benchmark.acme_policy p ON pcd.policy_identifier = p.policy_identifier
GROUP BY p.policy_number
ORDER BY claim_count DESC"
1,Q26,26,HQLS,aggregate,0,How many policies have agents sold by agent id?,1,1,1,1.0,1,"SELECT party_identifier, COUNT(DISTINCT agreement_identifier) AS policy_count
FROM oda_benchmark.acme_agreement_party_role
WHERE party_role_code = 'AG'
GROUP BY party_identifier
ORDER BY policy_count DESC","SELECT party_identifier, COUNT(DISTINCT agreement_identifier) AS policy_count
FROM oda_benchmark.acme_agreement_party_role
WHERE party_role_code = 'AG'
GROUP BY party_identifier
ORDER BY policy_count DESC"
1,Q28,28,HQLS,aggregate,0,What is the total amount of premiums paid by policy number?,1,1,1,1.0,1,"SELECT p.policy_number, SUM(pa.policy_amount) AS total_policy_amount
   FROM oda_benchmark.acme_policy p
   JOIN oda_benchmark.acme_policy_amount pa ON p.policy_identifier = pa.policy_identifier
   JOIN oda_benchmark.acme_premium pr ON pa.policy_amount_identifier = pr.policy_amount_identifier
   GROUP BY p.policy_number
   ORDER BY total_policy_amount DESC","SELECT p.policy_number, SUM(pa.policy_amount) AS total_policy_amount
FROM oda_benchmark.acme_policy p
JOIN oda_benchmark.acme_policy_amount pa ON p.policy_identifier = pa.policy_identifier
JOIN oda_benchmark.acme_premium pr ON pa.policy_amount_identifier = pr.policy_amount_identifier
GROUP BY p.policy_number
ORDER BY total_policy_amount DESC"
1,Q32,32,HQLS,aggregate,0,What is the average time to settle a claim by policy number?,1,1,1,0.0,0,"SELECT p.policy_number, AVG(EXTRACT(EPOCH FROM (c.claim_close_date - c.claim_open_date)) / 86400) AS average_settlement_time_days
FROM oda_benchmark.acme_claim c
JOIN oda_benchmark.acme_claim_coverage cc ON c.claim_identifier = cc.claim_identifier
JOIN oda_benchmark.acme_policy p ON cc.policy_coverage_detail_identifier = p.policy_identifier
WHERE c.claim_close_date IS NOT NULL AND c.claim_open_date IS NOT NULL
GROUP BY p.policy_number
ORDER BY average_settlement_time_days;","SELECT p.policy_number, AVG(EXTRACT(DAY FROM (c.claim_close_date - c.claim_open_date))) AS avg_days_to_settle
FROM oda_benchmark.acme_claim c
JOIN oda_benchmark.acme_claim_coverage cc ON c.claim_identifier = cc.claim_identifier
JOIN oda_benchmark.acme_policy_coverage_detail pcd ON cc.policy_coverage_detail_identifier = pcd.policy_coverage_detail_identifier
JOIN oda_benchmark.acme_policy p ON pcd.policy_identifier = p.policy_identifier
GROUP BY p.policy_number
ORDER BY avg_days_to_settle DESC"
1,Q31,31,HQLS,aggregate,0,"What is the total loss amounts, which is the sum of loss payment, loss reserve amount by claim number?",1,1,1,1.0,1,"SELECT c.company_claim_number, SUM(ca.claim_amount) AS total_loss_amount
FROM oda_benchmark.acme_claim c
JOIN oda_benchmark.acme_claim_amount ca ON c.claim_identifier = ca.claim_identifier
LEFT JOIN oda_benchmark.acme_loss_payment lp ON ca.claim_amount_identifier = lp.claim_amount_identifier
LEFT JOIN oda_benchmark.acme_loss_reserve lr ON ca.claim_amount_identifier = lr.claim_amount_identifier
WHERE lp.claim_amount_identifier IS NOT NULL OR lr.claim_amount_identifier IS NOT NULL
GROUP BY c.company_claim_number
ORDER BY total_loss_amount DESC;","SELECT c.company_claim_number,
       COALESCE(SUM(CASE WHEN lp.claim_amount_identifier IS NOT NULL THEN ca.claim_amount END), 0) +
       COALESCE(SUM(CASE WHEN lr.claim_amount_identifier IS NOT NULL THEN ca.claim_amount END), 0) AS total_loss_amount
FROM oda_benchmark.acme_claim c
JOIN oda_benchmark.acme_claim_amount ca ON c.claim_identifier = ca.claim_identifier
LEFT JOIN oda_benchmark.acme_loss_payment lp ON ca.claim_amount_identifier = lp.claim_amount_identifier
LEFT JOIN oda_benchmark.acme_loss_reserve lr ON ca.claim_amount_identifier = lr.claim_amount_identifier
GROUP BY c.company_claim_number
HAVING COALESCE(SUM(CASE WHEN lp.claim_amount_identifier IS NOT NULL THEN ca.claim_amount END), 0) +
       COALESCE(SUM(CASE WHEN lr.claim_amount_identifier IS NOT NULL THEN ca.claim_amount END), 0) > 0
ORDER BY total_loss_amount DESC"
1,Q29,29,HQLS,aggregate,0,What is the total amount of premiums that a policy holder has paid?,1,1,1,0.0,0,"SELECT apr.party_identifier, SUM(pa.policy_amount) AS total_premium_amount
FROM oda_benchmark.acme_agreement_party_role apr
JOIN oda_benchmark.acme_policy_amount pa ON apr.agreement_identifier = pa.policy_identifier
JOIN oda_benchmark.acme_premium pr ON pa.policy_amount_identifier = pr.policy_amount_identifier
WHERE apr.party_role_code = 'PH'
GROUP BY apr.party_identifier
ORDER BY total_premium_amount DESC","SELECT apr.party_identifier, SUM(pa.policy_amount) AS total_policy_amount
FROM oda_benchmark.acme_agreement_party_role apr
JOIN oda_benchmark.acme_policy p ON apr.agreement_identifier = p.policy_identifier
JOIN oda_benchmark.acme_policy_amount pa ON p.policy_identifier = pa.policy_identifier
JOIN oda_benchmark.acme_premium pr ON pa.policy_amount_identifier = pr.policy_amount_identifier
WHERE apr.party_role_code = 'PH'
GROUP BY apr.party_identifier
ORDER BY total_policy_amount DESC"
1,Q30,30,HQLS,aggregate,0,What is the total amount of premiums that a policy holder has paid by policy number?,1,1,1,0.0,0,"SELECT p.policy_number, SUM(pa.policy_amount) AS total_policy_amount
FROM oda_benchmark.acme_policy p
JOIN oda_benchmark.acme_policy_amount pa ON p.policy_identifier = pa.policy_identifier
JOIN oda_benchmark.acme_premium pr ON pa.policy_amount_identifier = pr.policy_amount_identifier
JOIN oda_benchmark.acme_agreement_party_role apr ON p.policy_identifier = apr.agreement_identifier
WHERE apr.party_role_code = 'PH'
GROUP BY p.policy_number
ORDER BY total_policy_amount DESC","SELECT p.policy_number, apr.party_identifier, SUM(pa.policy_amount) AS total_policy_amount
FROM oda_benchmark.acme_agreement_party_role apr
JOIN oda_benchmark.acme_policy p ON apr.agreement_identifier = p.policy_identifier
JOIN oda_benchmark.acme_policy_amount pa ON p.policy_identifier = pa.policy_identifier
JOIN oda_benchmark.acme_premium pr ON pa.policy_amount_identifier = pr.policy_amount_identifier
WHERE apr.party_role_code = 'PH'
GROUP BY p.policy_number, apr.party_identifier
ORDER BY total_policy_amount DESC"
1,Q27,27,HQLS,aggregate,0,How many policies does each policy holder have by policy holder id?,1,1,1,1.0,1,"SELECT party_identifier, COUNT(DISTINCT agreement_identifier) AS policy_count
FROM oda_benchmark.acme_agreement_party_role
WHERE party_role_code = 'PH'
GROUP BY party_identifier
ORDER BY policy_count DESC","SELECT party_identifier, COUNT(DISTINCT agreement_identifier) AS policy_count
FROM oda_benchmark.acme_agreement_party_role
WHERE party_role_code = 'PH'
GROUP BY party_identifier
ORDER BY policy_count DESC"
1,Q33,33,HQLS,aggregate,0,What is the average policy size which is the total amount of premium divided by the number of policies?,1,1,1,0.0,0,"SELECT SUM(pa.policy_amount) / COUNT(DISTINCT p.policy_identifier) AS average_policy_size
FROM oda_benchmark.acme_policy p
JOIN oda_benchmark.acme_policy_amount pa ON p.policy_identifier = pa.policy_identifier
JOIN oda_benchmark.acme_premium pr ON pa.policy_amount_identifier = pr.policy_amount_identifier;","SELECT SUM(pa.policy_amount) / NULLIF(COUNT(DISTINCT pa.policy_identifier), 0) AS avg_policy_size
FROM oda_benchmark.acme_policy_amount pa
JOIN oda_benchmark.acme_premium pr ON pa.policy_amount_identifier = pr.policy_amount_identifier"
1,Q34,34,HQHS,aggregate,0,"What is the total loss of each claim by claim number where total loss is the sum of loss payment, loss reserve, expense payment, expense reserve amount?",1,1,1,1.0,1,"SELECT c.company_claim_number, SUM(ca.claim_amount) AS total_loss
FROM oda_benchmark.acme_claim c
JOIN oda_benchmark.acme_claim_amount ca ON c.claim_identifier = ca.claim_identifier
LEFT JOIN oda_benchmark.acme_loss_payment lp ON ca.claim_amount_identifier = lp.claim_amount_identifier
LEFT JOIN oda_benchmark.acme_loss_reserve lr ON ca.claim_amount_identifier = lr.claim_amount_identifier
LEFT JOIN oda_benchmark.acme_expense_payment ep ON ca.claim_amount_identifier = ep.claim_amount_identifier
LEFT JOIN oda_benchmark.acme_expense_reserve er ON ca.claim_amount_identifier = er.claim_amount_identifier
WHERE lp.claim_amount_identifier IS NOT NULL
   OR lr.claim_amount_identifier IS NOT NULL
   OR ep.claim_amount_identifier IS NOT NULL
   OR er.claim_amount_identifier IS NOT NULL
GROUP BY c.company_claim_number
ORDER BY total_loss DESC;","SELECT c.company_claim_number,
       COALESCE(SUM(CASE WHEN lp.claim_amount_identifier IS NOT NULL THEN ca.claim_amount END), 0) +
       COALESCE(SUM(CASE WHEN lr.claim_amount_identifier IS NOT NULL THEN ca.claim_amount END), 0) +
       COALESCE(SUM(CASE WHEN ep.claim_amount_identifier IS NOT NULL THEN ca.claim_amount END), 0) +
       COALESCE(SUM(CASE WHEN er.claim_amount_identifier IS NOT NULL THEN ca.claim_amount END), 0) AS total_loss
FROM oda_benchmark.acme_claim c
JOIN oda_benchmark.acme_claim_amount ca ON c.claim_identifier = ca.claim_identifier
LEFT JOIN oda_benchmark.acme_loss_payment lp ON ca.claim_amount_identifier = lp.claim_amount_identifier
LEFT JOIN oda_benchmark.acme_loss_reserve lr ON ca.claim_amount_identifier = lr.claim_amount_identifier
LEFT JOIN oda_benchmark.acme_expense_payment ep ON ca.claim_amount_identifier = ep.claim_amount_identifier
LEFT JOIN oda_benchmark.acme_expense_reserve er ON ca.claim_amount_identifier = er.claim_amount_identifier
GROUP BY c.company_claim_number
ORDER BY total_loss DESC"
1,Q35,35,HQHS,aggregate,0,"What is the average loss of each policy by policy number where loss is the sum of loss payment, loss reserve, expense payment, expense reserve amounts?",1,1,1,0.0,0,"SELECT 
    p.policy_number,
    AVG(ca.claim_amount) AS average_loss
FROM 
    oda_benchmark.acme_policy p
JOIN 
    oda_benchmark.acme_policy_coverage_detail pcd ON p.policy_identifier = pcd.policy_identifier
JOIN 
    oda_benchmark.acme_claim_coverage cc ON pcd.policy_coverage_detail_identifier = cc.policy_coverage_detail_identifier
JOIN 
    oda_benchmark.acme_claim c ON cc.claim_identifier = c.claim_identifier
JOIN 
    oda_benchmark.acme_claim_amount ca ON c.claim_identifier = ca.claim_identifier
LEFT JOIN 
    oda_benchmark.acme_loss_payment lp ON ca.claim_amount_identifier = lp.claim_amount_identifier
LEFT JOIN 
    oda_benchmark.acme_loss_reserve lr ON ca.claim_amount_identifier = lr.claim_amount_identifier
LEFT JOIN 
    oda_benchmark.acme_expense_payment ep ON ca.claim_amount_identifier = ep.claim_amount_identifier
LEFT JOIN 
    oda_benchmark.acme_expense_reserve er ON ca.claim_amount_identifier = er.claim_amount_identifier
WHERE 
    lp.claim_amount_identifier IS NOT NULL OR 
    lr.claim_amount_identifier IS NOT NULL OR 
    ep.claim_amount_identifier IS NOT NULL OR 
    er.claim_amount_identifier IS NOT NULL
GROUP BY 
    p.policy_number
ORDER BY 
    average_loss DESC;","WITH claim_loss AS (
  SELECT ca.claim_identifier,
         COALESCE(SUM(CASE WHEN lp.claim_amount_identifier IS NOT NULL THEN ca.claim_amount END), 0) +
         COALESCE(SUM(CASE WHEN lr.claim_amount_identifier IS NOT NULL THEN ca.claim_amount END), 0) +
         COALESCE(SUM(CASE WHEN ep.claim_amount_identifier IS NOT NULL THEN ca.claim_amount END), 0) +
         COALESCE(SUM(CASE WHEN er.claim_amount_identifier IS NOT NULL THEN ca.claim_amount END), 0) AS full_loss
  FROM oda_benchmark.acme_claim_amount ca
  LEFT JOIN oda_benchmark.acme_loss_payment lp ON ca.claim_amount_identifier = lp.claim_amount_identifier
  LEFT JOIN oda_benchmark.acme_loss_reserve lr ON ca.claim_amount_identifier = lr.claim_amount_identifier
  LEFT JOIN oda_benchmark.acme_expense_payment ep ON ca.claim_amount_identifier = ep.claim_amount_identifier
  LEFT JOIN oda_benchmark.acme_expense_reserve er ON ca.claim_amount_identifier = er.claim_amount_identifier
  GROUP BY ca.claim_identifier
)
SELECT p.policy_number,
       AVG(cl.full_loss) AS avg_loss
FROM oda_benchmark.acme_claim c
JOIN claim_loss cl ON c.claim_identifier = cl.claim_identifier
JOIN oda_benchmark.acme_claim_coverage cc ON c.claim_identifier = cc.claim_identifier
JOIN oda_benchmark.acme_policy_coverage_detail pcd ON cc.policy_coverage_detail_identifier = pcd.policy_coverage_detail_identifier
JOIN oda_benchmark.acme_policy p ON pcd.policy_identifier = p.policy_identifier
GROUP BY p.policy_number
ORDER BY avg_loss DESC"
1,Q36,36,HQHS,aggregate,0,"What is the total loss of each policy by policy number where total loss is the sum of loss payment, loss reserve, expense payment, expense reserve amounts?",1,1,1,1.0,1,"SELECT 
    p.policy_number, 
    SUM(COALESCE(ca.claim_amount, 0)) AS total_loss
FROM 
    oda_benchmark.acme_policy p
JOIN 
    oda_benchmark.acme_policy_coverage_detail pcd ON p.policy_identifier = pcd.policy_identifier
JOIN 
    oda_benchmark.acme_claim_coverage cc ON pcd.policy_coverage_detail_identifier = cc.policy_coverage_detail_identifier
JOIN 
    oda_benchmark.acme_claim c ON cc.claim_identifier = c.claim_identifier
JOIN 
    oda_benchmark.acme_claim_amount ca ON c.claim_identifier = ca.claim_identifier
LEFT JOIN 
    oda_benchmark.acme_loss_payment lp ON ca.claim_amount_identifier = lp.claim_amount_identifier
LEFT JOIN 
    oda_benchmark.acme_loss_reserve lr ON ca.claim_amount_identifier = lr.claim_amount_identifier
LEFT JOIN 
    oda_benchmark.acme_expense_payment ep ON ca.claim_amount_identifier = ep.claim_amount_identifier
LEFT JOIN 
    oda_benchmark.acme_expense_reserve er ON ca.claim_amount_identifier = er.claim_amount_identifier
WHERE 
    lp.claim_amount_identifier IS NOT NULL 
    OR lr.claim_amount_identifier IS NOT NULL 
    OR ep.claim_amount_identifier IS NOT NULL 
    OR er.claim_amount_identifier IS NOT NULL
GROUP BY 
    p.policy_number
ORDER BY 
    total_loss DESC;","SELECT p.policy_number,
       COALESCE(SUM(CASE WHEN lp.claim_amount_identifier IS NOT NULL THEN ca.claim_amount END), 0) +
       COALESCE(SUM(CASE WHEN lr.claim_amount_identifier IS NOT NULL THEN ca.claim_amount END), 0) +
       COALESCE(SUM(CASE WHEN ep.claim_amount_identifier IS NOT NULL THEN ca.claim_amount END), 0) +
       COALESCE(SUM(CASE WHEN er.claim_amount_identifier IS NOT NULL THEN ca.claim_amount END), 0) AS total_loss
FROM oda_benchmark.acme_claim c
JOIN oda_benchmark.acme_claim_amount ca ON c.claim_identifier = ca.claim_identifier
LEFT JOIN oda_benchmark.acme_loss_payment lp ON ca.claim_amount_identifier = lp.claim_amount_identifier
LEFT JOIN oda_benchmark.acme_loss_reserve lr ON ca.claim_amount_identifier = lr.claim_amount_identifier
LEFT JOIN oda_benchmark.acme_expense_payment ep ON ca.claim_amount_identifier = ep.claim_amount_identifier
LEFT JOIN oda_benchmark.acme_expense_reserve er ON ca.claim_amount_identifier = er.claim_amount_identifier
JOIN oda_benchmark.acme_claim_coverage cc ON c.claim_identifier = cc.claim_identifier
JOIN oda_benchmark.acme_policy_coverage_detail pcd ON cc.policy_coverage_detail_identifier = pcd.policy_coverage_detail_identifier
JOIN oda_benchmark.acme_policy p ON pcd.policy_identifier = p.policy_identifier
GROUP BY p.policy_number
ORDER BY total_loss DESC"
1,Q37,37,HQHS,aggregate,0,"What are the total loss, which is the sum of loss payment, loss reserve, expense payment, expense reserve amount by claim number and corresponding policy number, policy holder and premium amount paid?",1,1,1,0.0,0,"SELECT 
    c.company_claim_number,
    p.policy_number,
    ph.party_name AS policy_holder,
    SUM(COALESCE(claim_amount.claim_amount, 0)) AS total_loss,
    SUM(COALESCE(policy_amount.policy_amount, 0)) AS premium_amount_paid
FROM 
    oda_benchmark.acme_claim c
JOIN 
    oda_benchmark.acme_claim_coverage cc ON c.claim_identifier = cc.claim_identifier
JOIN 
    oda_benchmark.acme_policy p ON cc.policy_coverage_detail_identifier = p.policy_identifier
JOIN 
    oda_benchmark.acme_agreement_party_role apr ON p.policy_identifier = apr.agreement_identifier AND apr.party_role_code = 'PH'
JOIN 
    oda_benchmark.acme_party ph ON apr.party_identifier = ph.party_identifier
LEFT JOIN 
    oda_benchmark.acme_claim_amount claim_amount ON c.claim_identifier = claim_amount.claim_identifier
LEFT JOIN 
    oda_benchmark.acme_loss_payment lp ON claim_amount.claim_amount_identifier = lp.claim_amount_identifier
LEFT JOIN 
    oda_benchmark.acme_loss_reserve lr ON claim_amount.claim_amount_identifier = lr.claim_amount_identifier
LEFT JOIN 
    oda_benchmark.acme_expense_payment ep ON claim_amount.claim_amount_identifier = ep.claim_amount_identifier
LEFT JOIN 
    oda_benchmark.acme_expense_reserve er ON claim_amount.claim_amount_identifier = er.claim_amount_identifier
LEFT JOIN 
    oda_benchmark.acme_policy_amount policy_amount ON p.policy_identifier = policy_amount.policy_identifier
LEFT JOIN 
    oda_benchmark.acme_premium pr ON policy_amount.policy_amount_identifier = pr.policy_amount_identifier
WHERE 
    lp.claim_amount_identifier IS NOT NULL 
    OR lr.claim_amount_identifier IS NOT NULL 
    OR ep.claim_amount_identifier IS NOT NULL 
    OR er.claim_amount_identifier IS NOT NULL
GROUP BY 
    c.company_claim_number, p.policy_number, ph.party_name
ORDER BY 
    c.company_claim_number;","SELECT c.company_claim_number,
       p.policy_number,
       apr.party_identifier AS policyholder_id,
       SUM(DISTINCT pa.policy_amount) AS premium_amount,
       COALESCE(SUM(CASE WHEN lp.claim_amount_identifier IS NOT NULL THEN ca.claim_amount END), 0) +
       COALESCE(SUM(CASE WHEN lr.claim_amount_identifier IS NOT NULL THEN ca.claim_amount END), 0) +
       COALESCE(SUM(CASE WHEN ep.claim_amount_identifier IS NOT NULL THEN ca.claim_amount END), 0) +
       COALESCE(SUM(CASE WHEN er.claim_amount_identifier IS NOT NULL THEN ca.claim_amount END), 0) AS total_loss
FROM oda_benchmark.acme_claim c
JOIN oda_benchmark.acme_claim_amount ca ON c.claim_identifier = ca.claim_identifier
LEFT JOIN oda_benchmark.acme_loss_payment lp ON ca.claim_amount_identifier = lp.claim_amount_identifier
LEFT JOIN oda_benchmark.acme_loss_reserve lr ON ca.claim_amount_identifier = lr.claim_amount_identifier
LEFT JOIN oda_benchmark.acme_expense_payment ep ON ca.claim_amount_identifier = ep.claim_amount_identifier
LEFT JOIN oda_benchmark.acme_expense_reserve er ON ca.claim_amount_identifier = er.claim_amount_identifier
JOIN oda_benchmark.acme_claim_coverage cc ON c.claim_identifier = cc.claim_identifier
JOIN oda_benchmark.acme_policy_coverage_detail pcd ON cc.policy_coverage_detail_identifier = pcd.policy_coverage_detail_identifier
JOIN oda_benchmark.acme_policy p ON pcd.policy_identifier = p.policy_identifier
JOIN oda_benchmark.acme_agreement_party_role apr ON p.policy_identifier = apr.agreement_identifier
JOIN oda_benchmark.acme_policy_amount pa ON p.policy_identifier = pa.policy_identifier
JOIN oda_benchmark.acme_premium pr ON pa.policy_amount_identifier = pr.policy_amount_identifier
WHERE apr.party_role_code = 'PH'
GROUP BY c.company_claim_number, p.policy_number, apr.party_identifier
ORDER BY c.company_claim_number ASC"
1,Q38,38,HQHS,aggregate,0,"What are the total loss, which is the sum of loss payment, loss reserve, expense payment, expense reserve amount by catastrophe and policy number?",1,1,1,0.0,0,"SELECT 
    c.catastrophe_name,
    p.policy_number,
    SUM(CASE WHEN lp.claim_amount_identifier IS NOT NULL THEN ca.claim_amount ELSE 0 END) AS total_loss_payment,
    SUM(CASE WHEN lr.claim_amount_identifier IS NOT NULL THEN ca.claim_amount ELSE 0 END) AS total_loss_reserve,
    SUM(CASE WHEN ep.claim_amount_identifier IS NOT NULL THEN ca.claim_amount ELSE 0 END) AS total_expense_payment,
    SUM(CASE WHEN er.claim_amount_identifier IS NOT NULL THEN ca.claim_amount ELSE 0 END) AS total_expense_reserve
FROM 
    oda_benchmark.acme_claim ac
JOIN 
    oda_benchmark.acme_claim_amount ca ON ac.claim_identifier = ca.claim_identifier
LEFT JOIN 
    oda_benchmark.acme_loss_payment lp ON ca.claim_amount_identifier = lp.claim_amount_identifier
LEFT JOIN 
    oda_benchmark.acme_loss_reserve lr ON ca.claim_amount_identifier = lr.claim_amount_identifier
LEFT JOIN 
    oda_benchmark.acme_expense_payment ep ON ca.claim_amount_identifier = ep.claim_amount_identifier
LEFT JOIN 
    oda_benchmark.acme_expense_reserve er ON ca.claim_amount_identifier = er.claim_amount_identifier
JOIN 
    oda_benchmark.acme_catastrophe c ON ac.catastrophe_identifier = c.catastrophe_identifier
JOIN 
    oda_benchmark.acme_claim_coverage cc ON ac.claim_identifier = cc.claim_identifier
JOIN 
    oda_benchmark.acme_policy_coverage_detail pcd ON cc.policy_coverage_detail_identifier = pcd.policy_coverage_detail_identifier
JOIN 
    oda_benchmark.acme_policy p ON pcd.policy_identifier = p.policy_identifier
GROUP BY 
    c.catastrophe_name, p.policy_number
ORDER BY 
    c.catastrophe_name, p.policy_number;","SELECT cat.catastrophe_name,
       p.policy_number,
       COALESCE(SUM(CASE WHEN lp.claim_amount_identifier IS NOT NULL THEN ca.claim_amount END), 0) +
       COALESCE(SUM(CASE WHEN lr.claim_amount_identifier IS NOT NULL THEN ca.claim_amount END), 0) +
       COALESCE(SUM(CASE WHEN ep.claim_amount_identifier IS NOT NULL THEN ca.claim_amount END), 0) +
       COALESCE(SUM(CASE WHEN er.claim_amount_identifier IS NOT NULL THEN ca.claim_amount END), 0) AS total_loss
FROM oda_benchmark.acme_claim c
LEFT JOIN oda_benchmark.acme_catastrophe cat ON c.catastrophe_identifier = cat.catastrophe_identifier
JOIN oda_benchmark.acme_claim_amount ca ON c.claim_identifier = ca.claim_identifier
LEFT JOIN oda_benchmark.acme_loss_payment lp ON ca.claim_amount_identifier = lp.claim_amount_identifier
LEFT JOIN oda_benchmark.acme_loss_reserve lr ON ca.claim_amount_identifier = lr.claim_amount_identifier
LEFT JOIN oda_benchmark.acme_expense_payment ep ON ca.claim_amount_identifier = ep.claim_amount_identifier
LEFT JOIN oda_benchmark.acme_expense_reserve er ON ca.claim_amount_identifier = er.claim_amount_identifier
JOIN oda_benchmark.acme_claim_coverage cc ON c.claim_identifier = cc.claim_identifier
JOIN oda_benchmark.acme_policy_coverage_detail pcd ON cc.policy_coverage_detail_identifier = pcd.policy_coverage_detail_identifier
JOIN oda_benchmark.acme_policy p ON pcd.policy_identifier = p.policy_identifier
GROUP BY cat.catastrophe_name, p.policy_number
ORDER BY total_loss DESC"
1,Q39,39,HQHS,aggregate,0,"What are the total loss, which is the sum of loss payment, loss reserve, expense payment, expense reserve amount by claim number, catastrophe and corresponding policy number?",1,1,1,1.0,1,"SELECT 
    c.company_claim_number,
    cat.catastrophe_name,
    p.policy_number,
    SUM(COALESCE(claim_amount.claim_amount, 0)) AS total_loss
FROM 
    oda_benchmark.acme_claim c
JOIN 
    oda_benchmark.acme_claim_amount claim_amount ON c.claim_identifier = claim_amount.claim_identifier
LEFT JOIN 
    oda_benchmark.acme_loss_payment lp ON claim_amount.claim_amount_identifier = lp.claim_amount_identifier
LEFT JOIN 
    oda_benchmark.acme_loss_reserve lr ON claim_amount.claim_amount_identifier = lr.claim_amount_identifier
LEFT JOIN 
    oda_benchmark.acme_expense_payment ep ON claim_amount.claim_amount_identifier = ep.claim_amount_identifier
LEFT JOIN 
    oda_benchmark.acme_expense_reserve er ON claim_amount.claim_amount_identifier = er.claim_amount_identifier
JOIN 
    oda_benchmark.acme_catastrophe cat ON c.catastrophe_identifier = cat.catastrophe_identifier
JOIN 
    oda_benchmark.acme_claim_coverage cc ON c.claim_identifier = cc.claim_identifier
JOIN 
    oda_benchmark.acme_policy_coverage_detail pcd ON cc.policy_coverage_detail_identifier = pcd.policy_coverage_detail_identifier
JOIN 
    oda_benchmark.acme_policy p ON pcd.policy_identifier = p.policy_identifier
WHERE 
    lp.claim_amount_identifier IS NOT NULL 
    OR lr.claim_amount_identifier IS NOT NULL 
    OR ep.claim_amount_identifier IS NOT NULL 
    OR er.claim_amount_identifier IS NOT NULL
GROUP BY 
    c.company_claim_number, cat.catastrophe_name, p.policy_number
ORDER BY 
    total_loss DESC;","SELECT c.company_claim_number,
       cat.catastrophe_name,
       p.policy_number,
       COALESCE(SUM(CASE WHEN lp.claim_amount_identifier IS NOT NULL THEN ca.claim_amount END), 0) +
       COALESCE(SUM(CASE WHEN lr.claim_amount_identifier IS NOT NULL THEN ca.claim_amount END), 0) +
       COALESCE(SUM(CASE WHEN ep.claim_amount_identifier IS NOT NULL THEN ca.claim_amount END), 0) +
       COALESCE(SUM(CASE WHEN er.claim_amount_identifier IS NOT NULL THEN ca.claim_amount END), 0) AS total_loss
FROM oda_benchmark.acme_claim c
LEFT JOIN oda_benchmark.acme_catastrophe cat ON c.catastrophe_identifier = cat.catastrophe_identifier
JOIN oda_benchmark.acme_claim_amount ca ON c.claim_identifier = ca.claim_identifier
LEFT JOIN oda_benchmark.acme_loss_payment lp ON ca.claim_amount_identifier = lp.claim_amount_identifier
LEFT JOIN oda_benchmark.acme_loss_reserve lr ON ca.claim_amount_identifier = lr.claim_amount_identifier
LEFT JOIN oda_benchmark.acme_expense_payment ep ON ca.claim_amount_identifier = ep.claim_amount_identifier
LEFT JOIN oda_benchmark.acme_expense_reserve er ON ca.claim_amount_identifier = er.claim_amount_identifier
JOIN oda_benchmark.acme_claim_coverage cc ON c.claim_identifier = cc.claim_identifier
JOIN oda_benchmark.acme_policy_coverage_detail pcd ON cc.policy_coverage_detail_identifier = pcd.policy_coverage_detail_identifier
JOIN oda_benchmark.acme_policy p ON pcd.policy_identifier = p.policy_identifier
GROUP BY c.company_claim_number, cat.catastrophe_name, p.policy_number
ORDER BY c.company_claim_number ASC"
1,Q40,40,HQHS,aggregate,0,"What is the total loss of each policy that an agent has sold by agent id where total loss is the sum of loss payment, loss reserve, expense payment, expense reserve amounts?",1,1,1,0.0,0,"SELECT apr.party_identifier AS agent_id, p.policy_number, SUM(ca.claim_amount) AS total_loss
FROM oda_benchmark.acme_agreement_party_role apr
JOIN oda_benchmark.acme_policy p ON apr.agreement_identifier = p.policy_identifier
JOIN oda_benchmark.acme_claim_coverage cc ON p.policy_identifier = cc.policy_coverage_detail_identifier
JOIN oda_benchmark.acme_claim c ON cc.claim_identifier = c.claim_identifier
JOIN oda_benchmark.acme_claim_amount ca ON c.claim_identifier = ca.claim_identifier
LEFT JOIN oda_benchmark.acme_loss_payment lp ON ca.claim_amount_identifier = lp.claim_amount_identifier
LEFT JOIN oda_benchmark.acme_loss_reserve lr ON ca.claim_amount_identifier = lr.claim_amount_identifier
LEFT JOIN oda_benchmark.acme_expense_payment ep ON ca.claim_amount_identifier = ep.claim_amount_identifier
LEFT JOIN oda_benchmark.acme_expense_reserve er ON ca.claim_amount_identifier = er.claim_amount_identifier
WHERE apr.party_role_code = 'AG'
AND (lp.claim_amount_identifier IS NOT NULL OR lr.claim_amount_identifier IS NOT NULL OR ep.claim_amount_identifier IS NOT NULL OR er.claim_amount_identifier IS NOT NULL)
GROUP BY apr.party_identifier, p.policy_number
ORDER BY apr.party_identifier, total_loss DESC;","SELECT apr.party_identifier AS agent_id,
       p.policy_number,
       COALESCE(SUM(CASE WHEN lp.claim_amount_identifier IS NOT NULL THEN ca.claim_amount END), 0) +
       COALESCE(SUM(CASE WHEN lr.claim_amount_identifier IS NOT NULL THEN ca.claim_amount END), 0) +
       COALESCE(SUM(CASE WHEN ep.claim_amount_identifier IS NOT NULL THEN ca.claim_amount END), 0) +
       COALESCE(SUM(CASE WHEN er.claim_amount_identifier IS NOT NULL THEN ca.claim_amount END), 0) AS total_loss
FROM oda_benchmark.acme_claim c
JOIN oda_benchmark.acme_claim_amount ca ON c.claim_identifier = ca.claim_identifier
LEFT JOIN oda_benchmark.acme_loss_payment lp ON ca.claim_amount_identifier = lp.claim_amount_identifier
LEFT JOIN oda_benchmark.acme_loss_reserve lr ON ca.claim_amount_identifier = lr.claim_amount_identifier
LEFT JOIN oda_benchmark.acme_expense_payment ep ON ca.claim_amount_identifier = ep.claim_amount_identifier
LEFT JOIN oda_benchmark.acme_expense_reserve er ON ca.claim_amount_identifier = er.claim_amount_identifier
JOIN oda_benchmark.acme_claim_coverage cc ON c.claim_identifier = cc.claim_identifier
JOIN oda_benchmark.acme_policy_coverage_detail pcd ON cc.policy_coverage_detail_identifier = pcd.policy_coverage_detail_identifier
JOIN oda_benchmark.acme_policy p ON pcd.policy_identifier = p.policy_identifier
JOIN oda_benchmark.acme_agreement_party_role apr ON p.policy_identifier = apr.agreement_identifier
WHERE apr.party_role_code = 'AG'
GROUP BY apr.party_identifier, p.policy_number
ORDER BY apr.party_identifier ASC"
1,Q41,41,HQHS,aggregate,0,What is the loss ratio of each policy and agent who sold it by policy number and agent id?,1,1,1,0.0,0,"SELECT p.policy_number, apr.party_identifier AS agent_id,
       COALESCE(SUM(CASE WHEN l.claim_amount_identifier IS NOT NULL THEN ca.claim_amount ELSE 0 END), 0) /
       COALESCE(SUM(CASE WHEN pr.policy_amount_identifier IS NOT NULL THEN pa.policy_amount ELSE 0 END), 1) AS loss_ratio
FROM oda_benchmark.acme_policy p
JOIN oda_benchmark.acme_agreement_party_role apr ON p.policy_identifier = apr.agreement_identifier
LEFT JOIN oda_benchmark.acme_policy_amount pa ON p.policy_identifier = pa.policy_identifier
LEFT JOIN oda_benchmark.acme_premium pr ON pa.policy_amount_identifier = pr.policy_amount_identifier
LEFT JOIN oda_benchmark.acme_claim_coverage cc ON p.policy_identifier = cc.policy_coverage_detail_identifier
LEFT JOIN oda_benchmark.acme_claim c ON cc.claim_identifier = c.claim_identifier
LEFT JOIN oda_benchmark.acme_claim_amount ca ON c.claim_identifier = ca.claim_identifier
LEFT JOIN oda_benchmark.acme_loss_payment l ON ca.claim_amount_identifier = l.claim_amount_identifier
WHERE apr.party_role_code = 'AG'
GROUP BY p.policy_number, apr.party_identifier
ORDER BY p.policy_number, apr.party_identifier;","SELECT p.policy_number,
       apr.party_identifier AS agent_id,
       (COALESCE(SUM(CASE WHEN lp.claim_amount_identifier IS NOT NULL THEN ca.claim_amount END), 0) +
        COALESCE(SUM(CASE WHEN lr.claim_amount_identifier IS NOT NULL THEN ca.claim_amount END), 0) +
        COALESCE(SUM(CASE WHEN ep.claim_amount_identifier IS NOT NULL THEN ca.claim_amount END), 0) +
        COALESCE(SUM(CASE WHEN er.claim_amount_identifier IS NOT NULL THEN ca.claim_amount END), 0)) /
       NULLIF(SUM(DISTINCT pa.policy_amount), 0) AS loss_ratio
FROM oda_benchmark.acme_claim c
JOIN oda_benchmark.acme_claim_amount ca ON c.claim_identifier = ca.claim_identifier
LEFT JOIN oda_benchmark.acme_loss_payment lp ON ca.claim_amount_identifier = lp.claim_amount_identifier
LEFT JOIN oda_benchmark.acme_loss_reserve lr ON ca.claim_amount_identifier = lr.claim_amount_identifier
LEFT JOIN oda_benchmark.acme_expense_payment ep ON ca.claim_amount_identifier = ep.claim_amount_identifier
LEFT JOIN oda_benchmark.acme_expense_reserve er ON ca.claim_amount_identifier = er.claim_amount_identifier
JOIN oda_benchmark.acme_claim_coverage cc ON c.claim_identifier = cc.claim_identifier
JOIN oda_benchmark.acme_policy_coverage_detail pcd ON cc.policy_coverage_detail_identifier = pcd.policy_coverage_detail_identifier
JOIN oda_benchmark.acme_policy p ON pcd.policy_identifier = p.policy_identifier
JOIN oda_benchmark.acme_agreement_party_role apr ON p.policy_identifier = apr.agreement_identifier
JOIN oda_benchmark.acme_policy_amount pa ON p.policy_identifier = pa.policy_identifier
JOIN oda_benchmark.acme_premium pr ON pa.policy_amount_identifier = pr.policy_amount_identifier
WHERE apr.party_role_code = 'AG'
GROUP BY p.policy_number, apr.party_identifier
ORDER BY p.policy_number ASC"
1,Q44,44,HQHS,aggregate,0,"What is the average loss of each policy by policy number and number of claims where loss is the sum of loss payment, loss reserve, expense payment, expense reserve amounts?",1,0,1,0.0,0,"SELECT 
    p.policy_number,
    COUNT(DISTINCT c.claim_identifier) AS number_of_claims,
    AVG(COALESCE(lp.loss_payment_amount, 0) + COALESCE(lr.loss_reserve_amount, 0) + COALESCE(ep.expense_payment_amount, 0) + COALESCE(er.expense_reserve_amount, 0)) AS average_loss
FROM 
    oda_benchmark.acme_policy p
JOIN 
    oda_benchmark.acme_claim_coverage cc ON p.policy_identifier = cc.policy_identifier
JOIN 
    oda_benchmark.acme_claim c ON cc.claim_identifier = c.claim_identifier
LEFT JOIN 
    (SELECT claim_identifier, SUM(claim_amount) AS loss_payment_amount
     FROM oda_benchmark.acme_claim_amount ca
     JOIN oda_benchmark.acme_loss_payment lp ON ca.claim_amount_identifier = lp.claim_amount_identifier
     GROUP BY claim_identifier) lp ON c.claim_identifier = lp.claim_identifier
LEFT JOIN 
    (SELECT claim_identifier, SUM(claim_amount) AS loss_reserve_amount
     FROM oda_benchmark.acme_claim_amount ca
     JOIN oda_benchmark.acme_loss_reserve lr ON ca.claim_amount_identifier = lr.claim_amount_identifier
     GROUP BY claim_identifier) lr ON c.claim_identifier = lr.claim_identifier
LEFT JOIN 
    (SELECT claim_identifier, SUM(claim_amount) AS expense_payment_amount
     FROM oda_benchmark.acme_claim_amount ca
     JOIN oda_benchmark.acme_expense_payment ep ON ca.claim_amount_identifier = ep.claim_amount_identifier
     GROUP BY claim_identifier) ep ON c.claim_identifier = ep.claim_identifier
LEFT JOIN 
    (SELECT claim_identifier, SUM(claim_amount) AS expense_reserve_amount
     FROM oda_benchmark.acme_claim_amount ca
     JOIN oda_benchmark.acme_expense_reserve er ON ca.claim_amount_identifier = er.claim_amount_identifier
     GROUP BY claim_identifier) er ON c.claim_identifier = er.claim_identifier
GROUP BY 
    p.policy_number
ORDER BY 
    p.policy_number;","WITH claim_loss AS (
  SELECT ca.claim_identifier,
         COALESCE(SUM(CASE WHEN lp.claim_amount_identifier IS NOT NULL THEN ca.claim_amount END), 0) +
         COALESCE(SUM(CASE WHEN lr.claim_amount_identifier IS NOT NULL THEN ca.claim_amount END), 0) +
         COALESCE(SUM(CASE WHEN ep.claim_amount_identifier IS NOT NULL THEN ca.claim_amount END), 0) +
         COALESCE(SUM(CASE WHEN er.claim_amount_identifier IS NOT NULL THEN ca.claim_amount END), 0) AS full_loss
  FROM oda_benchmark.acme_claim_amount ca
  LEFT JOIN oda_benchmark.acme_loss_payment lp ON ca.claim_amount_identifier = lp.claim_amount_identifier
  LEFT JOIN oda_benchmark.acme_loss_reserve lr ON ca.claim_amount_identifier = lr.claim_amount_identifier
  LEFT JOIN oda_benchmark.acme_expense_payment ep ON ca.claim_amount_identifier = ep.claim_amount_identifier
  LEFT JOIN oda_benchmark.acme_expense_reserve er ON ca.claim_amount_identifier = er.claim_amount_identifier
  GROUP BY ca.claim_identifier
)
SELECT p.policy_number,
       COUNT(DISTINCT c.claim_identifier) AS number_of_claims,
       AVG(cl.full_loss) AS avg_loss
FROM oda_benchmark.acme_claim c
JOIN claim_loss cl ON c.claim_identifier = cl.claim_identifier
JOIN oda_benchmark.acme_claim_coverage cc ON c.claim_identifier = cc.claim_identifier
JOIN oda_benchmark.acme_policy_coverage_detail pcd ON cc.policy_coverage_detail_identifier = pcd.policy_coverage_detail_identifier
JOIN oda_benchmark.acme_policy p ON pcd.policy_identifier = p.policy_identifier
GROUP BY p.policy_number
ORDER BY p.policy_number ASC"
1,Q43,43,HQHS,aggregate,0,"What is the loss ratio, number of claims, total loss by policy number and premium where total loss is the sum of loss payment, loss reserve, expense payment, expense reserve amount and loss ratio is total loss divided by premium?",1,0,1,0.0,0,"SELECT 
    p.policy_number, 
    COUNT(DISTINCT c.claim_identifier) AS number_of_claims,
    COALESCE(SUM(CASE WHEN l.claim_amount_identifier IS NOT NULL THEN ca.claim_amount ELSE 0 END), 0) +
    COALESCE(SUM(CASE WHEN lr.claim_amount_identifier IS NOT NULL THEN ca.claim_amount ELSE 0 END), 0) +
    COALESCE(SUM(CASE WHEN ep.claim_amount_identifier IS NOT NULL THEN ca.claim_amount ELSE 0 END), 0) +
    COALESCE(SUM(CASE WHEN er.claim_amount_identifier IS NOT NULL THEN ca.claim_amount ELSE 0 END), 0) AS total_loss,
    COALESCE(SUM(pr.policy_amount), 0) AS premium,
    CASE WHEN COALESCE(SUM(pr.policy_amount), 0) > 0 THEN 
        (COALESCE(SUM(CASE WHEN l.claim_amount_identifier IS NOT NULL THEN ca.claim_amount ELSE 0 END), 0) +
        COALESCE(SUM(CASE WHEN lr.claim_amount_identifier IS NOT NULL THEN ca.claim_amount ELSE 0 END), 0) +
        COALESCE(SUM(CASE WHEN ep.claim_amount_identifier IS NOT NULL THEN ca.claim_amount ELSE 0 END), 0) +
        COALESCE(SUM(CASE WHEN er.claim_amount_identifier IS NOT NULL THEN ca.claim_amount ELSE 0 END), 0)) /
        COALESCE(SUM(pr.policy_amount), 0)
    ELSE 0 END AS loss_ratio
FROM 
    oda_benchmark.acme_policy p
LEFT JOIN 
    oda_benchmark.acme_claim_coverage cc ON p.policy_identifier = cc.policy_coverage_detail_identifier
LEFT JOIN 
    oda_benchmark.acme_claim c ON cc.claim_identifier = c.claim_identifier
LEFT JOIN 
    oda_benchmark.acme_claim_amount ca ON c.claim_identifier = ca.claim_identifier
LEFT JOIN 
    oda_benchmark.acme_loss_payment l ON ca.claim_amount_identifier = l.claim_amount_identifier
LEFT JOIN 
    oda_benchmark.acme_loss_reserve lr ON ca.claim_amount_identifier = lr.claim_amount_identifier
LEFT JOIN 
    oda_benchmark.acme_expense_payment ep ON ca.claim_amount_identifier = ep.claim_amount_identifier
LEFT JOIN 
    oda_benchmark.acme_expense_reserve er ON ca.claim_amount_identifier = er.claim_amount_identifier
LEFT JOIN 
    oda_benchmark.acme_policy_amount pa ON p.policy_identifier = pa.policy_identifier
LEFT JOIN 
    oda_benchmark.acme_premium pr ON pa.policy_amount_identifier = pr.policy_amount_identifier
GROUP BY 
    p.policy_number
ORDER BY 
    p.policy_number;","SELECT p.policy_number,
       SUM(DISTINCT pa.policy_amount) AS premium,
       COUNT(DISTINCT c.claim_identifier) AS number_of_claims,
       COALESCE(SUM(CASE WHEN lp.claim_amount_identifier IS NOT NULL THEN ca.claim_amount END), 0) +
       COALESCE(SUM(CASE WHEN lr.claim_amount_identifier IS NOT NULL THEN ca.claim_amount END), 0) +
       COALESCE(SUM(CASE WHEN ep.claim_amount_identifier IS NOT NULL THEN ca.claim_amount END), 0) +
       COALESCE(SUM(CASE WHEN er.claim_amount_identifier IS NOT NULL THEN ca.claim_amount END), 0) AS total_loss,
       (COALESCE(SUM(CASE WHEN lp.claim_amount_identifier IS NOT NULL THEN ca.claim_amount END), 0) +
        COALESCE(SUM(CASE WHEN lr.claim_amount_identifier IS NOT NULL THEN ca.claim_amount END), 0) +
        COALESCE(SUM(CASE WHEN ep.claim_amount_identifier IS NOT NULL THEN ca.claim_amount END), 0) +
        COALESCE(SUM(CASE WHEN er.claim_amount_identifier IS NOT NULL THEN ca.claim_amount END), 0)) /
       NULLIF(SUM(DISTINCT pa.policy_amount), 0) AS loss_ratio
FROM oda_benchmark.acme_claim c
JOIN oda_benchmark.acme_claim_amount ca ON c.claim_identifier = ca.claim_identifier
LEFT JOIN oda_benchmark.acme_loss_payment lp ON ca.claim_amount_identifier = lp.claim_amount_identifier
LEFT JOIN oda_benchmark.acme_loss_reserve lr ON ca.claim_amount_identifier = lr.claim_amount_identifier
LEFT JOIN oda_benchmark.acme_expense_payment ep ON ca.claim_amount_identifier = ep.claim_amount_identifier
LEFT JOIN oda_benchmark.acme_expense_reserve er ON ca.claim_amount_identifier = er.claim_amount_identifier
JOIN oda_benchmark.acme_claim_coverage cc ON c.claim_identifier = cc.claim_identifier
JOIN oda_benchmark.acme_policy_coverage_detail pcd ON cc.policy_coverage_detail_identifier = pcd.policy_coverage_detail_identifier
JOIN oda_benchmark.acme_policy p ON pcd.policy_identifier = p.policy_identifier
JOIN oda_benchmark.acme_policy_amount pa ON p.policy_identifier = pa.policy_identifier
JOIN oda_benchmark.acme_premium pr ON pa.policy_amount_identifier = pr.policy_amount_identifier
GROUP BY p.policy_number
ORDER BY p.policy_number ASC"
2,Q01,1,LQLS,dimension_listing,0,"Return all the claims we have by claim number, open date and close date?",1,1,1,1.0,1,"SELECT company_claim_number, claim_open_date, claim_close_date FROM oda_benchmark.acme_claim;","SELECT company_claim_number, claim_open_date, claim_close_date
FROM oda_benchmark.acme_claim
ORDER BY company_claim_number ASC"
2,Q02,2,LQLS,dimension_listing,0,"Return all the policies we have by policy number, effective date and expiration date?",1,1,1,1.0,1,"SELECT policy_number, effective_date, expiration_date
FROM oda_benchmark.acme_policy;","SELECT policy_number, effective_date, expiration_date
FROM oda_benchmark.acme_policy
ORDER BY policy_number ASC"
2,Q03,3,LQLS,dimension_listing,0,Return all the policies and their policy holder by id,1,1,1,0.0,0,"SELECT p.policy_number, apr.party_identifier AS policy_holder_id
FROM oda_benchmark.acme_policy p
JOIN oda_benchmark.acme_agreement_party_role apr ON p.policy_identifier = apr.agreement_identifier
WHERE apr.party_role_code = 'PH';","SELECT p.policy_number, apr.party_identifier AS policyholder_id
FROM oda_benchmark.acme_policy p
JOIN oda_benchmark.acme_agreement_party_role apr
  ON p.policy_identifier = apr.agreement_identifier
WHERE apr.party_role_code = 'PH'
ORDER BY p.policy_number ASC"
2,Q04,4,LQLS,dimension_listing,0,Return all the policies and the agents that sold them by policy number and agent id,1,1,1,1.0,1,"SELECT p.policy_number, apr.party_identifier AS agent_id
FROM oda_benchmark.acme_policy p
JOIN oda_benchmark.acme_agreement_party_role apr ON p.policy_identifier = apr.agreement_identifier
WHERE apr.party_role_code = 'AG'","SELECT p.policy_number, apr.party_identifier AS agent_id
FROM oda_benchmark.acme_policy p
JOIN oda_benchmark.acme_agreement_party_role apr
  ON p.policy_identifier = apr.agreement_identifier
WHERE apr.party_role_code = 'AG'
ORDER BY p.policy_number ASC"
2,Q05,5,LQLS,dimension_listing,0,What are all our policies that have a claim associated to them by policy and claim number?,1,1,1,1.0,1,"SELECT p.policy_number, c.company_claim_number
FROM oda_benchmark.acme_policy p
JOIN oda_benchmark.acme_policy_coverage_detail pcd ON p.policy_identifier = pcd.policy_identifier
JOIN oda_benchmark.acme_claim_coverage cc ON pcd.policy_coverage_detail_identifier = cc.policy_coverage_detail_identifier
JOIN oda_benchmark.acme_claim c ON cc.claim_identifier = c.claim_identifier;","SELECT DISTINCT p.policy_number, c.company_claim_number
FROM oda_benchmark.acme_claim c
JOIN oda_benchmark.acme_claim_coverage cc
  ON c.claim_identifier = cc.claim_identifier
JOIN oda_benchmark.acme_policy_coverage_detail pcd
  ON cc.policy_coverage_detail_identifier = pcd.policy_coverage_detail_identifier
JOIN oda_benchmark.acme_policy p
  ON pcd.policy_identifier = p.policy_identifier
ORDER BY p.policy_number ASC"
2,Q06,6,LQLS,dimension_listing,0,What are all the premiums that have been paid by policy holders?,1,1,1,0.0,0,"SELECT pa.policy_amount_identifier, pa.policy_amount
FROM oda_benchmark.acme_policy_amount pa
JOIN oda_benchmark.acme_premium pr ON pa.policy_amount_identifier = pr.policy_amount_identifier
JOIN oda_benchmark.acme_agreement_party_role apr ON pa.policy_identifier = apr.agreement_identifier
WHERE apr.party_role_code = 'PH';","SELECT apr.party_identifier AS policyholder_id,
       SUM(pa.policy_amount) AS total_premiums_paid
FROM oda_benchmark.acme_agreement_party_role apr
JOIN oda_benchmark.acme_policy p
  ON apr.agreement_identifier = p.policy_identifier
JOIN oda_benchmark.acme_policy_amount pa
  ON p.policy_identifier = pa.policy_identifier
JOIN oda_benchmark.acme_premium pr
  ON pa.policy_amount_identifier = pr.policy_amount_identifier
WHERE apr.party_role_code = 'PH'
GROUP BY apr.party_identifier
ORDER BY total_premiums_paid DESC"
2,Q07,7,LQLS,dimension_listing,0,What is the premium amount of all policies by policy number?,1,1,1,0.0,0,"SELECT p.policy_number, SUM(pa.policy_amount) AS total_premium_amount
FROM oda_benchmark.acme_policy p
JOIN oda_benchmark.acme_policy_amount pa ON p.policy_identifier = pa.policy_identifier
JOIN oda_benchmark.acme_premium pr ON pa.policy_amount_identifier = pr.policy_amount_identifier
GROUP BY p.policy_number
ORDER BY total_premium_amount DESC","SELECT p.policy_number,
       SUM(pa.policy_amount) AS premium_amount
FROM oda_benchmark.acme_policy p
JOIN oda_benchmark.acme_policy_amount pa
  ON p.policy_identifier = pa.policy_identifier
JOIN oda_benchmark.acme_premium pr
  ON pa.policy_amount_identifier = pr.policy_amount_identifier
GROUP BY p.policy_number
ORDER BY p.policy_number ASC"
2,Q08,8,LQLS,dimension_listing,0,"What is the premium amount of all policies by policy number, coverage effective date and coverage expiration date",1,1,1,0.0,0,"SELECT p.policy_number, pcd.effective_date, pcd.expiration_date, SUM(pa.policy_amount) AS total_premium_amount
FROM oda_benchmark.acme_policy p
JOIN oda_benchmark.acme_policy_coverage_detail pcd ON p.policy_identifier = pcd.policy_identifier
JOIN oda_benchmark.acme_policy_amount pa ON p.policy_identifier = pa.policy_identifier
JOIN oda_benchmark.acme_premium pr ON pa.policy_amount_identifier = pr.policy_amount_identifier
GROUP BY p.policy_number, pcd.effective_date, pcd.expiration_date
ORDER BY p.policy_number, pcd.effective_date, pcd.expiration_date;","SELECT p.policy_number,
       pcd.effective_date AS coverage_effective_date,
       pcd.expiration_date AS coverage_expiration_date,
       SUM(pa.policy_amount) AS premium_amount
FROM oda_benchmark.acme_policy p
JOIN oda_benchmark.acme_policy_coverage_detail pcd
  ON p.policy_identifier = pcd.policy_identifier
JOIN oda_benchmark.acme_policy_amount pa
  ON p.policy_identifier = pa.policy_identifier
JOIN oda_benchmark.acme_premium pr
  ON pa.policy_amount_identifier = pr.policy_amount_identifier
GROUP BY p.policy_number, pcd.effective_date, pcd.expiration_date
ORDER BY p.policy_number ASC"
2,Q09,9,LQLS,dimension_listing,0,What are the loss payment amount of all claims by claim number?,1,1,1,0.0,0,"SELECT c.company_claim_number, SUM(ca.claim_amount) AS total_loss_payment
FROM oda_benchmark.acme_claim c
JOIN oda_benchmark.acme_claim_amount ca ON c.claim_identifier = ca.claim_identifier
JOIN oda_benchmark.acme_loss_payment lp ON ca.claim_amount_identifier = lp.claim_amount_identifier
GROUP BY c.company_claim_number
ORDER BY total_loss_payment DESC","SELECT c.company_claim_number,
       SUM(ca.claim_amount) AS loss_payment_amount
FROM oda_benchmark.acme_claim c
JOIN oda_benchmark.acme_claim_amount ca
  ON c.claim_identifier = ca.claim_identifier
JOIN oda_benchmark.acme_loss_payment lp
  ON ca.claim_amount_identifier = lp.claim_amount_identifier
GROUP BY c.company_claim_number
ORDER BY c.company_claim_number ASC"
2,Q10,10,LQLS,dimension_listing,0,What are the loss reserve amount of all claims by claim number?,1,1,1,0.0,0,"SELECT c.company_claim_number, SUM(ca.claim_amount) AS total_loss_reserve
FROM oda_benchmark.acme_claim c
JOIN oda_benchmark.acme_claim_amount ca ON c.claim_identifier = ca.claim_identifier
JOIN oda_benchmark.acme_loss_reserve lr ON ca.claim_amount_identifier = lr.claim_amount_identifier
GROUP BY c.company_claim_number
ORDER BY total_loss_reserve DESC;","SELECT c.company_claim_number,
       SUM(ca.claim_amount) AS loss_reserve_amount
FROM oda_benchmark.acme_claim c
JOIN oda_benchmark.acme_claim_amount ca
  ON c.claim_identifier = ca.claim_identifier
JOIN oda_benchmark.acme_loss_reserve lr
  ON ca.claim_amount_identifier = lr.claim_amount_identifier
GROUP BY c.company_claim_number
ORDER BY c.company_claim_number ASC"
2,Q11,11,LQLS,dimension_listing,0,What are the expense payment amount of all claims by claim number?,1,1,1,0.0,0,"SELECT c.company_claim_number, SUM(ca.claim_amount) AS total_expense_payment
FROM oda_benchmark.acme_claim c
JOIN oda_benchmark.acme_claim_amount ca ON c.claim_identifier = ca.claim_identifier
JOIN oda_benchmark.acme_expense_payment ep ON ca.claim_amount_identifier = ep.claim_amount_identifier
GROUP BY c.company_claim_number
ORDER BY total_expense_payment DESC;","SELECT c.company_claim_number,
       SUM(ca.claim_amount) AS expense_payment_amount
FROM oda_benchmark.acme_claim c
JOIN oda_benchmark.acme_claim_amount ca
  ON c.claim_identifier = ca.claim_identifier
JOIN oda_benchmark.acme_expense_payment ep
  ON ca.claim_amount_identifier = ep.claim_amount_identifier
GROUP BY c.company_claim_number
ORDER BY c.company_claim_number ASC"
2,Q12,12,LQLS,dimension_listing,0,What are the expense reserve amount of all claims by claim number?,1,1,1,0.0,0,"SELECT c.company_claim_number, SUM(ca.claim_amount) AS total_expense_reserve
FROM oda_benchmark.acme_claim c
JOIN oda_benchmark.acme_claim_amount ca ON c.claim_identifier = ca.claim_identifier
JOIN oda_benchmark.acme_expense_reserve er ON ca.claim_amount_identifier = er.claim_amount_identifier
GROUP BY c.company_claim_number
ORDER BY total_expense_reserve DESC;","SELECT c.company_claim_number,
       SUM(ca.claim_amount) AS expense_reserve_amount
FROM oda_benchmark.acme_claim c
JOIN oda_benchmark.acme_claim_amount ca
  ON c.claim_identifier = ca.claim_identifier
JOIN oda_benchmark.acme_expense_reserve er
  ON ca.claim_amount_identifier = er.claim_amount_identifier
GROUP BY c.company_claim_number
ORDER BY c.company_claim_number ASC"
2,Q13,13,LQHS,dimension_listing,0,"What are the loss payment, loss reserve, expense payment, expense reserve amount by claim number?",1,1,1,1.0,1,"SELECT 
    c.company_claim_number,
    SUM(CASE WHEN lp.claim_amount_identifier IS NOT NULL THEN ca.claim_amount ELSE 0 END) AS loss_payment_amount,
    SUM(CASE WHEN lr.claim_amount_identifier IS NOT NULL THEN ca.claim_amount ELSE 0 END) AS loss_reserve_amount,
    SUM(CASE WHEN ep.claim_amount_identifier IS NOT NULL THEN ca.claim_amount ELSE 0 END) AS expense_payment_amount,
    SUM(CASE WHEN er.claim_amount_identifier IS NOT NULL THEN ca.claim_amount ELSE 0 END) AS expense_reserve_amount
FROM 
    oda_benchmark.acme_claim c
JOIN 
    oda_benchmark.acme_claim_amount ca ON c.claim_identifier = ca.claim_identifier
LEFT JOIN 
    oda_benchmark.acme_loss_payment lp ON ca.claim_amount_identifier = lp.claim_amount_identifier
LEFT JOIN 
    oda_benchmark.acme_loss_reserve lr ON ca.claim_amount_identifier = lr.claim_amount_identifier
LEFT JOIN 
    oda_benchmark.acme_expense_payment ep ON ca.claim_amount_identifier = ep.claim_amount_identifier
LEFT JOIN 
    oda_benchmark.acme_expense_reserve er ON ca.claim_amount_identifier = er.claim_amount_identifier
GROUP BY 
    c.company_claim_number
ORDER BY 
    c.company_claim_number;","SELECT c.company_claim_number,
       COALESCE(SUM(CASE WHEN lp.claim_amount_identifier IS NOT NULL THEN ca.claim_amount END), 0) AS loss_payment_amount,
       COALESCE(SUM(CASE WHEN lr.claim_amount_identifier IS NOT NULL THEN ca.claim_amount END), 0) AS loss_reserve_amount,
       COALESCE(SUM(CASE WHEN ep.claim_amount_identifier IS NOT NULL THEN ca.claim_amount END), 0) AS expense_payment_amount,
       COALESCE(SUM(CASE WHEN er.claim_amount_identifier IS NOT NULL THEN ca.claim_amount END), 0) AS expense_reserve_amount
FROM oda_benchmark.acme_claim c
JOIN oda_benchmark.acme_claim_amount ca ON c.claim_identifier = ca.claim_identifier
LEFT JOIN oda_benchmark.acme_loss_payment lp ON ca.claim_amount_identifier = lp.claim_amount_identifier
LEFT JOIN oda_benchmark.acme_loss_reserve lr ON ca.claim_amount_identifier = lr.claim_amount_identifier
LEFT JOIN oda_benchmark.acme_expense_payment ep ON ca.claim_amount_identifier = ep.claim_amount_identifier
LEFT JOIN oda_benchmark.acme_expense_reserve er ON ca.claim_amount_identifier = er.claim_amount_identifier
GROUP BY c.company_claim_number
ORDER BY c.company_claim_number ASC"
2,Q14,14,LQHS,dimension_listing,0,"What are the loss payment, loss reserve, expense payment, expense reserve amount by claim number and corresponding policy number, policy holder and premium amount paid?",1,0,1,0.0,0,"SELECT 
    c.company_claim_number,
    p.policy_number,
    ph.party_name AS policy_holder,
    SUM(CASE WHEN l.claim_amount_identifier IS NOT NULL THEN ca.claim_amount ELSE 0 END) AS loss_payment_amount,
    SUM(CASE WHEN lr.claim_amount_identifier IS NOT NULL THEN ca.claim_amount ELSE 0 END) AS loss_reserve_amount,
    SUM(CASE WHEN ep.claim_amount_identifier IS NOT NULL THEN ca.claim_amount ELSE 0 END) AS expense_payment_amount,
    SUM(CASE WHEN er.claim_amount_identifier IS NOT NULL THEN ca.claim_amount ELSE 0 END) AS expense_reserve_amount,
    SUM(pr.policy_amount) AS premium_amount_paid
FROM 
    oda_benchmark.acme_claim c
JOIN 
    oda_benchmark.acme_claim_coverage cc ON c.claim_identifier = cc.claim_identifier
JOIN 
    oda_benchmark.acme_policy p ON cc.policy_coverage_detail_identifier = p.policy_identifier
JOIN 
    oda_benchmark.acme_agreement_party_role apr ON p.policy_identifier = apr.agreement_identifier AND apr.party_role_code = 'PH'
JOIN 
    oda_benchmark.acme_party ph ON apr.party_identifier = ph.party_identifier
JOIN 
    oda_benchmark.acme_claim_amount ca ON c.claim_identifier = ca.claim_identifier
LEFT JOIN 
    oda_benchmark.acme_loss_payment l ON ca.claim_amount_identifier = l.claim_amount_identifier
LEFT JOIN 
    oda_benchmark.acme_loss_reserve lr ON ca.claim_amount_identifier = lr.claim_amount_identifier
LEFT JOIN 
    oda_benchmark.acme_expense_payment ep ON ca.claim_amount_identifier = ep.claim_amount_identifier
LEFT JOIN 
    oda_benchmark.acme_expense_reserve er ON ca.claim_amount_identifier = er.claim_amount_identifier
JOIN 
    oda_benchmark.acme_policy_amount pa ON p.policy_identifier = pa.policy_identifier
JOIN 
    oda_benchmark.acme_premium pr ON pa.policy_amount_identifier = pr.policy_amount_identifier
GROUP BY 
    c.company_claim_number, p.policy_number, ph.party_name
ORDER BY 
    c.company_claim_number;","SELECT c.company_claim_number,
       p.policy_number,
       apr.party_identifier AS policyholder_id,
       SUM(DISTINCT pa.policy_amount) AS premium_amount,
       COALESCE(SUM(CASE WHEN lp.claim_amount_identifier IS NOT NULL THEN ca.claim_amount END), 0) AS loss_payment_amount,
       COALESCE(SUM(CASE WHEN lr.claim_amount_identifier IS NOT NULL THEN ca.claim_amount END), 0) AS loss_reserve_amount,
       COALESCE(SUM(CASE WHEN ep.claim_amount_identifier IS NOT NULL THEN ca.claim_amount END), 0) AS expense_payment_amount,
       COALESCE(SUM(CASE WHEN er.claim_amount_identifier IS NOT NULL THEN ca.claim_amount END), 0) AS expense_reserve_amount
FROM oda_benchmark.acme_claim c
JOIN oda_benchmark.acme_claim_amount ca ON c.claim_identifier = ca.claim_identifier
LEFT JOIN oda_benchmark.acme_loss_payment lp ON ca.claim_amount_identifier = lp.claim_amount_identifier
LEFT JOIN oda_benchmark.acme_loss_reserve lr ON ca.claim_amount_identifier = lr.claim_amount_identifier
LEFT JOIN oda_benchmark.acme_expense_payment ep ON ca.claim_amount_identifier = ep.claim_amount_identifier
LEFT JOIN oda_benchmark.acme_expense_reserve er ON ca.claim_amount_identifier = er.claim_amount_identifier
JOIN oda_benchmark.acme_claim_coverage cc ON c.claim_identifier = cc.claim_identifier
JOIN oda_benchmark.acme_policy_coverage_detail pcd ON cc.policy_coverage_detail_identifier = pcd.policy_coverage_detail_identifier
JOIN oda_benchmark.acme_policy p ON pcd.policy_identifier = p.policy_identifier
JOIN oda_benchmark.acme_agreement_party_role apr ON p.policy_identifier = apr.agreement_identifier
JOIN oda_benchmark.acme_policy_amount pa ON p.policy_identifier = pa.policy_identifier
JOIN oda_benchmark.acme_premium pr ON pa.policy_amount_identifier = pr.policy_amount_identifier
WHERE apr.party_role_code = 'PH'
GROUP BY c.company_claim_number, p.policy_number, apr.party_identifier
ORDER BY c.company_claim_number ASC"
2,Q15,15,LQHS,dimension_listing,0,"What are the loss payment, loss reserve, expense payment, expense reserve amount by claim number and corresponding policy number, policy holder, premium amount paid and the agent who sold it?",1,0,1,0.0,0,"SELECT 
    c.company_claim_number,
    p.policy_number,
    ph.party_name AS policy_holder,
    pr.policy_amount AS premium_amount_paid,
    ag.party_name AS agent,
    SUM(CASE WHEN lp.claim_amount_identifier IS NOT NULL THEN ca.claim_amount ELSE 0 END) AS loss_payment,
    SUM(CASE WHEN lr.claim_amount_identifier IS NOT NULL THEN ca.claim_amount ELSE 0 END) AS loss_reserve,
    SUM(CASE WHEN ep.claim_amount_identifier IS NOT NULL THEN ca.claim_amount ELSE 0 END) AS expense_payment,
    SUM(CASE WHEN er.claim_amount_identifier IS NOT NULL THEN ca.claim_amount ELSE 0 END) AS expense_reserve
FROM 
    oda_benchmark.acme_claim c
JOIN 
    oda_benchmark.acme_claim_coverage cc ON c.claim_identifier = cc.claim_identifier
JOIN 
    oda_benchmark.acme_policy_coverage_detail pcd ON cc.policy_coverage_detail_identifier = pcd.policy_coverage_detail_identifier
JOIN 
    oda_benchmark.acme_policy p ON pcd.policy_identifier = p.policy_identifier
JOIN 
    oda_benchmark.acme_policy_amount pa ON p.policy_identifier = pa.policy_identifier
JOIN 
    oda_benchmark.acme_premium pr ON pa.policy_amount_identifier = pr.policy_amount_identifier
JOIN 
    oda_benchmark.acme_agreement_party_role apr_ph ON p.policy_identifier = apr_ph.agreement_identifier AND apr_ph.party_role_code = 'PH'
JOIN 
    oda_benchmark.acme_party ph ON apr_ph.party_identifier = ph.party_identifier
JOIN 
    oda_benchmark.acme_agreement_party_role apr_ag ON p.policy_identifier = apr_ag.agreement_identifier AND apr_ag.party_role_code = 'AG'
JOIN 
    oda_benchmark.acme_party ag ON apr_ag.party_identifier = ag.party_identifier
JOIN 
    oda_benchmark.acme_claim_amount ca ON c.claim_identifier = ca.claim_identifier
LEFT JOIN 
    oda_benchmark.acme_loss_payment lp ON ca.claim_amount_identifier = lp.claim_amount_identifier
LEFT JOIN 
    oda_benchmark.acme_loss_reserve lr ON ca.claim_amount_identifier = lr.claim_amount_identifier
LEFT JOIN 
    oda_benchmark.acme_expense_payment ep ON ca.claim_amount_identifier = ep.claim_amount_identifier
LEFT JOIN 
    oda_benchmark.acme_expense_reserve er ON ca.claim_amount_identifier = er.claim_amount_identifier
GROUP BY 
    c.company_claim_number, p.policy_number, ph.party_name, pr.policy_amount, ag.party_name
ORDER BY 
    c.company_claim_number;","SELECT c.company_claim_number,
       p.policy_number,
       ph_apr.party_identifier AS policyholder_id,
       ag_apr.party_identifier AS agent_id,
       SUM(DISTINCT pa.policy_amount) AS premium_amount,
       COALESCE(SUM(CASE WHEN lp.claim_amount_identifier IS NOT NULL THEN ca.claim_amount END), 0) AS loss_payment_amount,
       COALESCE(SUM(CASE WHEN lr.claim_amount_identifier IS NOT NULL THEN ca.claim_amount END), 0) AS loss_reserve_amount,
       COALESCE(SUM(CASE WHEN ep.claim_amount_identifier IS NOT NULL THEN ca.claim_amount END), 0) AS expense_payment_amount,
       COALESCE(SUM(CASE WHEN er.claim_amount_identifier IS NOT NULL THEN ca.claim_amount END), 0) AS expense_reserve_amount
FROM oda_benchmark.acme_claim c
JOIN oda_benchmark.acme_claim_amount ca ON c.claim_identifier = ca.claim_identifier
LEFT JOIN oda_benchmark.acme_loss_payment lp ON ca.claim_amount_identifier = lp.claim_amount_identifier
LEFT JOIN oda_benchmark.acme_loss_reserve lr ON ca.claim_amount_identifier = lr.claim_amount_identifier
LEFT JOIN oda_benchmark.acme_expense_payment ep ON ca.claim_amount_identifier = ep.claim_amount_identifier
LEFT JOIN oda_benchmark.acme_expense_reserve er ON ca.claim_amount_identifier = er.claim_amount_identifier
JOIN oda_benchmark.acme_claim_coverage cc ON c.claim_identifier = cc.claim_identifier
JOIN oda_benchmark.acme_policy_coverage_detail pcd ON cc.policy_coverage_detail_identifier = pcd.policy_coverage_detail_identifier
JOIN oda_benchmark.acme_policy p ON pcd.policy_identifier = p.policy_identifier
JOIN oda_benchmark.acme_agreement_party_role ph_apr
  ON p.policy_identifier = ph_apr.agreement_identifier AND ph_apr.party_role_code = 'PH'
JOIN oda_benchmark.acme_agreement_party_role ag_apr
  ON p.policy_identifier = ag_apr.agreement_identifier AND ag_apr.party_role_code = 'AG'
JOIN oda_benchmark.acme_policy_amount pa ON p.policy_identifier = pa.policy_identifier
JOIN oda_benchmark.acme_premium pr ON pa.policy_amount_identifier = pr.policy_amount_identifier
GROUP BY c.company_claim_number, p.policy_number, ph_apr.party_identifier, ag_apr.party_identifier
ORDER BY c.company_claim_number ASC"
2,Q16,16,LQHS,dimension_listing,0,"What are the loss payment, loss reserve, expense payment, expense reserve amount by claim number and corresponding policy number, policy holder, premium amount paid, the catastrophe it had, and the agent who sold it?",1,0,1,0.0,0,"SELECT 
    c.company_claim_number,
    p.policy_number,
    ph.party_name AS policy_holder,
    pr.policy_amount AS premium_amount_paid,
    cat.catastrophe_name,
    ag.party_name AS agent,
    SUM(CASE WHEN lp.claim_amount_identifier IS NOT NULL THEN ca.claim_amount ELSE 0 END) AS loss_payment_amount,
    SUM(CASE WHEN lr.claim_amount_identifier IS NOT NULL THEN ca.claim_amount ELSE 0 END) AS loss_reserve_amount,
    SUM(CASE WHEN ep.claim_amount_identifier IS NOT NULL THEN ca.claim_amount ELSE 0 END) AS expense_payment_amount,
    SUM(CASE WHEN er.claim_amount_identifier IS NOT NULL THEN ca.claim_amount ELSE 0 END) AS expense_reserve_amount
FROM 
    oda_benchmark.acme_claim c
JOIN 
    oda_benchmark.acme_claim_coverage cc ON c.claim_identifier = cc.claim_identifier
JOIN 
    oda_benchmark.acme_policy_coverage_detail pcd ON cc.policy_coverage_detail_identifier = pcd.policy_coverage_detail_identifier
JOIN 
    oda_benchmark.acme_policy p ON pcd.policy_identifier = p.policy_identifier
JOIN 
    oda_benchmark.acme_agreement_party_role apr_ph ON p.policy_identifier = apr_ph.agreement_identifier AND apr_ph.party_role_code = 'PH'
JOIN 
    oda_benchmark.acme_party ph ON apr_ph.party_identifier = ph.party_identifier
JOIN 
    oda_benchmark.acme_agreement_party_role apr_ag ON p.policy_identifier = apr_ag.agreement_identifier AND apr_ag.party_role_code = 'AG'
JOIN 
    oda_benchmark.acme_party ag ON apr_ag.party_identifier = ag.party_identifier
JOIN 
    oda_benchmark.acme_policy_amount pa ON p.policy_identifier = pa.policy_identifier
JOIN 
    oda_benchmark.acme_premium pr ON pa.policy_amount_identifier = pr.policy_amount_identifier
LEFT JOIN 
    oda_benchmark.acme_claim_amount ca ON c.claim_identifier = ca.claim_identifier
LEFT JOIN 
    oda_benchmark.acme_loss_payment lp ON ca.claim_amount_identifier = lp.claim_amount_identifier
LEFT JOIN 
    oda_benchmark.acme_loss_reserve lr ON ca.claim_amount_identifier = lr.claim_amount_identifier
LEFT JOIN 
    oda_benchmark.acme_expense_payment ep ON ca.claim_amount_identifier = ep.claim_amount_identifier
LEFT JOIN 
    oda_benchmark.acme_expense_reserve er ON ca.claim_amount_identifier = er.claim_amount_identifier
LEFT JOIN 
    oda_benchmark.acme_catastrophe cat ON c.catastrophe_identifier = cat.catastrophe_identifier
GROUP BY 
    c.company_claim_number, p.policy_number, ph.party_name, pr.policy_amount, cat.catastrophe_name, ag.party_name
ORDER BY 
    c.company_claim_number;","SELECT c.company_claim_number,
       p.policy_number,
       ph_apr.party_identifier AS policyholder_id,
       ag_apr.party_identifier AS agent_id,
       cat.catastrophe_name,
       SUM(DISTINCT pa.policy_amount) AS premium_amount,
       COALESCE(SUM(CASE WHEN lp.claim_amount_identifier IS NOT NULL THEN ca.claim_amount END), 0) AS loss_payment_amount,
       COALESCE(SUM(CASE WHEN lr.claim_amount_identifier IS NOT NULL THEN ca.claim_amount END), 0) AS loss_reserve_amount,
       COALESCE(SUM(CASE WHEN ep.claim_amount_identifier IS NOT NULL THEN ca.claim_amount END), 0) AS expense_payment_amount,
       COALESCE(SUM(CASE WHEN er.claim_amount_identifier IS NOT NULL THEN ca.claim_amount END), 0) AS expense_reserve_amount
FROM oda_benchmark.acme_claim c
JOIN oda_benchmark.acme_claim_amount ca ON c.claim_identifier = ca.claim_identifier
LEFT JOIN oda_benchmark.acme_loss_payment lp ON ca.claim_amount_identifier = lp.claim_amount_identifier
LEFT JOIN oda_benchmark.acme_loss_reserve lr ON ca.claim_amount_identifier = lr.claim_amount_identifier
LEFT JOIN oda_benchmark.acme_expense_payment ep ON ca.claim_amount_identifier = ep.claim_amount_identifier
LEFT JOIN oda_benchmark.acme_expense_reserve er ON ca.claim_amount_identifier = er.claim_amount_identifier
LEFT JOIN oda_benchmark.acme_catastrophe cat ON c.catastrophe_identifier = cat.catastrophe_identifier
JOIN oda_benchmark.acme_claim_coverage cc ON c.claim_identifier = cc.claim_identifier
JOIN oda_benchmark.acme_policy_coverage_detail pcd ON cc.policy_coverage_detail_identifier = pcd.policy_coverage_detail_identifier
JOIN oda_benchmark.acme_policy p ON pcd.policy_identifier = p.policy_identifier
JOIN oda_benchmark.acme_agreement_party_role ph_apr
  ON p.policy_identifier = ph_apr.agreement_identifier AND ph_apr.party_role_code = 'PH'
JOIN oda_benchmark.acme_agreement_party_role ag_apr
  ON p.policy_identifier = ag_apr.agreement_identifier AND ag_apr.party_role_code = 'AG'
JOIN oda_benchmark.acme_policy_amount pa ON p.policy_identifier = pa.policy_identifier
JOIN oda_benchmark.acme_premium pr ON pa.policy_amount_identifier = pr.policy_amount_identifier
GROUP BY c.company_claim_number, p.policy_number, ph_apr.party_identifier, ag_apr.party_identifier, cat.catastrophe_name
ORDER BY c.company_claim_number ASC"
2,Q17,17,LQHS,dimension_listing,0,Return policy holders and the claims they have made and the corresponding catastrophe,1,1,1,0.0,0,"SELECT apr.party_identifier AS policy_holder_id, 
       c.company_claim_number AS claim_number, 
       cat.catastrophe_name
FROM oda_benchmark.acme_agreement_party_role apr
JOIN oda_benchmark.acme_claim_coverage cc ON apr.agreement_identifier = cc.policy_coverage_detail_identifier
JOIN oda_benchmark.acme_claim c ON cc.claim_identifier = c.claim_identifier
LEFT JOIN oda_benchmark.acme_catastrophe cat ON c.catastrophe_identifier = cat.catastrophe_identifier
WHERE apr.party_role_code = 'PH';","SELECT apr.party_identifier AS policyholder_id,
       c.company_claim_number,
       cat.catastrophe_name
FROM oda_benchmark.acme_claim c
LEFT JOIN oda_benchmark.acme_catastrophe cat ON c.catastrophe_identifier = cat.catastrophe_identifier
JOIN oda_benchmark.acme_claim_coverage cc ON c.claim_identifier = cc.claim_identifier
JOIN oda_benchmark.acme_policy_coverage_detail pcd ON cc.policy_coverage_detail_identifier = pcd.policy_coverage_detail_identifier
JOIN oda_benchmark.acme_policy p ON pcd.policy_identifier = p.policy_identifier
JOIN oda_benchmark.acme_agreement_party_role apr ON p.policy_identifier = apr.agreement_identifier
WHERE apr.party_role_code = 'PH'
ORDER BY apr.party_identifier ASC"
2,Q18,18,LQHS,dimension_listing,0,Return agents and the policy they have sold that have had a claim and the corresponding catastrophe it had.,1,0,1,0.0,0,"SELECT DISTINCT apr.party_identifier AS agent_id, 
                p.policy_number, 
                c.company_claim_number, 
                cat.catastrophe_name
FROM oda_benchmark.acme_agreement_party_role apr
JOIN oda_benchmark.acme_policy p ON apr.agreement_identifier = p.policy_identifier
JOIN oda_benchmark.acme_claim_coverage cc ON p.policy_identifier = cc.policy_identifier
JOIN oda_benchmark.acme_claim c ON cc.claim_identifier = c.claim_identifier
JOIN oda_benchmark.acme_catastrophe cat ON c.catastrophe_identifier = cat.catastrophe_identifier
WHERE apr.party_role_code = 'AG';","SELECT apr.party_identifier AS agent_id,
       p.policy_number,
       c.company_claim_number,
       cat.catastrophe_name
FROM oda_benchmark.acme_claim c
LEFT JOIN oda_benchmark.acme_catastrophe cat ON c.catastrophe_identifier = cat.catastrophe_identifier
JOIN oda_benchmark.acme_claim_coverage cc ON c.claim_identifier = cc.claim_identifier
JOIN oda_benchmark.acme_policy_coverage_detail pcd ON cc.policy_coverage_detail_identifier = pcd.policy_coverage_detail_identifier
JOIN oda_benchmark.acme_policy p ON pcd.policy_identifier = p.policy_identifier
JOIN oda_benchmark.acme_agreement_party_role apr ON p.policy_identifier = apr.agreement_identifier
WHERE apr.party_role_code = 'AG'
ORDER BY apr.party_identifier ASC"
2,Q19,19,LQHS,dimension_listing,0,"Return agents and the policies they have sold that have had a claim and the corresponding loss payment amount by agent id, policy number and claim number",1,0,1,0.0,0,"SELECT 
    apr.party_identifier AS agent_id,
    p.policy_number,
    c.company_claim_number,
    SUM(ca.claim_amount) AS total_loss_payment_amount
FROM 
    oda_benchmark.acme_agreement_party_role apr
JOIN 
    oda_benchmark.acme_policy p ON apr.agreement_identifier = p.policy_identifier
JOIN 
    oda_benchmark.acme_claim_coverage cc ON p.policy_identifier = cc.policy_identifier
JOIN 
    oda_benchmark.acme_claim c ON cc.claim_identifier = c.claim_identifier
JOIN 
    oda_benchmark.acme_claim_amount ca ON c.claim_identifier = ca.claim_identifier
JOIN 
    oda_benchmark.acme_loss_payment lp ON ca.claim_amount_identifier = lp.claim_amount_identifier
WHERE 
    apr.party_role_code = 'AG'
GROUP BY 
    apr.party_identifier, p.policy_number, c.company_claim_number
ORDER BY 
    apr.party_identifier, p.policy_number, c.company_claim_number;","SELECT apr.party_identifier AS agent_id,
       p.policy_number,
       c.company_claim_number,
       SUM(ca.claim_amount) AS loss_payment_amount
FROM oda_benchmark.acme_claim c
JOIN oda_benchmark.acme_claim_coverage cc ON c.claim_identifier = cc.claim_identifier
JOIN oda_benchmark.acme_policy_coverage_detail pcd ON cc.policy_coverage_detail_identifier = pcd.policy_coverage_detail_identifier
JOIN oda_benchmark.acme_policy p ON pcd.policy_identifier = p.policy_identifier
JOIN oda_benchmark.acme_agreement_party_role apr ON p.policy_identifier = apr.agreement_identifier
JOIN oda_benchmark.acme_claim_amount ca ON c.claim_identifier = ca.claim_identifier
JOIN oda_benchmark.acme_loss_payment lp ON ca.claim_amount_identifier = lp.claim_amount_identifier
WHERE apr.party_role_code = 'AG'
GROUP BY apr.party_identifier, p.policy_number, c.company_claim_number
ORDER BY apr.party_identifier ASC"
2,Q20,20,LQHS,dimension_listing,0,"Return agents and the policy they have sold that have had a claim and the corresponding loss reserve amount by agent id, policy number and claim number",1,0,1,0.0,0,"SELECT 
    apr.party_identifier AS agent_id,
    p.policy_number,
    c.company_claim_number,
    SUM(cla.claim_amount) AS total_loss_reserve_amount
FROM 
    oda_benchmark.acme_agreement_party_role apr
JOIN 
    oda_benchmark.acme_policy p ON apr.agreement_identifier = p.policy_identifier
JOIN 
    oda_benchmark.acme_claim_coverage cc ON p.policy_identifier = cc.policy_identifier
JOIN 
    oda_benchmark.acme_claim c ON cc.claim_identifier = c.claim_identifier
JOIN 
    oda_benchmark.acme_claim_amount cla ON c.claim_identifier = cla.claim_identifier
JOIN 
    oda_benchmark.acme_loss_reserve lr ON cla.claim_amount_identifier = lr.claim_amount_identifier
WHERE 
    apr.party_role_code = 'AG'
GROUP BY 
    apr.party_identifier, p.policy_number, c.company_claim_number
ORDER BY 
    apr.party_identifier, p.policy_number, c.company_claim_number;","SELECT apr.party_identifier AS agent_id,
       p.policy_number,
       c.company_claim_number,
       SUM(ca.claim_amount) AS loss_reserve_amount
FROM oda_benchmark.acme_claim c
JOIN oda_benchmark.acme_claim_coverage cc ON c.claim_identifier = cc.claim_identifier
JOIN oda_benchmark.acme_policy_coverage_detail pcd ON cc.policy_coverage_detail_identifier = pcd.policy_coverage_detail_identifier
JOIN oda_benchmark.acme_policy p ON pcd.policy_identifier = p.policy_identifier
JOIN oda_benchmark.acme_agreement_party_role apr ON p.policy_identifier = apr.agreement_identifier
JOIN oda_benchmark.acme_claim_amount ca ON c.claim_identifier = ca.claim_identifier
JOIN oda_benchmark.acme_loss_reserve lr ON ca.claim_amount_identifier = lr.claim_amount_identifier
WHERE apr.party_role_code = 'AG'
GROUP BY apr.party_identifier, p.policy_number, c.company_claim_number
ORDER BY apr.party_identifier ASC"
2,Q21,21,LQHS,dimension_listing,0,"Return agents and the policy they have sold that have had a claim and the corresponding expense payment amount by agent id, policy number and claim number",1,0,1,0.0,0,"SELECT 
    apr.party_identifier AS agent_id,
    p.policy_number,
    c.company_claim_number,
    COALESCE(SUM(ca.claim_amount), 0) AS total_expense_payment_amount
FROM 
    oda_benchmark.acme_agreement_party_role apr
JOIN 
    oda_benchmark.acme_policy p ON apr.agreement_identifier = p.policy_identifier
JOIN 
    oda_benchmark.acme_claim_coverage cc ON p.policy_identifier = cc.policy_identifier
JOIN 
    oda_benchmark.acme_claim c ON cc.claim_identifier = c.claim_identifier
JOIN 
    oda_benchmark.acme_claim_amount ca ON c.claim_identifier = ca.claim_identifier
JOIN 
    oda_benchmark.acme_expense_payment ep ON ca.claim_amount_identifier = ep.claim_amount_identifier
WHERE 
    apr.party_role_code = 'AG'
GROUP BY 
    apr.party_identifier, p.policy_number, c.company_claim_number
ORDER BY 
    apr.party_identifier, p.policy_number, c.company_claim_number;","SELECT apr.party_identifier AS agent_id,
       p.policy_number,
       c.company_claim_number,
       SUM(ca.claim_amount) AS expense_payment_amount
FROM oda_benchmark.acme_claim c
JOIN oda_benchmark.acme_claim_coverage cc ON c.claim_identifier = cc.claim_identifier
JOIN oda_benchmark.acme_policy_coverage_detail pcd ON cc.policy_coverage_detail_identifier = pcd.policy_coverage_detail_identifier
JOIN oda_benchmark.acme_policy p ON pcd.policy_identifier = p.policy_identifier
JOIN oda_benchmark.acme_agreement_party_role apr ON p.policy_identifier = apr.agreement_identifier
JOIN oda_benchmark.acme_claim_amount ca ON c.claim_identifier = ca.claim_identifier
JOIN oda_benchmark.acme_expense_payment ep ON ca.claim_amount_identifier = ep.claim_amount_identifier
WHERE apr.party_role_code = 'AG'
GROUP BY apr.party_identifier, p.policy_number, c.company_claim_number
ORDER BY apr.party_identifier ASC"
2,Q22,22,LQHS,dimension_listing,0,"Return agents and the policy they have sold that have had a claim and the corresponding expense reserve amount by agent id, policy number and claim number",1,0,1,0.0,0,"SELECT 
    apr.party_identifier AS agent_id,
    p.policy_number,
    c.company_claim_number,
    SUM(era.claim_amount) AS total_expense_reserve_amount
FROM 
    oda_benchmark.acme_agreement_party_role apr
JOIN 
    oda_benchmark.acme_policy p ON apr.agreement_identifier = p.policy_identifier
JOIN 
    oda_benchmark.acme_claim_coverage cc ON p.policy_identifier = cc.policy_identifier
JOIN 
    oda_benchmark.acme_claim c ON cc.claim_identifier = c.claim_identifier
JOIN 
    oda_benchmark.acme_claim_amount ca ON c.claim_identifier = ca.claim_identifier
JOIN 
    oda_benchmark.acme_expense_reserve er ON ca.claim_amount_identifier = er.claim_amount_identifier
JOIN 
    oda_benchmark.acme_claim_amount era ON er.claim_amount_identifier = era.claim_amount_identifier
WHERE 
    apr.party_role_code = 'AG'
GROUP BY 
    apr.party_identifier, p.policy_number, c.company_claim_number
ORDER BY 
    apr.party_identifier, p.policy_number, c.company_claim_number;","SELECT apr.party_identifier AS agent_id,
       p.policy_number,
       c.company_claim_number,
       SUM(ca.claim_amount) AS expense_reserve_amount
FROM oda_benchmark.acme_claim c
JOIN oda_benchmark.acme_claim_coverage cc ON c.claim_identifier = cc.claim_identifier
JOIN oda_benchmark.acme_policy_coverage_detail pcd ON cc.policy_coverage_detail_identifier = pcd.policy_coverage_detail_identifier
JOIN oda_benchmark.acme_policy p ON pcd.policy_identifier = p.policy_identifier
JOIN oda_benchmark.acme_agreement_party_role apr ON p.policy_identifier = apr.agreement_identifier
JOIN oda_benchmark.acme_claim_amount ca ON c.claim_identifier = ca.claim_identifier
JOIN oda_benchmark.acme_expense_reserve er ON ca.claim_amount_identifier = er.claim_amount_identifier
WHERE apr.party_role_code = 'AG'
GROUP BY apr.party_identifier, p.policy_number, c.company_claim_number
ORDER BY apr.party_identifier ASC"
2,Q23,23,HQLS,aggregate,0,How many claims do we have?,1,1,1,1.0,1,SELECT COUNT(company_claim_number) AS claim_count FROM oda_benchmark.acme_claim,"SELECT COUNT(company_claim_number) AS claim_count
FROM oda_benchmark.acme_claim"
2,Q24,24,HQLS,aggregate,0,How many policies do we have?,1,1,1,0.0,0,SELECT COUNT(policy_identifier) AS policy_count FROM oda_benchmark.acme_policy,"SELECT COUNT(*) AS number_of_policies
FROM oda_benchmark.acme_policy"
2,Q25,25,HQLS,aggregate,0,How many claims have been placed by policy number?,1,1,1,1.0,1,"SELECT p.policy_number, COUNT(DISTINCT c.claim_identifier) AS claim_count
FROM oda_benchmark.acme_policy p
JOIN oda_benchmark.acme_policy_coverage_detail pcd ON p.policy_identifier = pcd.policy_identifier
JOIN oda_benchmark.acme_claim_coverage cc ON pcd.policy_coverage_detail_identifier = cc.policy_coverage_detail_identifier
JOIN oda_benchmark.acme_claim c ON cc.claim_identifier = c.claim_identifier
GROUP BY p.policy_number
ORDER BY claim_count DESC","SELECT p.policy_number, COUNT(c.company_claim_number) AS claim_count
FROM oda_benchmark.acme_claim c
JOIN oda_benchmark.acme_claim_coverage cc ON c.claim_identifier = cc.claim_identifier
JOIN oda_benchmark.acme_policy_coverage_detail pcd ON cc.policy_coverage_detail_identifier = pcd.policy_coverage_detail_identifier
JOIN oda_benchmark.acme_policy p ON pcd.policy_identifier = p.policy_identifier
GROUP BY p.policy_number
ORDER BY claim_count DESC"
2,Q26,26,HQLS,aggregate,0,How many policies have agents sold by agent id?,1,1,1,1.0,1,"SELECT party_identifier, COUNT(DISTINCT agreement_identifier) AS policy_count
   FROM oda_benchmark.acme_agreement_party_role
   WHERE party_role_code = 'AG'
   GROUP BY party_identifier
   ORDER BY policy_count DESC","SELECT party_identifier, COUNT(DISTINCT agreement_identifier) AS policy_count
FROM oda_benchmark.acme_agreement_party_role
WHERE party_role_code = 'AG'
GROUP BY party_identifier
ORDER BY policy_count DESC"
2,Q28,28,HQLS,aggregate,0,What is the total amount of premiums paid by policy number?,1,1,1,1.0,1,"SELECT p.policy_number, SUM(pa.policy_amount) AS total_policy_amount
   FROM oda_benchmark.acme_policy p
   JOIN oda_benchmark.acme_policy_amount pa ON p.policy_identifier = pa.policy_identifier
   JOIN oda_benchmark.acme_premium pr ON pa.policy_amount_identifier = pr.policy_amount_identifier
   GROUP BY p.policy_number
   ORDER BY total_policy_amount DESC","SELECT p.policy_number, SUM(pa.policy_amount) AS total_policy_amount
FROM oda_benchmark.acme_policy p
JOIN oda_benchmark.acme_policy_amount pa ON p.policy_identifier = pa.policy_identifier
JOIN oda_benchmark.acme_premium pr ON pa.policy_amount_identifier = pr.policy_amount_identifier
GROUP BY p.policy_number
ORDER BY total_policy_amount DESC"
2,Q32,32,HQLS,aggregate,0,What is the average time to settle a claim by policy number?,1,1,1,0.0,0,"SELECT p.policy_number, AVG(claim_close_date - claim_open_date) AS average_settlement_time
FROM oda_benchmark.acme_claim c
JOIN oda_benchmark.acme_claim_coverage cc ON c.claim_identifier = cc.claim_identifier
JOIN oda_benchmark.acme_policy p ON cc.policy_coverage_detail_identifier = p.policy_identifier
WHERE claim_close_date IS NOT NULL
GROUP BY p.policy_number;","SELECT p.policy_number, AVG(EXTRACT(DAY FROM (c.claim_close_date - c.claim_open_date))) AS avg_days_to_settle
FROM oda_benchmark.acme_claim c
JOIN oda_benchmark.acme_claim_coverage cc ON c.claim_identifier = cc.claim_identifier
JOIN oda_benchmark.acme_policy_coverage_detail pcd ON cc.policy_coverage_detail_identifier = pcd.policy_coverage_detail_identifier
JOIN oda_benchmark.acme_policy p ON pcd.policy_identifier = p.policy_identifier
GROUP BY p.policy_number
ORDER BY avg_days_to_settle DESC"
2,Q31,31,HQLS,aggregate,0,"What is the total loss amounts, which is the sum of loss payment, loss reserve amount by claim number?",1,1,1,1.0,1,"SELECT c.company_claim_number, 
       SUM(ca.claim_amount) AS total_loss_amount
FROM oda_benchmark.acme_claim c
JOIN oda_benchmark.acme_claim_amount ca ON c.claim_identifier = ca.claim_identifier
LEFT JOIN oda_benchmark.acme_loss_payment lp ON ca.claim_amount_identifier = lp.claim_amount_identifier
LEFT JOIN oda_benchmark.acme_loss_reserve lr ON ca.claim_amount_identifier = lr.claim_amount_identifier
WHERE lp.claim_amount_identifier IS NOT NULL OR lr.claim_amount_identifier IS NOT NULL
GROUP BY c.company_claim_number
ORDER BY total_loss_amount DESC;","SELECT c.company_claim_number,
       COALESCE(SUM(CASE WHEN lp.claim_amount_identifier IS NOT NULL THEN ca.claim_amount END), 0) +
       COALESCE(SUM(CASE WHEN lr.claim_amount_identifier IS NOT NULL THEN ca.claim_amount END), 0) AS total_loss_amount
FROM oda_benchmark.acme_claim c
JOIN oda_benchmark.acme_claim_amount ca ON c.claim_identifier = ca.claim_identifier
LEFT JOIN oda_benchmark.acme_loss_payment lp ON ca.claim_amount_identifier = lp.claim_amount_identifier
LEFT JOIN oda_benchmark.acme_loss_reserve lr ON ca.claim_amount_identifier = lr.claim_amount_identifier
GROUP BY c.company_claim_number
HAVING COALESCE(SUM(CASE WHEN lp.claim_amount_identifier IS NOT NULL THEN ca.claim_amount END), 0) +
       COALESCE(SUM(CASE WHEN lr.claim_amount_identifier IS NOT NULL THEN ca.claim_amount END), 0) > 0
ORDER BY total_loss_amount DESC"
2,Q29,29,HQLS,aggregate,0,What is the total amount of premiums that a policy holder has paid?,1,1,1,0.0,0,"SELECT apr.party_identifier, SUM(pa.policy_amount) AS total_premium_paid
FROM oda_benchmark.acme_agreement_party_role apr
JOIN oda_benchmark.acme_policy_amount pa ON apr.agreement_identifier = pa.policy_identifier
JOIN oda_benchmark.acme_premium pr ON pa.policy_amount_identifier = pr.policy_amount_identifier
WHERE apr.party_role_code = 'PH'
GROUP BY apr.party_identifier
ORDER BY total_premium_paid DESC","SELECT apr.party_identifier, SUM(pa.policy_amount) AS total_policy_amount
FROM oda_benchmark.acme_agreement_party_role apr
JOIN oda_benchmark.acme_policy p ON apr.agreement_identifier = p.policy_identifier
JOIN oda_benchmark.acme_policy_amount pa ON p.policy_identifier = pa.policy_identifier
JOIN oda_benchmark.acme_premium pr ON pa.policy_amount_identifier = pr.policy_amount_identifier
WHERE apr.party_role_code = 'PH'
GROUP BY apr.party_identifier
ORDER BY total_policy_amount DESC"
2,Q30,30,HQLS,aggregate,0,What is the total amount of premiums that a policy holder has paid by policy number?,1,1,1,0.0,0,"SELECT p.policy_number, SUM(pa.policy_amount) AS total_policy_amount
FROM oda_benchmark.acme_policy p
JOIN oda_benchmark.acme_policy_amount pa ON p.policy_identifier = pa.policy_identifier
JOIN oda_benchmark.acme_premium pr ON pa.policy_amount_identifier = pr.policy_amount_identifier
JOIN oda_benchmark.acme_agreement_party_role apr ON p.policy_identifier = apr.agreement_identifier
WHERE apr.party_role_code = 'PH'
GROUP BY p.policy_number
ORDER BY total_policy_amount DESC","SELECT p.policy_number, apr.party_identifier, SUM(pa.policy_amount) AS total_policy_amount
FROM oda_benchmark.acme_agreement_party_role apr
JOIN oda_benchmark.acme_policy p ON apr.agreement_identifier = p.policy_identifier
JOIN oda_benchmark.acme_policy_amount pa ON p.policy_identifier = pa.policy_identifier
JOIN oda_benchmark.acme_premium pr ON pa.policy_amount_identifier = pr.policy_amount_identifier
WHERE apr.party_role_code = 'PH'
GROUP BY p.policy_number, apr.party_identifier
ORDER BY total_policy_amount DESC"
2,Q27,27,HQLS,aggregate,0,How many policies does each policy holder have by policy holder id?,1,1,1,1.0,1,"SELECT party_identifier, COUNT(DISTINCT agreement_identifier) AS policy_count
FROM oda_benchmark.acme_agreement_party_role
WHERE party_role_code = 'PH'
GROUP BY party_identifier
ORDER BY policy_count DESC","SELECT party_identifier, COUNT(DISTINCT agreement_identifier) AS policy_count
FROM oda_benchmark.acme_agreement_party_role
WHERE party_role_code = 'PH'
GROUP BY party_identifier
ORDER BY policy_count DESC"
2,Q33,33,HQLS,aggregate,0,What is the average policy size which is the total amount of premium divided by the number of policies?,1,1,1,0.0,0,"SELECT SUM(pa.policy_amount) / COUNT(DISTINCT p.policy_identifier) AS average_policy_size
FROM oda_benchmark.acme_policy p
JOIN oda_benchmark.acme_policy_amount pa ON p.policy_identifier = pa.policy_identifier
JOIN oda_benchmark.acme_premium pr ON pa.policy_amount_identifier = pr.policy_amount_identifier;","SELECT SUM(pa.policy_amount) / NULLIF(COUNT(DISTINCT pa.policy_identifier), 0) AS avg_policy_size
FROM oda_benchmark.acme_policy_amount pa
JOIN oda_benchmark.acme_premium pr ON pa.policy_amount_identifier = pr.policy_amount_identifier"
2,Q34,34,HQHS,aggregate,0,"What is the total loss of each claim by claim number where total loss is the sum of loss payment, loss reserve, expense payment, expense reserve amount?",1,1,1,1.0,1,"SELECT c.company_claim_number, 
       SUM(ca.claim_amount) AS total_loss
FROM oda_benchmark.acme_claim c
JOIN oda_benchmark.acme_claim_amount ca ON c.claim_identifier = ca.claim_identifier
LEFT JOIN oda_benchmark.acme_loss_payment lp ON ca.claim_amount_identifier = lp.claim_amount_identifier
LEFT JOIN oda_benchmark.acme_loss_reserve lr ON ca.claim_amount_identifier = lr.claim_amount_identifier
LEFT JOIN oda_benchmark.acme_expense_payment ep ON ca.claim_amount_identifier = ep.claim_amount_identifier
LEFT JOIN oda_benchmark.acme_expense_reserve er ON ca.claim_amount_identifier = er.claim_amount_identifier
WHERE lp.claim_amount_identifier IS NOT NULL 
   OR lr.claim_amount_identifier IS NOT NULL 
   OR ep.claim_amount_identifier IS NOT NULL 
   OR er.claim_amount_identifier IS NOT NULL
GROUP BY c.company_claim_number
ORDER BY total_loss DESC;","SELECT c.company_claim_number,
       COALESCE(SUM(CASE WHEN lp.claim_amount_identifier IS NOT NULL THEN ca.claim_amount END), 0) +
       COALESCE(SUM(CASE WHEN lr.claim_amount_identifier IS NOT NULL THEN ca.claim_amount END), 0) +
       COALESCE(SUM(CASE WHEN ep.claim_amount_identifier IS NOT NULL THEN ca.claim_amount END), 0) +
       COALESCE(SUM(CASE WHEN er.claim_amount_identifier IS NOT NULL THEN ca.claim_amount END), 0) AS total_loss
FROM oda_benchmark.acme_claim c
JOIN oda_benchmark.acme_claim_amount ca ON c.claim_identifier = ca.claim_identifier
LEFT JOIN oda_benchmark.acme_loss_payment lp ON ca.claim_amount_identifier = lp.claim_amount_identifier
LEFT JOIN oda_benchmark.acme_loss_reserve lr ON ca.claim_amount_identifier = lr.claim_amount_identifier
LEFT JOIN oda_benchmark.acme_expense_payment ep ON ca.claim_amount_identifier = ep.claim_amount_identifier
LEFT JOIN oda_benchmark.acme_expense_reserve er ON ca.claim_amount_identifier = er.claim_amount_identifier
GROUP BY c.company_claim_number
ORDER BY total_loss DESC"
2,Q35,35,HQHS,aggregate,0,"What is the average loss of each policy by policy number where loss is the sum of loss payment, loss reserve, expense payment, expense reserve amounts?",1,1,1,0.0,0,"SELECT 
    p.policy_number, 
    AVG(claim_loss.total_loss) AS average_loss
FROM 
    oda_benchmark.acme_policy p
JOIN 
    oda_benchmark.acme_policy_coverage_detail pcd ON p.policy_identifier = pcd.policy_identifier
JOIN 
    oda_benchmark.acme_claim_coverage cc ON pcd.policy_coverage_detail_identifier = cc.policy_coverage_detail_identifier
JOIN 
    oda_benchmark.acme_claim c ON cc.claim_identifier = c.claim_identifier
JOIN (
    SELECT 
        ca.claim_identifier, 
        SUM(ca.claim_amount) AS total_loss
    FROM 
        oda_benchmark.acme_claim_amount ca
    LEFT JOIN 
        oda_benchmark.acme_loss_payment lp ON ca.claim_amount_identifier = lp.claim_amount_identifier
    LEFT JOIN 
        oda_benchmark.acme_loss_reserve lr ON ca.claim_amount_identifier = lr.claim_amount_identifier
    LEFT JOIN 
        oda_benchmark.acme_expense_payment ep ON ca.claim_amount_identifier = ep.claim_amount_identifier
    LEFT JOIN 
        oda_benchmark.acme_expense_reserve er ON ca.claim_amount_identifier = er.claim_amount_identifier
    WHERE 
        lp.claim_amount_identifier IS NOT NULL OR 
        lr.claim_amount_identifier IS NOT NULL OR 
        ep.claim_amount_identifier IS NOT NULL OR 
        er.claim_amount_identifier IS NOT NULL
    GROUP BY 
        ca.claim_identifier
) AS claim_loss ON c.claim_identifier = claim_loss.claim_identifier
GROUP BY 
    p.policy_number
ORDER BY 
    average_loss DESC;","WITH claim_loss AS (
  SELECT ca.claim_identifier,
         COALESCE(SUM(CASE WHEN lp.claim_amount_identifier IS NOT NULL THEN ca.claim_amount END), 0) +
         COALESCE(SUM(CASE WHEN lr.claim_amount_identifier IS NOT NULL THEN ca.claim_amount END), 0) +
         COALESCE(SUM(CASE WHEN ep.claim_amount_identifier IS NOT NULL THEN ca.claim_amount END), 0) +
         COALESCE(SUM(CASE WHEN er.claim_amount_identifier IS NOT NULL THEN ca.claim_amount END), 0) AS full_loss
  FROM oda_benchmark.acme_claim_amount ca
  LEFT JOIN oda_benchmark.acme_loss_payment lp ON ca.claim_amount_identifier = lp.claim_amount_identifier
  LEFT JOIN oda_benchmark.acme_loss_reserve lr ON ca.claim_amount_identifier = lr.claim_amount_identifier
  LEFT JOIN oda_benchmark.acme_expense_payment ep ON ca.claim_amount_identifier = ep.claim_amount_identifier
  LEFT JOIN oda_benchmark.acme_expense_reserve er ON ca.claim_amount_identifier = er.claim_amount_identifier
  GROUP BY ca.claim_identifier
)
SELECT p.policy_number,
       AVG(cl.full_loss) AS avg_loss
FROM oda_benchmark.acme_claim c
JOIN claim_loss cl ON c.claim_identifier = cl.claim_identifier
JOIN oda_benchmark.acme_claim_coverage cc ON c.claim_identifier = cc.claim_identifier
JOIN oda_benchmark.acme_policy_coverage_detail pcd ON cc.policy_coverage_detail_identifier = pcd.policy_coverage_detail_identifier
JOIN oda_benchmark.acme_policy p ON pcd.policy_identifier = p.policy_identifier
GROUP BY p.policy_number
ORDER BY avg_loss DESC"
2,Q36,36,HQHS,aggregate,0,"What is the total loss of each policy by policy number where total loss is the sum of loss payment, loss reserve, expense payment, expense reserve amounts?",1,0,1,0.0,0,"SELECT 
    p.policy_number, 
    SUM(ca.claim_amount) AS total_loss
FROM 
    oda_benchmark.acme_policy p
JOIN 
    oda_benchmark.acme_claim_coverage cc ON p.policy_identifier = cc.policy_identifier
JOIN 
    oda_benchmark.acme_claim c ON cc.claim_identifier = c.claim_identifier
JOIN 
    oda_benchmark.acme_claim_amount ca ON c.claim_identifier = ca.claim_identifier
LEFT JOIN 
    oda_benchmark.acme_loss_payment lp ON ca.claim_amount_identifier = lp.claim_amount_identifier
LEFT JOIN 
    oda_benchmark.acme_loss_reserve lr ON ca.claim_amount_identifier = lr.claim_amount_identifier
LEFT JOIN 
    oda_benchmark.acme_expense_payment ep ON ca.claim_amount_identifier = ep.claim_amount_identifier
LEFT JOIN 
    oda_benchmark.acme_expense_reserve er ON ca.claim_amount_identifier = er.claim_amount_identifier
WHERE 
    lp.claim_amount_identifier IS NOT NULL 
    OR lr.claim_amount_identifier IS NOT NULL 
    OR ep.claim_amount_identifier IS NOT NULL 
    OR er.claim_amount_identifier IS NOT NULL
GROUP BY 
    p.policy_number
ORDER BY 
    total_loss DESC;","SELECT p.policy_number,
       COALESCE(SUM(CASE WHEN lp.claim_amount_identifier IS NOT NULL THEN ca.claim_amount END), 0) +
       COALESCE(SUM(CASE WHEN lr.claim_amount_identifier IS NOT NULL THEN ca.claim_amount END), 0) +
       COALESCE(SUM(CASE WHEN ep.claim_amount_identifier IS NOT NULL THEN ca.claim_amount END), 0) +
       COALESCE(SUM(CASE WHEN er.claim_amount_identifier IS NOT NULL THEN ca.claim_amount END), 0) AS total_loss
FROM oda_benchmark.acme_claim c
JOIN oda_benchmark.acme_claim_amount ca ON c.claim_identifier = ca.claim_identifier
LEFT JOIN oda_benchmark.acme_loss_payment lp ON ca.claim_amount_identifier = lp.claim_amount_identifier
LEFT JOIN oda_benchmark.acme_loss_reserve lr ON ca.claim_amount_identifier = lr.claim_amount_identifier
LEFT JOIN oda_benchmark.acme_expense_payment ep ON ca.claim_amount_identifier = ep.claim_amount_identifier
LEFT JOIN oda_benchmark.acme_expense_reserve er ON ca.claim_amount_identifier = er.claim_amount_identifier
JOIN oda_benchmark.acme_claim_coverage cc ON c.claim_identifier = cc.claim_identifier
JOIN oda_benchmark.acme_policy_coverage_detail pcd ON cc.policy_coverage_detail_identifier = pcd.policy_coverage_detail_identifier
JOIN oda_benchmark.acme_policy p ON pcd.policy_identifier = p.policy_identifier
GROUP BY p.policy_number
ORDER BY total_loss DESC"
2,Q37,37,HQHS,aggregate,0,"What are the total loss, which is the sum of loss payment, loss reserve, expense payment, expense reserve amount by claim number and corresponding policy number, policy holder and premium amount paid?",1,0,1,0.0,0,"SELECT 
    c.company_claim_number,
    p.policy_number,
    ph.party_name AS policy_holder,
    pr.policy_amount AS premium_amount_paid,
    COALESCE(SUM(CASE WHEN lp.claim_amount_identifier IS NOT NULL THEN ca.claim_amount ELSE 0 END), 0) AS total_loss_payment,
    COALESCE(SUM(CASE WHEN lr.claim_amount_identifier IS NOT NULL THEN ca.claim_amount ELSE 0 END), 0) AS total_loss_reserve,
    COALESCE(SUM(CASE WHEN ep.claim_amount_identifier IS NOT NULL THEN ca.claim_amount ELSE 0 END), 0) AS total_expense_payment,
    COALESCE(SUM(CASE WHEN er.claim_amount_identifier IS NOT NULL THEN ca.claim_amount ELSE 0 END), 0) AS total_expense_reserve
FROM 
    oda_benchmark.acme_claim c
JOIN 
    oda_benchmark.acme_claim_coverage cc ON c.claim_identifier = cc.claim_identifier
JOIN 
    oda_benchmark.acme_policy_coverage_detail pcd ON cc.policy_coverage_detail_identifier = pcd.policy_coverage_detail_identifier
JOIN 
    oda_benchmark.acme_policy p ON pcd.policy_identifier = p.policy_identifier
JOIN 
    oda_benchmark.acme_agreement_party_role apr ON p.policy_identifier = apr.agreement_identifier AND apr.party_role_code = 'PH'
JOIN 
    oda_benchmark.acme_party ph ON apr.party_identifier = ph.party_identifier
LEFT JOIN 
    oda_benchmark.acme_policy_amount pa ON p.policy_identifier = pa.policy_identifier
LEFT JOIN 
    oda_benchmark.acme_premium pr ON pa.policy_amount_identifier = pr.policy_amount_identifier
LEFT JOIN 
    oda_benchmark.acme_claim_amount ca ON c.claim_identifier = ca.claim_identifier
LEFT JOIN 
    oda_benchmark.acme_loss_payment lp ON ca.claim_amount_identifier = lp.claim_amount_identifier
LEFT JOIN 
    oda_benchmark.acme_loss_reserve lr ON ca.claim_amount_identifier = lr.claim_amount_identifier
LEFT JOIN 
    oda_benchmark.acme_expense_payment ep ON ca.claim_amount_identifier = ep.claim_amount_identifier
LEFT JOIN 
    oda_benchmark.acme_expense_reserve er ON ca.claim_amount_identifier = er.claim_amount_identifier
GROUP BY 
    c.company_claim_number, p.policy_number, ph.party_name, pr.policy_amount
ORDER BY 
    c.company_claim_number;","SELECT c.company_claim_number,
       p.policy_number,
       apr.party_identifier AS policyholder_id,
       SUM(DISTINCT pa.policy_amount) AS premium_amount,
       COALESCE(SUM(CASE WHEN lp.claim_amount_identifier IS NOT NULL THEN ca.claim_amount END), 0) +
       COALESCE(SUM(CASE WHEN lr.claim_amount_identifier IS NOT NULL THEN ca.claim_amount END), 0) +
       COALESCE(SUM(CASE WHEN ep.claim_amount_identifier IS NOT NULL THEN ca.claim_amount END), 0) +
       COALESCE(SUM(CASE WHEN er.claim_amount_identifier IS NOT NULL THEN ca.claim_amount END), 0) AS total_loss
FROM oda_benchmark.acme_claim c
JOIN oda_benchmark.acme_claim_amount ca ON c.claim_identifier = ca.claim_identifier
LEFT JOIN oda_benchmark.acme_loss_payment lp ON ca.claim_amount_identifier = lp.claim_amount_identifier
LEFT JOIN oda_benchmark.acme_loss_reserve lr ON ca.claim_amount_identifier = lr.claim_amount_identifier
LEFT JOIN oda_benchmark.acme_expense_payment ep ON ca.claim_amount_identifier = ep.claim_amount_identifier
LEFT JOIN oda_benchmark.acme_expense_reserve er ON ca.claim_amount_identifier = er.claim_amount_identifier
JOIN oda_benchmark.acme_claim_coverage cc ON c.claim_identifier = cc.claim_identifier
JOIN oda_benchmark.acme_policy_coverage_detail pcd ON cc.policy_coverage_detail_identifier = pcd.policy_coverage_detail_identifier
JOIN oda_benchmark.acme_policy p ON pcd.policy_identifier = p.policy_identifier
JOIN oda_benchmark.acme_agreement_party_role apr ON p.policy_identifier = apr.agreement_identifier
JOIN oda_benchmark.acme_policy_amount pa ON p.policy_identifier = pa.policy_identifier
JOIN oda_benchmark.acme_premium pr ON pa.policy_amount_identifier = pr.policy_amount_identifier
WHERE apr.party_role_code = 'PH'
GROUP BY c.company_claim_number, p.policy_number, apr.party_identifier
ORDER BY c.company_claim_number ASC"
2,Q38,38,HQHS,aggregate,0,"What are the total loss, which is the sum of loss payment, loss reserve, expense payment, expense reserve amount by catastrophe and policy number?",1,1,1,0.0,0,"SELECT 
    c.catastrophe_name,
    p.policy_number,
    SUM(CASE WHEN lp.claim_amount_identifier IS NOT NULL THEN ca.claim_amount ELSE 0 END) AS total_loss_payment,
    SUM(CASE WHEN lr.claim_amount_identifier IS NOT NULL THEN ca.claim_amount ELSE 0 END) AS total_loss_reserve,
    SUM(CASE WHEN ep.claim_amount_identifier IS NOT NULL THEN ca.claim_amount ELSE 0 END) AS total_expense_payment,
    SUM(CASE WHEN er.claim_amount_identifier IS NOT NULL THEN ca.claim_amount ELSE 0 END) AS total_expense_reserve
FROM 
    oda_benchmark.acme_claim cl
JOIN 
    oda_benchmark.acme_catastrophe c ON cl.catastrophe_identifier = c.catastrophe_identifier
JOIN 
    oda_benchmark.acme_claim_amount ca ON cl.claim_identifier = ca.claim_identifier
LEFT JOIN 
    oda_benchmark.acme_loss_payment lp ON ca.claim_amount_identifier = lp.claim_amount_identifier
LEFT JOIN 
    oda_benchmark.acme_loss_reserve lr ON ca.claim_amount_identifier = lr.claim_amount_identifier
LEFT JOIN 
    oda_benchmark.acme_expense_payment ep ON ca.claim_amount_identifier = ep.claim_amount_identifier
LEFT JOIN 
    oda_benchmark.acme_expense_reserve er ON ca.claim_amount_identifier = er.claim_amount_identifier
JOIN 
    oda_benchmark.acme_claim_coverage cc ON cl.claim_identifier = cc.claim_identifier
JOIN 
    oda_benchmark.acme_policy p ON cc.policy_coverage_detail_identifier = p.policy_identifier
GROUP BY 
    c.catastrophe_name, p.policy_number
ORDER BY 
    c.catastrophe_name, p.policy_number;","SELECT cat.catastrophe_name,
       p.policy_number,
       COALESCE(SUM(CASE WHEN lp.claim_amount_identifier IS NOT NULL THEN ca.claim_amount END), 0) +
       COALESCE(SUM(CASE WHEN lr.claim_amount_identifier IS NOT NULL THEN ca.claim_amount END), 0) +
       COALESCE(SUM(CASE WHEN ep.claim_amount_identifier IS NOT NULL THEN ca.claim_amount END), 0) +
       COALESCE(SUM(CASE WHEN er.claim_amount_identifier IS NOT NULL THEN ca.claim_amount END), 0) AS total_loss
FROM oda_benchmark.acme_claim c
LEFT JOIN oda_benchmark.acme_catastrophe cat ON c.catastrophe_identifier = cat.catastrophe_identifier
JOIN oda_benchmark.acme_claim_amount ca ON c.claim_identifier = ca.claim_identifier
LEFT JOIN oda_benchmark.acme_loss_payment lp ON ca.claim_amount_identifier = lp.claim_amount_identifier
LEFT JOIN oda_benchmark.acme_loss_reserve lr ON ca.claim_amount_identifier = lr.claim_amount_identifier
LEFT JOIN oda_benchmark.acme_expense_payment ep ON ca.claim_amount_identifier = ep.claim_amount_identifier
LEFT JOIN oda_benchmark.acme_expense_reserve er ON ca.claim_amount_identifier = er.claim_amount_identifier
JOIN oda_benchmark.acme_claim_coverage cc ON c.claim_identifier = cc.claim_identifier
JOIN oda_benchmark.acme_policy_coverage_detail pcd ON cc.policy_coverage_detail_identifier = pcd.policy_coverage_detail_identifier
JOIN oda_benchmark.acme_policy p ON pcd.policy_identifier = p.policy_identifier
GROUP BY cat.catastrophe_name, p.policy_number
ORDER BY total_loss DESC"
2,Q39,39,HQHS,aggregate,0,"What are the total loss, which is the sum of loss payment, loss reserve, expense payment, expense reserve amount by claim number, catastrophe and corresponding policy number?",1,1,1,0.0,0,"SELECT 
    c.company_claim_number,
    cat.catastrophe_name,
    p.policy_number,
    SUM(COALESCE(lp.claim_amount, 0) + COALESCE(lr.claim_amount, 0) + COALESCE(ep.claim_amount, 0) + COALESCE(er.claim_amount, 0)) AS total_loss
FROM 
    oda_benchmark.acme_claim c
JOIN 
    oda_benchmark.acme_catastrophe cat ON c.catastrophe_identifier = cat.catastrophe_identifier
JOIN 
    oda_benchmark.acme_claim_coverage cc ON c.claim_identifier = cc.claim_identifier
JOIN 
    oda_benchmark.acme_policy p ON cc.policy_coverage_detail_identifier = p.policy_identifier
LEFT JOIN 
    oda_benchmark.acme_claim_amount lp ON c.claim_identifier = lp.claim_identifier
LEFT JOIN 
    oda_benchmark.acme_loss_payment l ON lp.claim_amount_identifier = l.claim_amount_identifier
LEFT JOIN 
    oda_benchmark.acme_claim_amount lr ON c.claim_identifier = lr.claim_identifier
LEFT JOIN 
    oda_benchmark.acme_loss_reserve r ON lr.claim_amount_identifier = r.claim_amount_identifier
LEFT JOIN 
    oda_benchmark.acme_claim_amount ep ON c.claim_identifier = ep.claim_identifier
LEFT JOIN 
    oda_benchmark.acme_expense_payment e ON ep.claim_amount_identifier = e.claim_amount_identifier
LEFT JOIN 
    oda_benchmark.acme_claim_amount er ON c.claim_identifier = er.claim_identifier
LEFT JOIN 
    oda_benchmark.acme_expense_reserve re ON er.claim_amount_identifier = re.claim_amount_identifier
GROUP BY 
    c.company_claim_number, cat.catastrophe_name, p.policy_number
ORDER BY 
    total_loss DESC;","SELECT c.company_claim_number,
       cat.catastrophe_name,
       p.policy_number,
       COALESCE(SUM(CASE WHEN lp.claim_amount_identifier IS NOT NULL THEN ca.claim_amount END), 0) +
       COALESCE(SUM(CASE WHEN lr.claim_amount_identifier IS NOT NULL THEN ca.claim_amount END), 0) +
       COALESCE(SUM(CASE WHEN ep.claim_amount_identifier IS NOT NULL THEN ca.claim_amount END), 0) +
       COALESCE(SUM(CASE WHEN er.claim_amount_identifier IS NOT NULL THEN ca.claim_amount END), 0) AS total_loss
FROM oda_benchmark.acme_claim c
LEFT JOIN oda_benchmark.acme_catastrophe cat ON c.catastrophe_identifier = cat.catastrophe_identifier
JOIN oda_benchmark.acme_claim_amount ca ON c.claim_identifier = ca.claim_identifier
LEFT JOIN oda_benchmark.acme_loss_payment lp ON ca.claim_amount_identifier = lp.claim_amount_identifier
LEFT JOIN oda_benchmark.acme_loss_reserve lr ON ca.claim_amount_identifier = lr.claim_amount_identifier
LEFT JOIN oda_benchmark.acme_expense_payment ep ON ca.claim_amount_identifier = ep.claim_amount_identifier
LEFT JOIN oda_benchmark.acme_expense_reserve er ON ca.claim_amount_identifier = er.claim_amount_identifier
JOIN oda_benchmark.acme_claim_coverage cc ON c.claim_identifier = cc.claim_identifier
JOIN oda_benchmark.acme_policy_coverage_detail pcd ON cc.policy_coverage_detail_identifier = pcd.policy_coverage_detail_identifier
JOIN oda_benchmark.acme_policy p ON pcd.policy_identifier = p.policy_identifier
GROUP BY c.company_claim_number, cat.catastrophe_name, p.policy_number
ORDER BY c.company_claim_number ASC"
2,Q40,40,HQHS,aggregate,0,"What is the total loss of each policy that an agent has sold by agent id where total loss is the sum of loss payment, loss reserve, expense payment, expense reserve amounts?",1,0,1,0.0,0,"SELECT apr.party_identifier AS agent_id, p.policy_number, SUM(ca.claim_amount) AS total_loss
FROM oda_benchmark.acme_agreement_party_role apr
JOIN oda_benchmark.acme_policy p ON apr.agreement_identifier = p.policy_identifier
JOIN oda_benchmark.acme_claim_coverage cc ON p.policy_identifier = cc.policy_identifier
JOIN oda_benchmark.acme_claim c ON cc.claim_identifier = c.claim_identifier
JOIN oda_benchmark.acme_claim_amount ca ON c.claim_identifier = ca.claim_identifier
LEFT JOIN oda_benchmark.acme_loss_payment lp ON ca.claim_amount_identifier = lp.claim_amount_identifier
LEFT JOIN oda_benchmark.acme_loss_reserve lr ON ca.claim_amount_identifier = lr.claim_amount_identifier
LEFT JOIN oda_benchmark.acme_expense_payment ep ON ca.claim_amount_identifier = ep.claim_amount_identifier
LEFT JOIN oda_benchmark.acme_expense_reserve er ON ca.claim_amount_identifier = er.claim_amount_identifier
WHERE apr.party_role_code = 'AG'
  AND (lp.claim_amount_identifier IS NOT NULL OR lr.claim_amount_identifier IS NOT NULL OR ep.claim_amount_identifier IS NOT NULL OR er.claim_amount_identifier IS NOT NULL)
GROUP BY apr.party_identifier, p.policy_number
ORDER BY apr.party_identifier, total_loss DESC;","SELECT apr.party_identifier AS agent_id,
       p.policy_number,
       COALESCE(SUM(CASE WHEN lp.claim_amount_identifier IS NOT NULL THEN ca.claim_amount END), 0) +
       COALESCE(SUM(CASE WHEN lr.claim_amount_identifier IS NOT NULL THEN ca.claim_amount END), 0) +
       COALESCE(SUM(CASE WHEN ep.claim_amount_identifier IS NOT NULL THEN ca.claim_amount END), 0) +
       COALESCE(SUM(CASE WHEN er.claim_amount_identifier IS NOT NULL THEN ca.claim_amount END), 0) AS total_loss
FROM oda_benchmark.acme_claim c
JOIN oda_benchmark.acme_claim_amount ca ON c.claim_identifier = ca.claim_identifier
LEFT JOIN oda_benchmark.acme_loss_payment lp ON ca.claim_amount_identifier = lp.claim_amount_identifier
LEFT JOIN oda_benchmark.acme_loss_reserve lr ON ca.claim_amount_identifier = lr.claim_amount_identifier
LEFT JOIN oda_benchmark.acme_expense_payment ep ON ca.claim_amount_identifier = ep.claim_amount_identifier
LEFT JOIN oda_benchmark.acme_expense_reserve er ON ca.claim_amount_identifier = er.claim_amount_identifier
JOIN oda_benchmark.acme_claim_coverage cc ON c.claim_identifier = cc.claim_identifier
JOIN oda_benchmark.acme_policy_coverage_detail pcd ON cc.policy_coverage_detail_identifier = pcd.policy_coverage_detail_identifier
JOIN oda_benchmark.acme_policy p ON pcd.policy_identifier = p.policy_identifier
JOIN oda_benchmark.acme_agreement_party_role apr ON p.policy_identifier = apr.agreement_identifier
WHERE apr.party_role_code = 'AG'
GROUP BY apr.party_identifier, p.policy_number
ORDER BY apr.party_identifier ASC"
2,Q41,41,HQHS,aggregate,0,What is the loss ratio of each policy and agent who sold it by policy number and agent id?,1,1,1,0.0,0,"SELECT 
    p.policy_number, 
    apr.party_identifier AS agent_id,
    COALESCE(SUM(CASE WHEN l.claim_amount_identifier IS NOT NULL THEN ca.claim_amount ELSE 0 END), 0) /
    COALESCE(SUM(CASE WHEN pr.policy_amount_identifier IS NOT NULL THEN pa.policy_amount ELSE 0 END), 1) AS loss_ratio
FROM 
    oda_benchmark.acme_policy p
JOIN 
    oda_benchmark.acme_agreement_party_role apr ON p.policy_identifier = apr.agreement_identifier
LEFT JOIN 
    oda_benchmark.acme_claim_coverage cc ON p.policy_identifier = cc.policy_coverage_detail_identifier
LEFT JOIN 
    oda_benchmark.acme_claim c ON cc.claim_identifier = c.claim_identifier
LEFT JOIN 
    oda_benchmark.acme_claim_amount ca ON c.claim_identifier = ca.claim_identifier
LEFT JOIN 
    oda_benchmark.acme_loss_payment l ON ca.claim_amount_identifier = l.claim_amount_identifier
LEFT JOIN 
    oda_benchmark.acme_policy_amount pa ON p.policy_identifier = pa.policy_identifier
LEFT JOIN 
    oda_benchmark.acme_premium pr ON pa.policy_amount_identifier = pr.policy_amount_identifier
WHERE 
    apr.party_role_code = 'AG'
GROUP BY 
    p.policy_number, apr.party_identifier
ORDER BY 
    p.policy_number, apr.party_identifier;","SELECT p.policy_number,
       apr.party_identifier AS agent_id,
       (COALESCE(SUM(CASE WHEN lp.claim_amount_identifier IS NOT NULL THEN ca.claim_amount END), 0) +
        COALESCE(SUM(CASE WHEN lr.claim_amount_identifier IS NOT NULL THEN ca.claim_amount END), 0) +
        COALESCE(SUM(CASE WHEN ep.claim_amount_identifier IS NOT NULL THEN ca.claim_amount END), 0) +
        COALESCE(SUM(CASE WHEN er.claim_amount_identifier IS NOT NULL THEN ca.claim_amount END), 0)) /
       NULLIF(SUM(DISTINCT pa.policy_amount), 0) AS loss_ratio
FROM oda_benchmark.acme_claim c
JOIN oda_benchmark.acme_claim_amount ca ON c.claim_identifier = ca.claim_identifier
LEFT JOIN oda_benchmark.acme_loss_payment lp ON ca.claim_amount_identifier = lp.claim_amount_identifier
LEFT JOIN oda_benchmark.acme_loss_reserve lr ON ca.claim_amount_identifier = lr.claim_amount_identifier
LEFT JOIN oda_benchmark.acme_expense_payment ep ON ca.claim_amount_identifier = ep.claim_amount_identifier
LEFT JOIN oda_benchmark.acme_expense_reserve er ON ca.claim_amount_identifier = er.claim_amount_identifier
JOIN oda_benchmark.acme_claim_coverage cc ON c.claim_identifier = cc.claim_identifier
JOIN oda_benchmark.acme_policy_coverage_detail pcd ON cc.policy_coverage_detail_identifier = pcd.policy_coverage_detail_identifier
JOIN oda_benchmark.acme_policy p ON pcd.policy_identifier = p.policy_identifier
JOIN oda_benchmark.acme_agreement_party_role apr ON p.policy_identifier = apr.agreement_identifier
JOIN oda_benchmark.acme_policy_amount pa ON p.policy_identifier = pa.policy_identifier
JOIN oda_benchmark.acme_premium pr ON pa.policy_amount_identifier = pr.policy_amount_identifier
WHERE apr.party_role_code = 'AG'
GROUP BY p.policy_number, apr.party_identifier
ORDER BY p.policy_number ASC"
2,Q44,44,HQHS,aggregate,0,"What is the average loss of each policy by policy number and number of claims where loss is the sum of loss payment, loss reserve, expense payment, expense reserve amounts?",1,0,1,0.0,0,"SELECT p.policy_number, 
       COUNT(DISTINCT c.claim_identifier) AS number_of_claims,
       AVG(COALESCE(lp.loss_payment, 0) + COALESCE(lr.loss_reserve, 0) + COALESCE(ep.expense_payment, 0) + COALESCE(er.expense_reserve, 0)) AS average_loss
FROM oda_benchmark.acme_policy p
JOIN oda_benchmark.acme_claim_coverage cc ON p.policy_identifier = cc.policy_identifier
JOIN oda_benchmark.acme_claim c ON cc.claim_identifier = c.claim_identifier
LEFT JOIN (
    SELECT claim_identifier, SUM(claim_amount) AS loss_payment
    FROM oda_benchmark.acme_claim_amount ca
    JOIN oda_benchmark.acme_loss_payment lp ON ca.claim_amount_identifier = lp.claim_amount_identifier
    GROUP BY claim_identifier
) lp ON c.claim_identifier = lp.claim_identifier
LEFT JOIN (
    SELECT claim_identifier, SUM(claim_amount) AS loss_reserve
    FROM oda_benchmark.acme_claim_amount ca
    JOIN oda_benchmark.acme_loss_reserve lr ON ca.claim_amount_identifier = lr.claim_amount_identifier
    GROUP BY claim_identifier
) lr ON c.claim_identifier = lr.claim_identifier
LEFT JOIN (
    SELECT claim_identifier, SUM(claim_amount) AS expense_payment
    FROM oda_benchmark.acme_claim_amount ca
    JOIN oda_benchmark.acme_expense_payment ep ON ca.claim_amount_identifier = ep.claim_amount_identifier
    GROUP BY claim_identifier
) ep ON c.claim_identifier = ep.claim_identifier
LEFT JOIN (
    SELECT claim_identifier, SUM(claim_amount) AS expense_reserve
    FROM oda_benchmark.acme_claim_amount ca
    JOIN oda_benchmark.acme_expense_reserve er ON ca.claim_amount_identifier = er.claim_amount_identifier
    GROUP BY claim_identifier
) er ON c.claim_identifier = er.claim_identifier
GROUP BY p.policy_number
ORDER BY average_loss DESC;","WITH claim_loss AS (
  SELECT ca.claim_identifier,
         COALESCE(SUM(CASE WHEN lp.claim_amount_identifier IS NOT NULL THEN ca.claim_amount END), 0) +
         COALESCE(SUM(CASE WHEN lr.claim_amount_identifier IS NOT NULL THEN ca.claim_amount END), 0) +
         COALESCE(SUM(CASE WHEN ep.claim_amount_identifier IS NOT NULL THEN ca.claim_amount END), 0) +
         COALESCE(SUM(CASE WHEN er.claim_amount_identifier IS NOT NULL THEN ca.claim_amount END), 0) AS full_loss
  FROM oda_benchmark.acme_claim_amount ca
  LEFT JOIN oda_benchmark.acme_loss_payment lp ON ca.claim_amount_identifier = lp.claim_amount_identifier
  LEFT JOIN oda_benchmark.acme_loss_reserve lr ON ca.claim_amount_identifier = lr.claim_amount_identifier
  LEFT JOIN oda_benchmark.acme_expense_payment ep ON ca.claim_amount_identifier = ep.claim_amount_identifier
  LEFT JOIN oda_benchmark.acme_expense_reserve er ON ca.claim_amount_identifier = er.claim_amount_identifier
  GROUP BY ca.claim_identifier
)
SELECT p.policy_number,
       COUNT(DISTINCT c.claim_identifier) AS number_of_claims,
       AVG(cl.full_loss) AS avg_loss
FROM oda_benchmark.acme_claim c
JOIN claim_loss cl ON c.claim_identifier = cl.claim_identifier
JOIN oda_benchmark.acme_claim_coverage cc ON c.claim_identifier = cc.claim_identifier
JOIN oda_benchmark.acme_policy_coverage_detail pcd ON cc.policy_coverage_detail_identifier = pcd.policy_coverage_detail_identifier
JOIN oda_benchmark.acme_policy p ON pcd.policy_identifier = p.policy_identifier
GROUP BY p.policy_number
ORDER BY p.policy_number ASC"
2,Q43,43,HQHS,aggregate,0,"What is the loss ratio, number of claims, total loss by policy number and premium where total loss is the sum of loss payment, loss reserve, expense payment, expense reserve amount and loss ratio is total loss divided by premium?",1,0,1,0.0,0,"SELECT 
    p.policy_number,
    COUNT(DISTINCT c.claim_identifier) AS number_of_claims,
    COALESCE(SUM(CASE WHEN l.claim_amount_identifier IS NOT NULL THEN ca.claim_amount ELSE 0 END), 0) +
    COALESCE(SUM(CASE WHEN lr.claim_amount_identifier IS NOT NULL THEN ca.claim_amount ELSE 0 END), 0) +
    COALESCE(SUM(CASE WHEN ep.claim_amount_identifier IS NOT NULL THEN ca.claim_amount ELSE 0 END), 0) +
    COALESCE(SUM(CASE WHEN er.claim_amount_identifier IS NOT NULL THEN ca.claim_amount ELSE 0 END), 0) AS total_loss,
    COALESCE(SUM(pr.policy_amount), 0) AS premium,
    CASE WHEN COALESCE(SUM(pr.policy_amount), 0) > 0 THEN 
        (COALESCE(SUM(CASE WHEN l.claim_amount_identifier IS NOT NULL THEN ca.claim_amount ELSE 0 END), 0) +
         COALESCE(SUM(CASE WHEN lr.claim_amount_identifier IS NOT NULL THEN ca.claim_amount ELSE 0 END), 0) +
         COALESCE(SUM(CASE WHEN ep.claim_amount_identifier IS NOT NULL THEN ca.claim_amount ELSE 0 END), 0) +
         COALESCE(SUM(CASE WHEN er.claim_amount_identifier IS NOT NULL THEN ca.claim_amount ELSE 0 END), 0)) / 
         COALESCE(SUM(pr.policy_amount), 0)
    ELSE 0 END AS loss_ratio
FROM 
    oda_benchmark.acme_policy p
LEFT JOIN 
    oda_benchmark.acme_claim_coverage cc ON p.policy_identifier = cc.policy_identifier
LEFT JOIN 
    oda_benchmark.acme_claim c ON cc.claim_identifier = c.claim_identifier
LEFT JOIN 
    oda_benchmark.acme_claim_amount ca ON c.claim_identifier = ca.claim_identifier
LEFT JOIN 
    oda_benchmark.acme_loss_payment l ON ca.claim_amount_identifier = l.claim_amount_identifier
LEFT JOIN 
    oda_benchmark.acme_loss_reserve lr ON ca.claim_amount_identifier = lr.claim_amount_identifier
LEFT JOIN 
    oda_benchmark.acme_expense_payment ep ON ca.claim_amount_identifier = ep.claim_amount_identifier
LEFT JOIN 
    oda_benchmark.acme_expense_reserve er ON ca.claim_amount_identifier = er.claim_amount_identifier
LEFT JOIN 
    oda_benchmark.acme_policy_amount pa ON p.policy_identifier = pa.policy_identifier
LEFT JOIN 
    oda_benchmark.acme_premium pr ON pa.policy_amount_identifier = pr.policy_amount_identifier
GROUP BY 
    p.policy_number
ORDER BY 
    p.policy_number;","SELECT p.policy_number,
       SUM(DISTINCT pa.policy_amount) AS premium,
       COUNT(DISTINCT c.claim_identifier) AS number_of_claims,
       COALESCE(SUM(CASE WHEN lp.claim_amount_identifier IS NOT NULL THEN ca.claim_amount END), 0) +
       COALESCE(SUM(CASE WHEN lr.claim_amount_identifier IS NOT NULL THEN ca.claim_amount END), 0) +
       COALESCE(SUM(CASE WHEN ep.claim_amount_identifier IS NOT NULL THEN ca.claim_amount END), 0) +
       COALESCE(SUM(CASE WHEN er.claim_amount_identifier IS NOT NULL THEN ca.claim_amount END), 0) AS total_loss,
       (COALESCE(SUM(CASE WHEN lp.claim_amount_identifier IS NOT NULL THEN ca.claim_amount END), 0) +
        COALESCE(SUM(CASE WHEN lr.claim_amount_identifier IS NOT NULL THEN ca.claim_amount END), 0) +
        COALESCE(SUM(CASE WHEN ep.claim_amount_identifier IS NOT NULL THEN ca.claim_amount END), 0) +
        COALESCE(SUM(CASE WHEN er.claim_amount_identifier IS NOT NULL THEN ca.claim_amount END), 0)) /
       NULLIF(SUM(DISTINCT pa.policy_amount), 0) AS loss_ratio
FROM oda_benchmark.acme_claim c
JOIN oda_benchmark.acme_claim_amount ca ON c.claim_identifier = ca.claim_identifier
LEFT JOIN oda_benchmark.acme_loss_payment lp ON ca.claim_amount_identifier = lp.claim_amount_identifier
LEFT JOIN oda_benchmark.acme_loss_reserve lr ON ca.claim_amount_identifier = lr.claim_amount_identifier
LEFT JOIN oda_benchmark.acme_expense_payment ep ON ca.claim_amount_identifier = ep.claim_amount_identifier
LEFT JOIN oda_benchmark.acme_expense_reserve er ON ca.claim_amount_identifier = er.claim_amount_identifier
JOIN oda_benchmark.acme_claim_coverage cc ON c.claim_identifier = cc.claim_identifier
JOIN oda_benchmark.acme_policy_coverage_detail pcd ON cc.policy_coverage_detail_identifier = pcd.policy_coverage_detail_identifier
JOIN oda_benchmark.acme_policy p ON pcd.policy_identifier = p.policy_identifier
JOIN oda_benchmark.acme_policy_amount pa ON p.policy_identifier = pa.policy_identifier
JOIN oda_benchmark.acme_premium pr ON pa.policy_amount_identifier = pr.policy_amount_identifier
GROUP BY p.policy_number
ORDER BY p.policy_number ASC"
3,Q01,1,LQLS,dimension_listing,0,"Return all the claims we have by claim number, open date and close date?",1,1,1,1.0,1,"SELECT company_claim_number, claim_open_date, claim_close_date
FROM oda_benchmark.acme_claim;","SELECT company_claim_number, claim_open_date, claim_close_date
FROM oda_benchmark.acme_claim
ORDER BY company_claim_number ASC"
3,Q02,2,LQLS,dimension_listing,0,"Return all the policies we have by policy number, effective date and expiration date?",1,1,1,1.0,1,"SELECT policy_number, effective_date, expiration_date
FROM oda_benchmark.acme_policy;","SELECT policy_number, effective_date, expiration_date
FROM oda_benchmark.acme_policy
ORDER BY policy_number ASC"
3,Q03,3,LQLS,dimension_listing,0,Return all the policies and their policy holder by id,1,1,1,0.0,0,"SELECT p.policy_number, apr.party_identifier AS policy_holder_id
FROM oda_benchmark.acme_policy p
JOIN oda_benchmark.acme_agreement_party_role apr ON p.policy_identifier = apr.agreement_identifier
WHERE apr.party_role_code = 'PH';","SELECT p.policy_number, apr.party_identifier AS policyholder_id
FROM oda_benchmark.acme_policy p
JOIN oda_benchmark.acme_agreement_party_role apr
  ON p.policy_identifier = apr.agreement_identifier
WHERE apr.party_role_code = 'PH'
ORDER BY p.policy_number ASC"
3,Q04,4,LQLS,dimension_listing,0,Return all the policies and the agents that sold them by policy number and agent id,1,1,1,1.0,1,"SELECT p.policy_number, apr.party_identifier AS agent_id
FROM oda_benchmark.acme_policy p
JOIN oda_benchmark.acme_agreement_party_role apr ON p.policy_identifier = apr.agreement_identifier
WHERE apr.party_role_code = 'AG'","SELECT p.policy_number, apr.party_identifier AS agent_id
FROM oda_benchmark.acme_policy p
JOIN oda_benchmark.acme_agreement_party_role apr
  ON p.policy_identifier = apr.agreement_identifier
WHERE apr.party_role_code = 'AG'
ORDER BY p.policy_number ASC"
3,Q05,5,LQLS,dimension_listing,0,What are all our policies that have a claim associated to them by policy and claim number?,1,1,1,1.0,1,"SELECT DISTINCT p.policy_number, c.company_claim_number
FROM oda_benchmark.acme_policy p
JOIN oda_benchmark.acme_policy_coverage_detail pcd ON p.policy_identifier = pcd.policy_identifier
JOIN oda_benchmark.acme_claim_coverage cc ON pcd.policy_coverage_detail_identifier = cc.policy_coverage_detail_identifier
JOIN oda_benchmark.acme_claim c ON cc.claim_identifier = c.claim_identifier;","SELECT DISTINCT p.policy_number, c.company_claim_number
FROM oda_benchmark.acme_claim c
JOIN oda_benchmark.acme_claim_coverage cc
  ON c.claim_identifier = cc.claim_identifier
JOIN oda_benchmark.acme_policy_coverage_detail pcd
  ON cc.policy_coverage_detail_identifier = pcd.policy_coverage_detail_identifier
JOIN oda_benchmark.acme_policy p
  ON pcd.policy_identifier = p.policy_identifier
ORDER BY p.policy_number ASC"
3,Q06,6,LQLS,dimension_listing,0,What are all the premiums that have been paid by policy holders?,1,1,1,0.0,0,"SELECT pa.policy_amount_identifier, pa.policy_identifier, pa.policy_amount
FROM oda_benchmark.acme_policy_amount pa
JOIN oda_benchmark.acme_premium pr ON pa.policy_amount_identifier = pr.policy_amount_identifier
JOIN oda_benchmark.acme_agreement_party_role apr ON pa.policy_identifier = apr.agreement_identifier
WHERE apr.party_role_code = 'PH';","SELECT apr.party_identifier AS policyholder_id,
       SUM(pa.policy_amount) AS total_premiums_paid
FROM oda_benchmark.acme_agreement_party_role apr
JOIN oda_benchmark.acme_policy p
  ON apr.agreement_identifier = p.policy_identifier
JOIN oda_benchmark.acme_policy_amount pa
  ON p.policy_identifier = pa.policy_identifier
JOIN oda_benchmark.acme_premium pr
  ON pa.policy_amount_identifier = pr.policy_amount_identifier
WHERE apr.party_role_code = 'PH'
GROUP BY apr.party_identifier
ORDER BY total_premiums_paid DESC"
3,Q07,7,LQLS,dimension_listing,0,What is the premium amount of all policies by policy number?,1,1,1,0.0,0,"SELECT p.policy_number, SUM(pa.policy_amount) AS total_premium_amount
FROM oda_benchmark.acme_policy p
JOIN oda_benchmark.acme_policy_amount pa ON p.policy_identifier = pa.policy_identifier
JOIN oda_benchmark.acme_premium pr ON pa.policy_amount_identifier = pr.policy_amount_identifier
GROUP BY p.policy_number
ORDER BY total_premium_amount DESC","SELECT p.policy_number,
       SUM(pa.policy_amount) AS premium_amount
FROM oda_benchmark.acme_policy p
JOIN oda_benchmark.acme_policy_amount pa
  ON p.policy_identifier = pa.policy_identifier
JOIN oda_benchmark.acme_premium pr
  ON pa.policy_amount_identifier = pr.policy_amount_identifier
GROUP BY p.policy_number
ORDER BY p.policy_number ASC"
3,Q08,8,LQLS,dimension_listing,0,"What is the premium amount of all policies by policy number, coverage effective date and coverage expiration date",1,1,1,0.0,0,"SELECT p.policy_number, pcd.effective_date, pcd.expiration_date, SUM(pa.policy_amount) AS total_premium_amount
FROM oda_benchmark.acme_policy p
JOIN oda_benchmark.acme_policy_coverage_detail pcd ON p.policy_identifier = pcd.policy_identifier
JOIN oda_benchmark.acme_policy_amount pa ON p.policy_identifier = pa.policy_identifier
JOIN oda_benchmark.acme_premium pr ON pa.policy_amount_identifier = pr.policy_amount_identifier
GROUP BY p.policy_number, pcd.effective_date, pcd.expiration_date
ORDER BY p.policy_number, pcd.effective_date, pcd.expiration_date;","SELECT p.policy_number,
       pcd.effective_date AS coverage_effective_date,
       pcd.expiration_date AS coverage_expiration_date,
       SUM(pa.policy_amount) AS premium_amount
FROM oda_benchmark.acme_policy p
JOIN oda_benchmark.acme_policy_coverage_detail pcd
  ON p.policy_identifier = pcd.policy_identifier
JOIN oda_benchmark.acme_policy_amount pa
  ON p.policy_identifier = pa.policy_identifier
JOIN oda_benchmark.acme_premium pr
  ON pa.policy_amount_identifier = pr.policy_amount_identifier
GROUP BY p.policy_number, pcd.effective_date, pcd.expiration_date
ORDER BY p.policy_number ASC"
3,Q09,9,LQLS,dimension_listing,0,What are the loss payment amount of all claims by claim number?,1,1,1,0.0,0,"SELECT c.company_claim_number, SUM(ca.claim_amount) AS total_loss_payment
FROM oda_benchmark.acme_claim c
JOIN oda_benchmark.acme_claim_amount ca ON c.claim_identifier = ca.claim_identifier
JOIN oda_benchmark.acme_loss_payment lp ON ca.claim_amount_identifier = lp.claim_amount_identifier
GROUP BY c.company_claim_number
ORDER BY total_loss_payment DESC;","SELECT c.company_claim_number,
       SUM(ca.claim_amount) AS loss_payment_amount
FROM oda_benchmark.acme_claim c
JOIN oda_benchmark.acme_claim_amount ca
  ON c.claim_identifier = ca.claim_identifier
JOIN oda_benchmark.acme_loss_payment lp
  ON ca.claim_amount_identifier = lp.claim_amount_identifier
GROUP BY c.company_claim_number
ORDER BY c.company_claim_number ASC"
3,Q10,10,LQLS,dimension_listing,0,What are the loss reserve amount of all claims by claim number?,1,1,1,0.0,0,"SELECT c.company_claim_number, SUM(ca.claim_amount) AS total_loss_reserve_amount
FROM oda_benchmark.acme_claim c
JOIN oda_benchmark.acme_claim_amount ca ON c.claim_identifier = ca.claim_identifier
JOIN oda_benchmark.acme_loss_reserve lr ON ca.claim_amount_identifier = lr.claim_amount_identifier
GROUP BY c.company_claim_number
ORDER BY total_loss_reserve_amount DESC;","SELECT c.company_claim_number,
       SUM(ca.claim_amount) AS loss_reserve_amount
FROM oda_benchmark.acme_claim c
JOIN oda_benchmark.acme_claim_amount ca
  ON c.claim_identifier = ca.claim_identifier
JOIN oda_benchmark.acme_loss_reserve lr
  ON ca.claim_amount_identifier = lr.claim_amount_identifier
GROUP BY c.company_claim_number
ORDER BY c.company_claim_number ASC"
3,Q11,11,LQLS,dimension_listing,0,What are the expense payment amount of all claims by claim number?,1,1,1,0.0,0,"SELECT c.company_claim_number, SUM(ca.claim_amount) AS total_expense_payment
FROM oda_benchmark.acme_claim c
JOIN oda_benchmark.acme_claim_amount ca ON c.claim_identifier = ca.claim_identifier
JOIN oda_benchmark.acme_expense_payment ep ON ca.claim_amount_identifier = ep.claim_amount_identifier
GROUP BY c.company_claim_number
ORDER BY total_expense_payment DESC;","SELECT c.company_claim_number,
       SUM(ca.claim_amount) AS expense_payment_amount
FROM oda_benchmark.acme_claim c
JOIN oda_benchmark.acme_claim_amount ca
  ON c.claim_identifier = ca.claim_identifier
JOIN oda_benchmark.acme_expense_payment ep
  ON ca.claim_amount_identifier = ep.claim_amount_identifier
GROUP BY c.company_claim_number
ORDER BY c.company_claim_number ASC"
3,Q12,12,LQLS,dimension_listing,0,What are the expense reserve amount of all claims by claim number?,1,1,1,0.0,0,"SELECT c.company_claim_number, SUM(ca.claim_amount) AS total_expense_reserve
FROM oda_benchmark.acme_claim c
JOIN oda_benchmark.acme_claim_amount ca ON c.claim_identifier = ca.claim_identifier
JOIN oda_benchmark.acme_expense_reserve er ON ca.claim_amount_identifier = er.claim_amount_identifier
GROUP BY c.company_claim_number
ORDER BY total_expense_reserve DESC;","SELECT c.company_claim_number,
       SUM(ca.claim_amount) AS expense_reserve_amount
FROM oda_benchmark.acme_claim c
JOIN oda_benchmark.acme_claim_amount ca
  ON c.claim_identifier = ca.claim_identifier
JOIN oda_benchmark.acme_expense_reserve er
  ON ca.claim_amount_identifier = er.claim_amount_identifier
GROUP BY c.company_claim_number
ORDER BY c.company_claim_number ASC"
3,Q13,13,LQHS,dimension_listing,0,"What are the loss payment, loss reserve, expense payment, expense reserve amount by claim number?",1,1,1,1.0,1,"SELECT 
    c.company_claim_number,
    SUM(CASE WHEN lp.claim_amount_identifier IS NOT NULL THEN ca.claim_amount ELSE 0 END) AS loss_payment_amount,
    SUM(CASE WHEN lr.claim_amount_identifier IS NOT NULL THEN ca.claim_amount ELSE 0 END) AS loss_reserve_amount,
    SUM(CASE WHEN ep.claim_amount_identifier IS NOT NULL THEN ca.claim_amount ELSE 0 END) AS expense_payment_amount,
    SUM(CASE WHEN er.claim_amount_identifier IS NOT NULL THEN ca.claim_amount ELSE 0 END) AS expense_reserve_amount
FROM 
    oda_benchmark.acme_claim c
JOIN 
    oda_benchmark.acme_claim_amount ca ON c.claim_identifier = ca.claim_identifier
LEFT JOIN 
    oda_benchmark.acme_loss_payment lp ON ca.claim_amount_identifier = lp.claim_amount_identifier
LEFT JOIN 
    oda_benchmark.acme_loss_reserve lr ON ca.claim_amount_identifier = lr.claim_amount_identifier
LEFT JOIN 
    oda_benchmark.acme_expense_payment ep ON ca.claim_amount_identifier = ep.claim_amount_identifier
LEFT JOIN 
    oda_benchmark.acme_expense_reserve er ON ca.claim_amount_identifier = er.claim_amount_identifier
GROUP BY 
    c.company_claim_number
ORDER BY 
    c.company_claim_number;","SELECT c.company_claim_number,
       COALESCE(SUM(CASE WHEN lp.claim_amount_identifier IS NOT NULL THEN ca.claim_amount END), 0) AS loss_payment_amount,
       COALESCE(SUM(CASE WHEN lr.claim_amount_identifier IS NOT NULL THEN ca.claim_amount END), 0) AS loss_reserve_amount,
       COALESCE(SUM(CASE WHEN ep.claim_amount_identifier IS NOT NULL THEN ca.claim_amount END), 0) AS expense_payment_amount,
       COALESCE(SUM(CASE WHEN er.claim_amount_identifier IS NOT NULL THEN ca.claim_amount END), 0) AS expense_reserve_amount
FROM oda_benchmark.acme_claim c
JOIN oda_benchmark.acme_claim_amount ca ON c.claim_identifier = ca.claim_identifier
LEFT JOIN oda_benchmark.acme_loss_payment lp ON ca.claim_amount_identifier = lp.claim_amount_identifier
LEFT JOIN oda_benchmark.acme_loss_reserve lr ON ca.claim_amount_identifier = lr.claim_amount_identifier
LEFT JOIN oda_benchmark.acme_expense_payment ep ON ca.claim_amount_identifier = ep.claim_amount_identifier
LEFT JOIN oda_benchmark.acme_expense_reserve er ON ca.claim_amount_identifier = er.claim_amount_identifier
GROUP BY c.company_claim_number
ORDER BY c.company_claim_number ASC"
3,Q14,14,LQHS,dimension_listing,0,"What are the loss payment, loss reserve, expense payment, expense reserve amount by claim number and corresponding policy number, policy holder and premium amount paid?",1,0,1,0.0,0,"SELECT 
    c.company_claim_number,
    p.policy_number,
    ph.party_name AS policy_holder,
    SUM(CASE WHEN l.claim_amount_identifier IS NOT NULL THEN ca.claim_amount ELSE 0 END) AS loss_payment_amount,
    SUM(CASE WHEN lr.claim_amount_identifier IS NOT NULL THEN ca.claim_amount ELSE 0 END) AS loss_reserve_amount,
    SUM(CASE WHEN ep.claim_amount_identifier IS NOT NULL THEN ca.claim_amount ELSE 0 END) AS expense_payment_amount,
    SUM(CASE WHEN er.claim_amount_identifier IS NOT NULL THEN ca.claim_amount ELSE 0 END) AS expense_reserve_amount,
    SUM(pr.policy_amount) AS premium_amount_paid
FROM 
    oda_benchmark.acme_claim c
JOIN 
    oda_benchmark.acme_claim_coverage cc ON c.claim_identifier = cc.claim_identifier
JOIN 
    oda_benchmark.acme_policy p ON cc.policy_coverage_detail_identifier = p.policy_identifier
JOIN 
    oda_benchmark.acme_agreement_party_role apr ON p.policy_identifier = apr.agreement_identifier AND apr.party_role_code = 'PH'
JOIN 
    oda_benchmark.acme_party ph ON apr.party_identifier = ph.party_identifier
JOIN 
    oda_benchmark.acme_claim_amount ca ON c.claim_identifier = ca.claim_identifier
LEFT JOIN 
    oda_benchmark.acme_loss_payment l ON ca.claim_amount_identifier = l.claim_amount_identifier
LEFT JOIN 
    oda_benchmark.acme_loss_reserve lr ON ca.claim_amount_identifier = lr.claim_amount_identifier
LEFT JOIN 
    oda_benchmark.acme_expense_payment ep ON ca.claim_amount_identifier = ep.claim_amount_identifier
LEFT JOIN 
    oda_benchmark.acme_expense_reserve er ON ca.claim_amount_identifier = er.claim_amount_identifier
JOIN 
    oda_benchmark.acme_policy_amount pa ON p.policy_identifier = pa.policy_identifier
JOIN 
    oda_benchmark.acme_premium pr ON pa.policy_amount_identifier = pr.policy_amount_identifier
GROUP BY 
    c.company_claim_number, p.policy_number, ph.party_name
ORDER BY 
    c.company_claim_number;","SELECT c.company_claim_number,
       p.policy_number,
       apr.party_identifier AS policyholder_id,
       SUM(DISTINCT pa.policy_amount) AS premium_amount,
       COALESCE(SUM(CASE WHEN lp.claim_amount_identifier IS NOT NULL THEN ca.claim_amount END), 0) AS loss_payment_amount,
       COALESCE(SUM(CASE WHEN lr.claim_amount_identifier IS NOT NULL THEN ca.claim_amount END), 0) AS loss_reserve_amount,
       COALESCE(SUM(CASE WHEN ep.claim_amount_identifier IS NOT NULL THEN ca.claim_amount END), 0) AS expense_payment_amount,
       COALESCE(SUM(CASE WHEN er.claim_amount_identifier IS NOT NULL THEN ca.claim_amount END), 0) AS expense_reserve_amount
FROM oda_benchmark.acme_claim c
JOIN oda_benchmark.acme_claim_amount ca ON c.claim_identifier = ca.claim_identifier
LEFT JOIN oda_benchmark.acme_loss_payment lp ON ca.claim_amount_identifier = lp.claim_amount_identifier
LEFT JOIN oda_benchmark.acme_loss_reserve lr ON ca.claim_amount_identifier = lr.claim_amount_identifier
LEFT JOIN oda_benchmark.acme_expense_payment ep ON ca.claim_amount_identifier = ep.claim_amount_identifier
LEFT JOIN oda_benchmark.acme_expense_reserve er ON ca.claim_amount_identifier = er.claim_amount_identifier
JOIN oda_benchmark.acme_claim_coverage cc ON c.claim_identifier = cc.claim_identifier
JOIN oda_benchmark.acme_policy_coverage_detail pcd ON cc.policy_coverage_detail_identifier = pcd.policy_coverage_detail_identifier
JOIN oda_benchmark.acme_policy p ON pcd.policy_identifier = p.policy_identifier
JOIN oda_benchmark.acme_agreement_party_role apr ON p.policy_identifier = apr.agreement_identifier
JOIN oda_benchmark.acme_policy_amount pa ON p.policy_identifier = pa.policy_identifier
JOIN oda_benchmark.acme_premium pr ON pa.policy_amount_identifier = pr.policy_amount_identifier
WHERE apr.party_role_code = 'PH'
GROUP BY c.company_claim_number, p.policy_number, apr.party_identifier
ORDER BY c.company_claim_number ASC"
3,Q15,15,LQHS,dimension_listing,0,"What are the loss payment, loss reserve, expense payment, expense reserve amount by claim number and corresponding policy number, policy holder, premium amount paid and the agent who sold it?",1,0,1,0.0,0,"SELECT 
    c.company_claim_number,
    p.policy_number,
    ph.party_name AS policy_holder,
    SUM(CASE WHEN l.claim_amount_identifier IS NOT NULL THEN ca.claim_amount ELSE 0 END) AS loss_payment_amount,
    SUM(CASE WHEN lr.claim_amount_identifier IS NOT NULL THEN ca.claim_amount ELSE 0 END) AS loss_reserve_amount,
    SUM(CASE WHEN ep.claim_amount_identifier IS NOT NULL THEN ca.claim_amount ELSE 0 END) AS expense_payment_amount,
    SUM(CASE WHEN er.claim_amount_identifier IS NOT NULL THEN ca.claim_amount ELSE 0 END) AS expense_reserve_amount,
    SUM(pr.policy_amount) AS premium_amount_paid,
    ag.party_name AS agent_name
FROM 
    oda_benchmark.acme_claim c
JOIN 
    oda_benchmark.acme_claim_coverage cc ON c.claim_identifier = cc.claim_identifier
JOIN 
    oda_benchmark.acme_policy p ON cc.policy_coverage_detail_identifier = p.policy_identifier
JOIN 
    oda_benchmark.acme_agreement_party_role apr_ph ON p.policy_identifier = apr_ph.agreement_identifier AND apr_ph.party_role_code = 'PH'
JOIN 
    oda_benchmark.acme_party ph ON apr_ph.party_identifier = ph.party_identifier
LEFT JOIN 
    oda_benchmark.acme_claim_amount ca ON c.claim_identifier = ca.claim_identifier
LEFT JOIN 
    oda_benchmark.acme_loss_payment l ON ca.claim_amount_identifier = l.claim_amount_identifier
LEFT JOIN 
    oda_benchmark.acme_loss_reserve lr ON ca.claim_amount_identifier = lr.claim_amount_identifier
LEFT JOIN 
    oda_benchmark.acme_expense_payment ep ON ca.claim_amount_identifier = ep.claim_amount_identifier
LEFT JOIN 
    oda_benchmark.acme_expense_reserve er ON ca.claim_amount_identifier = er.claim_amount_identifier
JOIN 
    oda_benchmark.acme_policy_amount pa ON p.policy_identifier = pa.policy_identifier
JOIN 
    oda_benchmark.acme_premium pr ON pa.policy_amount_identifier = pr.policy_amount_identifier
JOIN 
    oda_benchmark.acme_agreement_party_role apr_ag ON p.policy_identifier = apr_agreement_identifier AND apr_ag.party_role_code = 'AG'
JOIN 
    oda_benchmark.acme_party ag ON apr_ag.party_identifier = ag.party_identifier
GROUP BY 
    c.company_claim_number, p.policy_number, ph.party_name, ag.party_name
ORDER BY 
    c.company_claim_number;","SELECT c.company_claim_number,
       p.policy_number,
       ph_apr.party_identifier AS policyholder_id,
       ag_apr.party_identifier AS agent_id,
       SUM(DISTINCT pa.policy_amount) AS premium_amount,
       COALESCE(SUM(CASE WHEN lp.claim_amount_identifier IS NOT NULL THEN ca.claim_amount END), 0) AS loss_payment_amount,
       COALESCE(SUM(CASE WHEN lr.claim_amount_identifier IS NOT NULL THEN ca.claim_amount END), 0) AS loss_reserve_amount,
       COALESCE(SUM(CASE WHEN ep.claim_amount_identifier IS NOT NULL THEN ca.claim_amount END), 0) AS expense_payment_amount,
       COALESCE(SUM(CASE WHEN er.claim_amount_identifier IS NOT NULL THEN ca.claim_amount END), 0) AS expense_reserve_amount
FROM oda_benchmark.acme_claim c
JOIN oda_benchmark.acme_claim_amount ca ON c.claim_identifier = ca.claim_identifier
LEFT JOIN oda_benchmark.acme_loss_payment lp ON ca.claim_amount_identifier = lp.claim_amount_identifier
LEFT JOIN oda_benchmark.acme_loss_reserve lr ON ca.claim_amount_identifier = lr.claim_amount_identifier
LEFT JOIN oda_benchmark.acme_expense_payment ep ON ca.claim_amount_identifier = ep.claim_amount_identifier
LEFT JOIN oda_benchmark.acme_expense_reserve er ON ca.claim_amount_identifier = er.claim_amount_identifier
JOIN oda_benchmark.acme_claim_coverage cc ON c.claim_identifier = cc.claim_identifier
JOIN oda_benchmark.acme_policy_coverage_detail pcd ON cc.policy_coverage_detail_identifier = pcd.policy_coverage_detail_identifier
JOIN oda_benchmark.acme_policy p ON pcd.policy_identifier = p.policy_identifier
JOIN oda_benchmark.acme_agreement_party_role ph_apr
  ON p.policy_identifier = ph_apr.agreement_identifier AND ph_apr.party_role_code = 'PH'
JOIN oda_benchmark.acme_agreement_party_role ag_apr
  ON p.policy_identifier = ag_apr.agreement_identifier AND ag_apr.party_role_code = 'AG'
JOIN oda_benchmark.acme_policy_amount pa ON p.policy_identifier = pa.policy_identifier
JOIN oda_benchmark.acme_premium pr ON pa.policy_amount_identifier = pr.policy_amount_identifier
GROUP BY c.company_claim_number, p.policy_number, ph_apr.party_identifier, ag_apr.party_identifier
ORDER BY c.company_claim_number ASC"
3,Q16,16,LQHS,dimension_listing,0,"What are the loss payment, loss reserve, expense payment, expense reserve amount by claim number and corresponding policy number, policy holder, premium amount paid, the catastrophe it had, and the agent who sold it?",1,0,1,0.0,0,"SELECT 
    c.company_claim_number,
    p.policy_number,
    ph.party_name AS policy_holder,
    pr.policy_amount AS premium_amount_paid,
    cat.catastrophe_name,
    ag.party_name AS agent,
    SUM(CASE WHEN lp.claim_amount_identifier IS NOT NULL THEN ca.claim_amount ELSE 0 END) AS loss_payment_amount,
    SUM(CASE WHEN lr.claim_amount_identifier IS NOT NULL THEN ca.claim_amount ELSE 0 END) AS loss_reserve_amount,
    SUM(CASE WHEN ep.claim_amount_identifier IS NOT NULL THEN ca.claim_amount ELSE 0 END) AS expense_payment_amount,
    SUM(CASE WHEN er.claim_amount_identifier IS NOT NULL THEN ca.claim_amount ELSE 0 END) AS expense_reserve_amount
FROM 
    oda_benchmark.acme_claim c
JOIN 
    oda_benchmark.acme_claim_amount ca ON c.claim_identifier = ca.claim_identifier
LEFT JOIN 
    oda_benchmark.acme_loss_payment lp ON ca.claim_amount_identifier = lp.claim_amount_identifier
LEFT JOIN 
    oda_benchmark.acme_loss_reserve lr ON ca.claim_amount_identifier = lr.claim_amount_identifier
LEFT JOIN 
    oda_benchmark.acme_expense_payment ep ON ca.claim_amount_identifier = ep.claim_amount_identifier
LEFT JOIN 
    oda_benchmark.acme_expense_reserve er ON ca.claim_amount_identifier = er.claim_amount_identifier
JOIN 
    oda_benchmark.acme_claim_coverage cc ON c.claim_identifier = cc.claim_identifier
JOIN 
    oda_benchmark.acme_policy_coverage_detail pcd ON cc.policy_coverage_detail_identifier = pcd.policy_coverage_detail_identifier
JOIN 
    oda_benchmark.acme_policy p ON pcd.policy_identifier = p.policy_identifier
JOIN 
    oda_benchmark.acme_agreement_party_role apr_ph ON p.policy_identifier = apr_ph.agreement_identifier AND apr_ph.party_role_code = 'PH'
JOIN 
    oda_benchmark.acme_party ph ON apr_ph.party_identifier = ph.party_identifier
JOIN 
    oda_benchmark.acme_policy_amount pa ON p.policy_identifier = pa.policy_identifier
JOIN 
    oda_benchmark.acme_premium pr ON pa.policy_amount_identifier = pr.policy_amount_identifier
LEFT JOIN 
    oda_benchmark.acme_catastrophe cat ON c.catastrophe_identifier = cat.catastrophe_identifier
JOIN 
    oda_benchmark.acme_agreement_party_role apr_ag ON p.policy_identifier = apr_ag.agreement_identifier AND apr_ag.party_role_code = 'AG'
JOIN 
    oda_benchmark.acme_party ag ON apr_ag.party_identifier = ag.party_identifier
GROUP BY 
    c.company_claim_number, p.policy_number, ph.party_name, pr.policy_amount, cat.catastrophe_name, ag.party_name
ORDER BY 
    c.company_claim_number;","SELECT c.company_claim_number,
       p.policy_number,
       ph_apr.party_identifier AS policyholder_id,
       ag_apr.party_identifier AS agent_id,
       cat.catastrophe_name,
       SUM(DISTINCT pa.policy_amount) AS premium_amount,
       COALESCE(SUM(CASE WHEN lp.claim_amount_identifier IS NOT NULL THEN ca.claim_amount END), 0) AS loss_payment_amount,
       COALESCE(SUM(CASE WHEN lr.claim_amount_identifier IS NOT NULL THEN ca.claim_amount END), 0) AS loss_reserve_amount,
       COALESCE(SUM(CASE WHEN ep.claim_amount_identifier IS NOT NULL THEN ca.claim_amount END), 0) AS expense_payment_amount,
       COALESCE(SUM(CASE WHEN er.claim_amount_identifier IS NOT NULL THEN ca.claim_amount END), 0) AS expense_reserve_amount
FROM oda_benchmark.acme_claim c
JOIN oda_benchmark.acme_claim_amount ca ON c.claim_identifier = ca.claim_identifier
LEFT JOIN oda_benchmark.acme_loss_payment lp ON ca.claim_amount_identifier = lp.claim_amount_identifier
LEFT JOIN oda_benchmark.acme_loss_reserve lr ON ca.claim_amount_identifier = lr.claim_amount_identifier
LEFT JOIN oda_benchmark.acme_expense_payment ep ON ca.claim_amount_identifier = ep.claim_amount_identifier
LEFT JOIN oda_benchmark.acme_expense_reserve er ON ca.claim_amount_identifier = er.claim_amount_identifier
LEFT JOIN oda_benchmark.acme_catastrophe cat ON c.catastrophe_identifier = cat.catastrophe_identifier
JOIN oda_benchmark.acme_claim_coverage cc ON c.claim_identifier = cc.claim_identifier
JOIN oda_benchmark.acme_policy_coverage_detail pcd ON cc.policy_coverage_detail_identifier = pcd.policy_coverage_detail_identifier
JOIN oda_benchmark.acme_policy p ON pcd.policy_identifier = p.policy_identifier
JOIN oda_benchmark.acme_agreement_party_role ph_apr
  ON p.policy_identifier = ph_apr.agreement_identifier AND ph_apr.party_role_code = 'PH'
JOIN oda_benchmark.acme_agreement_party_role ag_apr
  ON p.policy_identifier = ag_apr.agreement_identifier AND ag_apr.party_role_code = 'AG'
JOIN oda_benchmark.acme_policy_amount pa ON p.policy_identifier = pa.policy_identifier
JOIN oda_benchmark.acme_premium pr ON pa.policy_amount_identifier = pr.policy_amount_identifier
GROUP BY c.company_claim_number, p.policy_number, ph_apr.party_identifier, ag_apr.party_identifier, cat.catastrophe_name
ORDER BY c.company_claim_number ASC"
3,Q17,17,LQHS,dimension_listing,0,Return policy holders and the claims they have made and the corresponding catastrophe,1,1,1,0.0,0,"SELECT p.party_name AS policy_holder, 
       c.company_claim_number AS claim_number, 
       cat.catastrophe_name AS catastrophe
FROM oda_benchmark.acme_agreement_party_role apr
JOIN oda_benchmark.acme_party p ON apr.party_identifier = p.party_identifier
JOIN oda_benchmark.acme_claim_coverage cc ON apr.agreement_identifier = cc.policy_coverage_detail_identifier
JOIN oda_benchmark.acme_claim c ON cc.claim_identifier = c.claim_identifier
LEFT JOIN oda_benchmark.acme_catastrophe cat ON c.catastrophe_identifier = cat.catastrophe_identifier
WHERE apr.party_role_code = 'PH';","SELECT apr.party_identifier AS policyholder_id,
       c.company_claim_number,
       cat.catastrophe_name
FROM oda_benchmark.acme_claim c
LEFT JOIN oda_benchmark.acme_catastrophe cat ON c.catastrophe_identifier = cat.catastrophe_identifier
JOIN oda_benchmark.acme_claim_coverage cc ON c.claim_identifier = cc.claim_identifier
JOIN oda_benchmark.acme_policy_coverage_detail pcd ON cc.policy_coverage_detail_identifier = pcd.policy_coverage_detail_identifier
JOIN oda_benchmark.acme_policy p ON pcd.policy_identifier = p.policy_identifier
JOIN oda_benchmark.acme_agreement_party_role apr ON p.policy_identifier = apr.agreement_identifier
WHERE apr.party_role_code = 'PH'
ORDER BY apr.party_identifier ASC"
3,Q18,18,LQHS,dimension_listing,0,Return agents and the policy they have sold that have had a claim and the corresponding catastrophe it had.,1,0,1,0.0,0,"SELECT DISTINCT apr.party_identifier AS agent_id, 
                p.policy_number, 
                c.company_claim_number, 
                cat.catastrophe_name
FROM oda_benchmark.acme_agreement_party_role apr
JOIN oda_benchmark.acme_policy p ON apr.agreement_identifier = p.policy_identifier
JOIN oda_benchmark.acme_claim_coverage cc ON p.policy_identifier = cc.policy_identifier
JOIN oda_benchmark.acme_claim c ON cc.claim_identifier = c.claim_identifier
JOIN oda_benchmark.acme_catastrophe cat ON c.catastrophe_identifier = cat.catastrophe_identifier
WHERE apr.party_role_code = 'AG';","SELECT apr.party_identifier AS agent_id,
       p.policy_number,
       c.company_claim_number,
       cat.catastrophe_name
FROM oda_benchmark.acme_claim c
LEFT JOIN oda_benchmark.acme_catastrophe cat ON c.catastrophe_identifier = cat.catastrophe_identifier
JOIN oda_benchmark.acme_claim_coverage cc ON c.claim_identifier = cc.claim_identifier
JOIN oda_benchmark.acme_policy_coverage_detail pcd ON cc.policy_coverage_detail_identifier = pcd.policy_coverage_detail_identifier
JOIN oda_benchmark.acme_policy p ON pcd.policy_identifier = p.policy_identifier
JOIN oda_benchmark.acme_agreement_party_role apr ON p.policy_identifier = apr.agreement_identifier
WHERE apr.party_role_code = 'AG'
ORDER BY apr.party_identifier ASC"
3,Q19,19,LQHS,dimension_listing,0,"Return agents and the policies they have sold that have had a claim and the corresponding loss payment amount by agent id, policy number and claim number",1,0,1,0.0,0,"SELECT 
    apr.party_identifier AS agent_id,
    p.policy_number,
    c.company_claim_number,
    SUM(ca.claim_amount) AS total_loss_payment_amount
FROM 
    oda_benchmark.acme_agreement_party_role apr
JOIN 
    oda_benchmark.acme_policy p ON apr.agreement_identifier = p.policy_identifier
JOIN 
    oda_benchmark.acme_claim_coverage cc ON p.policy_identifier = cc.policy_identifier
JOIN 
    oda_benchmark.acme_claim c ON cc.claim_identifier = c.claim_identifier
JOIN 
    oda_benchmark.acme_claim_amount ca ON c.claim_identifier = ca.claim_identifier
JOIN 
    oda_benchmark.acme_loss_payment lp ON ca.claim_amount_identifier = lp.claim_amount_identifier
WHERE 
    apr.party_role_code = 'AG'
GROUP BY 
    apr.party_identifier, p.policy_number, c.company_claim_number
ORDER BY 
    apr.party_identifier, p.policy_number, c.company_claim_number;","SELECT apr.party_identifier AS agent_id,
       p.policy_number,
       c.company_claim_number,
       SUM(ca.claim_amount) AS loss_payment_amount
FROM oda_benchmark.acme_claim c
JOIN oda_benchmark.acme_claim_coverage cc ON c.claim_identifier = cc.claim_identifier
JOIN oda_benchmark.acme_policy_coverage_detail pcd ON cc.policy_coverage_detail_identifier = pcd.policy_coverage_detail_identifier
JOIN oda_benchmark.acme_policy p ON pcd.policy_identifier = p.policy_identifier
JOIN oda_benchmark.acme_agreement_party_role apr ON p.policy_identifier = apr.agreement_identifier
JOIN oda_benchmark.acme_claim_amount ca ON c.claim_identifier = ca.claim_identifier
JOIN oda_benchmark.acme_loss_payment lp ON ca.claim_amount_identifier = lp.claim_amount_identifier
WHERE apr.party_role_code = 'AG'
GROUP BY apr.party_identifier, p.policy_number, c.company_claim_number
ORDER BY apr.party_identifier ASC"
3,Q20,20,LQHS,dimension_listing,0,"Return agents and the policy they have sold that have had a claim and the corresponding loss reserve amount by agent id, policy number and claim number",1,0,1,0.0,0,"SELECT 
    apr.party_identifier AS agent_id,
    p.policy_number,
    c.company_claim_number,
    SUM(ca.claim_amount) AS total_loss_reserve_amount
FROM 
    oda_benchmark.acme_agreement_party_role apr
JOIN 
    oda_benchmark.acme_policy p ON apr.agreement_identifier = p.policy_identifier
JOIN 
    oda_benchmark.acme_claim_coverage cc ON p.policy_identifier = cc.policy_identifier
JOIN 
    oda_benchmark.acme_claim c ON cc.claim_identifier = c.claim_identifier
JOIN 
    oda_benchmark.acme_claim_amount ca ON c.claim_identifier = ca.claim_identifier
JOIN 
    oda_benchmark.acme_loss_reserve lr ON ca.claim_amount_identifier = lr.claim_amount_identifier
WHERE 
    apr.party_role_code = 'AG'
GROUP BY 
    apr.party_identifier, p.policy_number, c.company_claim_number
ORDER BY 
    apr.party_identifier, p.policy_number, c.company_claim_number;","SELECT apr.party_identifier AS agent_id,
       p.policy_number,
       c.company_claim_number,
       SUM(ca.claim_amount) AS loss_reserve_amount
FROM oda_benchmark.acme_claim c
JOIN oda_benchmark.acme_claim_coverage cc ON c.claim_identifier = cc.claim_identifier
JOIN oda_benchmark.acme_policy_coverage_detail pcd ON cc.policy_coverage_detail_identifier = pcd.policy_coverage_detail_identifier
JOIN oda_benchmark.acme_policy p ON pcd.policy_identifier = p.policy_identifier
JOIN oda_benchmark.acme_agreement_party_role apr ON p.policy_identifier = apr.agreement_identifier
JOIN oda_benchmark.acme_claim_amount ca ON c.claim_identifier = ca.claim_identifier
JOIN oda_benchmark.acme_loss_reserve lr ON ca.claim_amount_identifier = lr.claim_amount_identifier
WHERE apr.party_role_code = 'AG'
GROUP BY apr.party_identifier, p.policy_number, c.company_claim_number
ORDER BY apr.party_identifier ASC"
3,Q21,21,LQHS,dimension_listing,0,"Return agents and the policy they have sold that have had a claim and the corresponding expense payment amount by agent id, policy number and claim number",1,1,1,0.0,0,"SELECT 
    apr.party_identifier AS agent_id,
    p.policy_number,
    c.company_claim_number,
    SUM(ca.claim_amount) AS total_expense_payment_amount
FROM 
    oda_benchmark.acme_agreement_party_role apr
JOIN 
    oda_benchmark.acme_policy p ON apr.agreement_identifier = p.policy_identifier
JOIN 
    oda_benchmark.acme_claim_coverage cc ON p.policy_identifier = cc.policy_coverage_detail_identifier
JOIN 
    oda_benchmark.acme_claim c ON cc.claim_identifier = c.claim_identifier
JOIN 
    oda_benchmark.acme_claim_amount ca ON c.claim_identifier = ca.claim_identifier
JOIN 
    oda_benchmark.acme_expense_payment ep ON ca.claim_amount_identifier = ep.claim_amount_identifier
WHERE 
    apr.party_role_code = 'AG'
GROUP BY 
    apr.party_identifier, p.policy_number, c.company_claim_number
ORDER BY 
    apr.party_identifier, p.policy_number, c.company_claim_number;","SELECT apr.party_identifier AS agent_id,
       p.policy_number,
       c.company_claim_number,
       SUM(ca.claim_amount) AS expense_payment_amount
FROM oda_benchmark.acme_claim c
JOIN oda_benchmark.acme_claim_coverage cc ON c.claim_identifier = cc.claim_identifier
JOIN oda_benchmark.acme_policy_coverage_detail pcd ON cc.policy_coverage_detail_identifier = pcd.policy_coverage_detail_identifier
JOIN oda_benchmark.acme_policy p ON pcd.policy_identifier = p.policy_identifier
JOIN oda_benchmark.acme_agreement_party_role apr ON p.policy_identifier = apr.agreement_identifier
JOIN oda_benchmark.acme_claim_amount ca ON c.claim_identifier = ca.claim_identifier
JOIN oda_benchmark.acme_expense_payment ep ON ca.claim_amount_identifier = ep.claim_amount_identifier
WHERE apr.party_role_code = 'AG'
GROUP BY apr.party_identifier, p.policy_number, c.company_claim_number
ORDER BY apr.party_identifier ASC"
3,Q22,22,LQHS,dimension_listing,0,"Return agents and the policy they have sold that have had a claim and the corresponding expense reserve amount by agent id, policy number and claim number",1,0,1,0.0,0,"SELECT 
    apr.party_identifier AS agent_id,
    p.policy_number,
    c.company_claim_number,
    SUM(car.claim_amount) AS total_expense_reserve_amount
FROM 
    oda_benchmark.acme_agreement_party_role apr
JOIN 
    oda_benchmark.acme_policy p ON apr.agreement_identifier = p.policy_identifier
JOIN 
    oda_benchmark.acme_claim_coverage cc ON p.policy_identifier = cc.policy_identifier
JOIN 
    oda_benchmark.acme_claim c ON cc.claim_identifier = c.claim_identifier
JOIN 
    oda_benchmark.acme_claim_amount car ON c.claim_identifier = car.claim_identifier
JOIN 
    oda_benchmark.acme_expense_reserve er ON car.claim_amount_identifier = er.claim_amount_identifier
WHERE 
    apr.party_role_code = 'AG'
GROUP BY 
    apr.party_identifier, p.policy_number, c.company_claim_number
ORDER BY 
    apr.party_identifier, p.policy_number, c.company_claim_number;","SELECT apr.party_identifier AS agent_id,
       p.policy_number,
       c.company_claim_number,
       SUM(ca.claim_amount) AS expense_reserve_amount
FROM oda_benchmark.acme_claim c
JOIN oda_benchmark.acme_claim_coverage cc ON c.claim_identifier = cc.claim_identifier
JOIN oda_benchmark.acme_policy_coverage_detail pcd ON cc.policy_coverage_detail_identifier = pcd.policy_coverage_detail_identifier
JOIN oda_benchmark.acme_policy p ON pcd.policy_identifier = p.policy_identifier
JOIN oda_benchmark.acme_agreement_party_role apr ON p.policy_identifier = apr.agreement_identifier
JOIN oda_benchmark.acme_claim_amount ca ON c.claim_identifier = ca.claim_identifier
JOIN oda_benchmark.acme_expense_reserve er ON ca.claim_amount_identifier = er.claim_amount_identifier
WHERE apr.party_role_code = 'AG'
GROUP BY apr.party_identifier, p.policy_number, c.company_claim_number
ORDER BY apr.party_identifier ASC"
3,Q23,23,HQLS,aggregate,0,How many claims do we have?,1,1,1,1.0,1,SELECT COUNT(company_claim_number) AS claim_count FROM oda_benchmark.acme_claim,"SELECT COUNT(company_claim_number) AS claim_count
FROM oda_benchmark.acme_claim"
3,Q24,24,HQLS,aggregate,0,How many policies do we have?,1,1,1,0.0,0,SELECT COUNT(policy_identifier) AS policy_count FROM oda_benchmark.acme_policy,"SELECT COUNT(*) AS number_of_policies
FROM oda_benchmark.acme_policy"
3,Q25,25,HQLS,aggregate,0,How many claims have been placed by policy number?,1,1,1,0.0,0,"SELECT p.policy_number, COUNT(DISTINCT c.claim_identifier) AS claim_count
FROM oda_benchmark.acme_policy p
JOIN oda_benchmark.acme_claim_coverage cc ON p.policy_identifier = cc.policy_coverage_detail_identifier
JOIN oda_benchmark.acme_claim c ON cc.claim_identifier = c.claim_identifier
GROUP BY p.policy_number
ORDER BY claim_count DESC","SELECT p.policy_number, COUNT(c.company_claim_number) AS claim_count
FROM oda_benchmark.acme_claim c
JOIN oda_benchmark.acme_claim_coverage cc ON c.claim_identifier = cc.claim_identifier
JOIN oda_benchmark.acme_policy_coverage_detail pcd ON cc.policy_coverage_detail_identifier = pcd.policy_coverage_detail_identifier
JOIN oda_benchmark.acme_policy p ON pcd.policy_identifier = p.policy_identifier
GROUP BY p.policy_number
ORDER BY claim_count DESC"
3,Q26,26,HQLS,aggregate,0,How many policies have agents sold by agent id?,1,1,1,1.0,1,"SELECT party_identifier, COUNT(DISTINCT agreement_identifier) AS policy_count
FROM oda_benchmark.acme_agreement_party_role
WHERE party_role_code = 'AG'
GROUP BY party_identifier
ORDER BY policy_count DESC","SELECT party_identifier, COUNT(DISTINCT agreement_identifier) AS policy_count
FROM oda_benchmark.acme_agreement_party_role
WHERE party_role_code = 'AG'
GROUP BY party_identifier
ORDER BY policy_count DESC"
3,Q28,28,HQLS,aggregate,0,What is the total amount of premiums paid by policy number?,1,1,1,1.0,1,"SELECT p.policy_number, SUM(pa.policy_amount) AS total_policy_amount
   FROM oda_benchmark.acme_policy p
   JOIN oda_benchmark.acme_policy_amount pa ON p.policy_identifier = pa.policy_identifier
   JOIN oda_benchmark.acme_premium pr ON pa.policy_amount_identifier = pr.policy_amount_identifier
   GROUP BY p.policy_number
   ORDER BY total_policy_amount DESC","SELECT p.policy_number, SUM(pa.policy_amount) AS total_policy_amount
FROM oda_benchmark.acme_policy p
JOIN oda_benchmark.acme_policy_amount pa ON p.policy_identifier = pa.policy_identifier
JOIN oda_benchmark.acme_premium pr ON pa.policy_amount_identifier = pr.policy_amount_identifier
GROUP BY p.policy_number
ORDER BY total_policy_amount DESC"
3,Q32,32,HQLS,aggregate,0,What is the average time to settle a claim by policy number?,1,1,1,0.0,0,"SELECT p.policy_number, 
       AVG(EXTRACT(EPOCH FROM (c.claim_close_date - c.claim_open_date)) / 86400) AS average_settle_time_days
FROM oda_benchmark.acme_claim c
JOIN oda_benchmark.acme_claim_coverage cc ON c.claim_identifier = cc.claim_identifier
JOIN oda_benchmark.acme_policy_coverage_detail pcd ON cc.policy_coverage_detail_identifier = pcd.policy_coverage_detail_identifier
JOIN oda_benchmark.acme_policy p ON pcd.policy_identifier = p.policy_identifier
WHERE c.claim_close_date IS NOT NULL
GROUP BY p.policy_number
ORDER BY average_settle_time_days;","SELECT p.policy_number, AVG(EXTRACT(DAY FROM (c.claim_close_date - c.claim_open_date))) AS avg_days_to_settle
FROM oda_benchmark.acme_claim c
JOIN oda_benchmark.acme_claim_coverage cc ON c.claim_identifier = cc.claim_identifier
JOIN oda_benchmark.acme_policy_coverage_detail pcd ON cc.policy_coverage_detail_identifier = pcd.policy_coverage_detail_identifier
JOIN oda_benchmark.acme_policy p ON pcd.policy_identifier = p.policy_identifier
GROUP BY p.policy_number
ORDER BY avg_days_to_settle DESC"
3,Q31,31,HQLS,aggregate,0,"What is the total loss amounts, which is the sum of loss payment, loss reserve amount by claim number?",1,1,1,1.0,1,"SELECT c.company_claim_number, 
       SUM(ca.claim_amount) AS total_loss_amount
FROM oda_benchmark.acme_claim c
JOIN oda_benchmark.acme_claim_amount ca ON c.claim_identifier = ca.claim_identifier
LEFT JOIN oda_benchmark.acme_loss_payment lp ON ca.claim_amount_identifier = lp.claim_amount_identifier
LEFT JOIN oda_benchmark.acme_loss_reserve lr ON ca.claim_amount_identifier = lr.claim_amount_identifier
WHERE lp.claim_amount_identifier IS NOT NULL OR lr.claim_amount_identifier IS NOT NULL
GROUP BY c.company_claim_number
ORDER BY total_loss_amount DESC;","SELECT c.company_claim_number,
       COALESCE(SUM(CASE WHEN lp.claim_amount_identifier IS NOT NULL THEN ca.claim_amount END), 0) +
       COALESCE(SUM(CASE WHEN lr.claim_amount_identifier IS NOT NULL THEN ca.claim_amount END), 0) AS total_loss_amount
FROM oda_benchmark.acme_claim c
JOIN oda_benchmark.acme_claim_amount ca ON c.claim_identifier = ca.claim_identifier
LEFT JOIN oda_benchmark.acme_loss_payment lp ON ca.claim_amount_identifier = lp.claim_amount_identifier
LEFT JOIN oda_benchmark.acme_loss_reserve lr ON ca.claim_amount_identifier = lr.claim_amount_identifier
GROUP BY c.company_claim_number
HAVING COALESCE(SUM(CASE WHEN lp.claim_amount_identifier IS NOT NULL THEN ca.claim_amount END), 0) +
       COALESCE(SUM(CASE WHEN lr.claim_amount_identifier IS NOT NULL THEN ca.claim_amount END), 0) > 0
ORDER BY total_loss_amount DESC"
3,Q29,29,HQLS,aggregate,0,What is the total amount of premiums that a policy holder has paid?,1,1,1,0.0,0,"SELECT apr.party_identifier, SUM(pa.policy_amount) AS total_premiums_paid
FROM oda_benchmark.acme_agreement_party_role apr
JOIN oda_benchmark.acme_policy_amount pa ON apr.agreement_identifier = pa.policy_identifier
JOIN oda_benchmark.acme_premium pr ON pa.policy_amount_identifier = pr.policy_amount_identifier
WHERE apr.party_role_code = 'PH'
GROUP BY apr.party_identifier
ORDER BY total_premiums_paid DESC","SELECT apr.party_identifier, SUM(pa.policy_amount) AS total_policy_amount
FROM oda_benchmark.acme_agreement_party_role apr
JOIN oda_benchmark.acme_policy p ON apr.agreement_identifier = p.policy_identifier
JOIN oda_benchmark.acme_policy_amount pa ON p.policy_identifier = pa.policy_identifier
JOIN oda_benchmark.acme_premium pr ON pa.policy_amount_identifier = pr.policy_amount_identifier
WHERE apr.party_role_code = 'PH'
GROUP BY apr.party_identifier
ORDER BY total_policy_amount DESC"
3,Q30,30,HQLS,aggregate,0,What is the total amount of premiums that a policy holder has paid by policy number?,1,1,1,0.0,0,"SELECT p.policy_number, SUM(pa.policy_amount) AS total_policy_amount
FROM oda_benchmark.acme_policy p
JOIN oda_benchmark.acme_policy_amount pa ON p.policy_identifier = pa.policy_identifier
JOIN oda_benchmark.acme_premium pr ON pa.policy_amount_identifier = pr.policy_amount_identifier
JOIN oda_benchmark.acme_agreement_party_role apr ON p.policy_identifier = apr.agreement_identifier
WHERE apr.party_role_code = 'PH'
GROUP BY p.policy_number
ORDER BY total_policy_amount DESC","SELECT p.policy_number, apr.party_identifier, SUM(pa.policy_amount) AS total_policy_amount
FROM oda_benchmark.acme_agreement_party_role apr
JOIN oda_benchmark.acme_policy p ON apr.agreement_identifier = p.policy_identifier
JOIN oda_benchmark.acme_policy_amount pa ON p.policy_identifier = pa.policy_identifier
JOIN oda_benchmark.acme_premium pr ON pa.policy_amount_identifier = pr.policy_amount_identifier
WHERE apr.party_role_code = 'PH'
GROUP BY p.policy_number, apr.party_identifier
ORDER BY total_policy_amount DESC"
3,Q27,27,HQLS,aggregate,0,How many policies does each policy holder have by policy holder id?,1,1,1,1.0,1,"SELECT party_identifier, COUNT(DISTINCT agreement_identifier) AS policy_count
FROM oda_benchmark.acme_agreement_party_role
WHERE party_role_code = 'PH'
GROUP BY party_identifier
ORDER BY policy_count DESC","SELECT party_identifier, COUNT(DISTINCT agreement_identifier) AS policy_count
FROM oda_benchmark.acme_agreement_party_role
WHERE party_role_code = 'PH'
GROUP BY party_identifier
ORDER BY policy_count DESC"
3,Q33,33,HQLS,aggregate,0,What is the average policy size which is the total amount of premium divided by the number of policies?,1,1,1,0.0,0,"SELECT SUM(pa.policy_amount) / COUNT(DISTINCT p.policy_identifier) AS average_policy_size
FROM oda_benchmark.acme_policy p
JOIN oda_benchmark.acme_policy_amount pa ON p.policy_identifier = pa.policy_identifier
JOIN oda_benchmark.acme_premium pr ON pa.policy_amount_identifier = pr.policy_amount_identifier;","SELECT SUM(pa.policy_amount) / NULLIF(COUNT(DISTINCT pa.policy_identifier), 0) AS avg_policy_size
FROM oda_benchmark.acme_policy_amount pa
JOIN oda_benchmark.acme_premium pr ON pa.policy_amount_identifier = pr.policy_amount_identifier"
3,Q34,34,HQHS,aggregate,0,"What is the total loss of each claim by claim number where total loss is the sum of loss payment, loss reserve, expense payment, expense reserve amount?",1,1,1,1.0,1,"SELECT c.company_claim_number, 
       SUM(ca.claim_amount) AS total_loss
FROM oda_benchmark.acme_claim c
JOIN oda_benchmark.acme_claim_amount ca ON c.claim_identifier = ca.claim_identifier
LEFT JOIN oda_benchmark.acme_loss_payment lp ON ca.claim_amount_identifier = lp.claim_amount_identifier
LEFT JOIN oda_benchmark.acme_loss_reserve lr ON ca.claim_amount_identifier = lr.claim_amount_identifier
LEFT JOIN oda_benchmark.acme_expense_payment ep ON ca.claim_amount_identifier = ep.claim_amount_identifier
LEFT JOIN oda_benchmark.acme_expense_reserve er ON ca.claim_amount_identifier = er.claim_amount_identifier
WHERE lp.claim_amount_identifier IS NOT NULL 
   OR lr.claim_amount_identifier IS NOT NULL 
   OR ep.claim_amount_identifier IS NOT NULL 
   OR er.claim_amount_identifier IS NOT NULL
GROUP BY c.company_claim_number
ORDER BY total_loss DESC;","SELECT c.company_claim_number,
       COALESCE(SUM(CASE WHEN lp.claim_amount_identifier IS NOT NULL THEN ca.claim_amount END), 0) +
       COALESCE(SUM(CASE WHEN lr.claim_amount_identifier IS NOT NULL THEN ca.claim_amount END), 0) +
       COALESCE(SUM(CASE WHEN ep.claim_amount_identifier IS NOT NULL THEN ca.claim_amount END), 0) +
       COALESCE(SUM(CASE WHEN er.claim_amount_identifier IS NOT NULL THEN ca.claim_amount END), 0) AS total_loss
FROM oda_benchmark.acme_claim c
JOIN oda_benchmark.acme_claim_amount ca ON c.claim_identifier = ca.claim_identifier
LEFT JOIN oda_benchmark.acme_loss_payment lp ON ca.claim_amount_identifier = lp.claim_amount_identifier
LEFT JOIN oda_benchmark.acme_loss_reserve lr ON ca.claim_amount_identifier = lr.claim_amount_identifier
LEFT JOIN oda_benchmark.acme_expense_payment ep ON ca.claim_amount_identifier = ep.claim_amount_identifier
LEFT JOIN oda_benchmark.acme_expense_reserve er ON ca.claim_amount_identifier = er.claim_amount_identifier
GROUP BY c.company_claim_number
ORDER BY total_loss DESC"
3,Q35,35,HQHS,aggregate,0,"What is the average loss of each policy by policy number where loss is the sum of loss payment, loss reserve, expense payment, expense reserve amounts?",1,1,1,0.0,0,"SELECT 
    p.policy_number, 
    AVG(COALESCE(lp.loss_payment_amount, 0) + COALESCE(lr.loss_reserve_amount, 0) + COALESCE(ep.expense_payment_amount, 0) + COALESCE(er.expense_reserve_amount, 0)) AS average_loss
FROM 
    oda_benchmark.acme_policy p
LEFT JOIN 
    oda_benchmark.acme_policy_coverage_detail pcd ON p.policy_identifier = pcd.policy_identifier
LEFT JOIN 
    oda_benchmark.acme_claim_coverage cc ON pcd.policy_coverage_detail_identifier = cc.policy_coverage_detail_identifier
LEFT JOIN 
    oda_benchmark.acme_claim_amount ca ON cc.claim_identifier = ca.claim_identifier
LEFT JOIN 
    (SELECT claim_amount_identifier, SUM(claim_amount) AS loss_payment_amount FROM oda_benchmark.acme_claim_amount WHERE claim_amount_identifier IN (SELECT claim_amount_identifier FROM oda_benchmark.acme_loss_payment) GROUP BY claim_amount_identifier) lp ON ca.claim_amount_identifier = lp.claim_amount_identifier
LEFT JOIN 
    (SELECT claim_amount_identifier, SUM(claim_amount) AS loss_reserve_amount FROM oda_benchmark.acme_claim_amount WHERE claim_amount_identifier IN (SELECT claim_amount_identifier FROM oda_benchmark.acme_loss_reserve) GROUP BY claim_amount_identifier) lr ON ca.claim_amount_identifier = lr.claim_amount_identifier
LEFT JOIN 
    (SELECT claim_amount_identifier, SUM(claim_amount) AS expense_payment_amount FROM oda_benchmark.acme_claim_amount WHERE claim_amount_identifier IN (SELECT claim_amount_identifier FROM oda_benchmark.acme_expense_payment) GROUP BY claim_amount_identifier) ep ON ca.claim_amount_identifier = ep.claim_amount_identifier
LEFT JOIN 
    (SELECT claim_amount_identifier, SUM(claim_amount) AS expense_reserve_amount FROM oda_benchmark.acme_claim_amount WHERE claim_amount_identifier IN (SELECT claim_amount_identifier FROM oda_benchmark.acme_expense_reserve) GROUP BY claim_amount_identifier) er ON ca.claim_amount_identifier = er.claim_amount_identifier
GROUP BY 
    p.policy_number
ORDER BY 
    average_loss DESC;","WITH claim_loss AS (
  SELECT ca.claim_identifier,
         COALESCE(SUM(CASE WHEN lp.claim_amount_identifier IS NOT NULL THEN ca.claim_amount END), 0) +
         COALESCE(SUM(CASE WHEN lr.claim_amount_identifier IS NOT NULL THEN ca.claim_amount END), 0) +
         COALESCE(SUM(CASE WHEN ep.claim_amount_identifier IS NOT NULL THEN ca.claim_amount END), 0) +
         COALESCE(SUM(CASE WHEN er.claim_amount_identifier IS NOT NULL THEN ca.claim_amount END), 0) AS full_loss
  FROM oda_benchmark.acme_claim_amount ca
  LEFT JOIN oda_benchmark.acme_loss_payment lp ON ca.claim_amount_identifier = lp.claim_amount_identifier
  LEFT JOIN oda_benchmark.acme_loss_reserve lr ON ca.claim_amount_identifier = lr.claim_amount_identifier
  LEFT JOIN oda_benchmark.acme_expense_payment ep ON ca.claim_amount_identifier = ep.claim_amount_identifier
  LEFT JOIN oda_benchmark.acme_expense_reserve er ON ca.claim_amount_identifier = er.claim_amount_identifier
  GROUP BY ca.claim_identifier
)
SELECT p.policy_number,
       AVG(cl.full_loss) AS avg_loss
FROM oda_benchmark.acme_claim c
JOIN claim_loss cl ON c.claim_identifier = cl.claim_identifier
JOIN oda_benchmark.acme_claim_coverage cc ON c.claim_identifier = cc.claim_identifier
JOIN oda_benchmark.acme_policy_coverage_detail pcd ON cc.policy_coverage_detail_identifier = pcd.policy_coverage_detail_identifier
JOIN oda_benchmark.acme_policy p ON pcd.policy_identifier = p.policy_identifier
GROUP BY p.policy_number
ORDER BY avg_loss DESC"
3,Q36,36,HQHS,aggregate,0,"What is the total loss of each policy by policy number where total loss is the sum of loss payment, loss reserve, expense payment, expense reserve amounts?",1,1,1,1.0,1,"SELECT p.policy_number, 
       SUM(COALESCE(cla.claim_amount, 0)) AS total_loss
FROM oda_benchmark.acme_policy p
JOIN oda_benchmark.acme_policy_coverage_detail pcd ON p.policy_identifier = pcd.policy_identifier
JOIN oda_benchmark.acme_claim_coverage cc ON pcd.policy_coverage_detail_identifier = cc.policy_coverage_detail_identifier
JOIN oda_benchmark.acme_claim c ON cc.claim_identifier = c.claim_identifier
JOIN oda_benchmark.acme_claim_amount cla ON c.claim_identifier = cla.claim_identifier
LEFT JOIN oda_benchmark.acme_loss_payment lp ON cla.claim_amount_identifier = lp.claim_amount_identifier
LEFT JOIN oda_benchmark.acme_loss_reserve lr ON cla.claim_amount_identifier = lr.claim_amount_identifier
LEFT JOIN oda_benchmark.acme_expense_payment ep ON cla.claim_amount_identifier = ep.claim_amount_identifier
LEFT JOIN oda_benchmark.acme_expense_reserve er ON cla.claim_amount_identifier = er.claim_amount_identifier
WHERE lp.claim_amount_identifier IS NOT NULL 
   OR lr.claim_amount_identifier IS NOT NULL 
   OR ep.claim_amount_identifier IS NOT NULL 
   OR er.claim_amount_identifier IS NOT NULL
GROUP BY p.policy_number
ORDER BY total_loss DESC;","SELECT p.policy_number,
       COALESCE(SUM(CASE WHEN lp.claim_amount_identifier IS NOT NULL THEN ca.claim_amount END), 0) +
       COALESCE(SUM(CASE WHEN lr.claim_amount_identifier IS NOT NULL THEN ca.claim_amount END), 0) +
       COALESCE(SUM(CASE WHEN ep.claim_amount_identifier IS NOT NULL THEN ca.claim_amount END), 0) +
       COALESCE(SUM(CASE WHEN er.claim_amount_identifier IS NOT NULL THEN ca.claim_amount END), 0) AS total_loss
FROM oda_benchmark.acme_claim c
JOIN oda_benchmark.acme_claim_amount ca ON c.claim_identifier = ca.claim_identifier
LEFT JOIN oda_benchmark.acme_loss_payment lp ON ca.claim_amount_identifier = lp.claim_amount_identifier
LEFT JOIN oda_benchmark.acme_loss_reserve lr ON ca.claim_amount_identifier = lr.claim_amount_identifier
LEFT JOIN oda_benchmark.acme_expense_payment ep ON ca.claim_amount_identifier = ep.claim_amount_identifier
LEFT JOIN oda_benchmark.acme_expense_reserve er ON ca.claim_amount_identifier = er.claim_amount_identifier
JOIN oda_benchmark.acme_claim_coverage cc ON c.claim_identifier = cc.claim_identifier
JOIN oda_benchmark.acme_policy_coverage_detail pcd ON cc.policy_coverage_detail_identifier = pcd.policy_coverage_detail_identifier
JOIN oda_benchmark.acme_policy p ON pcd.policy_identifier = p.policy_identifier
GROUP BY p.policy_number
ORDER BY total_loss DESC"
3,Q37,37,HQHS,aggregate,0,"What are the total loss, which is the sum of loss payment, loss reserve, expense payment, expense reserve amount by claim number and corresponding policy number, policy holder and premium amount paid?",1,1,1,0.0,0,"SELECT 
    c.company_claim_number,
    p.policy_number,
    ph.party_name AS policy_holder,
    SUM(COALESCE(cla.claim_amount, 0)) AS total_loss,
    SUM(COALESCE(pa.policy_amount, 0)) AS premium_amount_paid
FROM 
    oda_benchmark.acme_claim c
JOIN 
    oda_benchmark.acme_claim_coverage cc ON c.claim_identifier = cc.claim_identifier
JOIN 
    oda_benchmark.acme_policy p ON cc.policy_coverage_detail_identifier = p.policy_identifier
JOIN 
    oda_benchmark.acme_agreement_party_role apr ON p.policy_identifier = apr.agreement_identifier AND apr.party_role_code = 'PH'
JOIN 
    oda_benchmark.acme_party ph ON apr.party_identifier = ph.party_identifier
LEFT JOIN 
    oda_benchmark.acme_claim_amount cla ON c.claim_identifier = cla.claim_identifier
LEFT JOIN 
    oda_benchmark.acme_loss_payment lp ON cla.claim_amount_identifier = lp.claim_amount_identifier
LEFT JOIN 
    oda_benchmark.acme_loss_reserve lr ON cla.claim_amount_identifier = lr.claim_amount_identifier
LEFT JOIN 
    oda_benchmark.acme_expense_payment ep ON cla.claim_amount_identifier = ep.claim_amount_identifier
LEFT JOIN 
    oda_benchmark.acme_expense_reserve er ON cla.claim_amount_identifier = er.claim_amount_identifier
LEFT JOIN 
    oda_benchmark.acme_policy_amount pa ON p.policy_identifier = pa.policy_identifier
LEFT JOIN 
    oda_benchmark.acme_premium pr ON pa.policy_amount_identifier = pr.policy_amount_identifier
WHERE 
    lp.claim_amount_identifier IS NOT NULL 
    OR lr.claim_amount_identifier IS NOT NULL 
    OR ep.claim_amount_identifier IS NOT NULL 
    OR er.claim_amount_identifier IS NOT NULL
GROUP BY 
    c.company_claim_number, p.policy_number, ph.party_name
ORDER BY 
    c.company_claim_number;","SELECT c.company_claim_number,
       p.policy_number,
       apr.party_identifier AS policyholder_id,
       SUM(DISTINCT pa.policy_amount) AS premium_amount,
       COALESCE(SUM(CASE WHEN lp.claim_amount_identifier IS NOT NULL THEN ca.claim_amount END), 0) +
       COALESCE(SUM(CASE WHEN lr.claim_amount_identifier IS NOT NULL THEN ca.claim_amount END), 0) +
       COALESCE(SUM(CASE WHEN ep.claim_amount_identifier IS NOT NULL THEN ca.claim_amount END), 0) +
       COALESCE(SUM(CASE WHEN er.claim_amount_identifier IS NOT NULL THEN ca.claim_amount END), 0) AS total_loss
FROM oda_benchmark.acme_claim c
JOIN oda_benchmark.acme_claim_amount ca ON c.claim_identifier = ca.claim_identifier
LEFT JOIN oda_benchmark.acme_loss_payment lp ON ca.claim_amount_identifier = lp.claim_amount_identifier
LEFT JOIN oda_benchmark.acme_loss_reserve lr ON ca.claim_amount_identifier = lr.claim_amount_identifier
LEFT JOIN oda_benchmark.acme_expense_payment ep ON ca.claim_amount_identifier = ep.claim_amount_identifier
LEFT JOIN oda_benchmark.acme_expense_reserve er ON ca.claim_amount_identifier = er.claim_amount_identifier
JOIN oda_benchmark.acme_claim_coverage cc ON c.claim_identifier = cc.claim_identifier
JOIN oda_benchmark.acme_policy_coverage_detail pcd ON cc.policy_coverage_detail_identifier = pcd.policy_coverage_detail_identifier
JOIN oda_benchmark.acme_policy p ON pcd.policy_identifier = p.policy_identifier
JOIN oda_benchmark.acme_agreement_party_role apr ON p.policy_identifier = apr.agreement_identifier
JOIN oda_benchmark.acme_policy_amount pa ON p.policy_identifier = pa.policy_identifier
JOIN oda_benchmark.acme_premium pr ON pa.policy_amount_identifier = pr.policy_amount_identifier
WHERE apr.party_role_code = 'PH'
GROUP BY c.company_claim_number, p.policy_number, apr.party_identifier
ORDER BY c.company_claim_number ASC"
3,Q38,38,HQHS,aggregate,0,"What are the total loss, which is the sum of loss payment, loss reserve, expense payment, expense reserve amount by catastrophe and policy number?",1,1,1,0.0,0,"SELECT 
    c.company_catastrophe_code,
    p.policy_number,
    SUM(COALESCE(cla.claim_amount, 0)) AS total_loss
FROM 
    oda_benchmark.acme_claim ac
JOIN 
    oda_benchmark.acme_claim_amount cla ON ac.claim_identifier = cla.claim_identifier
LEFT JOIN 
    oda_benchmark.acme_loss_payment lp ON cla.claim_amount_identifier = lp.claim_amount_identifier
LEFT JOIN 
    oda_benchmark.acme_loss_reserve lr ON cla.claim_amount_identifier = lr.claim_amount_identifier
LEFT JOIN 
    oda_benchmark.acme_expense_payment ep ON cla.claim_amount_identifier = ep.claim_amount_identifier
LEFT JOIN 
    oda_benchmark.acme_expense_reserve er ON cla.claim_amount_identifier = er.claim_amount_identifier
JOIN 
    oda_benchmark.acme_catastrophe c ON ac.catastrophe_identifier = c.catastrophe_identifier
JOIN 
    oda_benchmark.acme_claim_coverage cc ON ac.claim_identifier = cc.claim_identifier
JOIN 
    oda_benchmark.acme_policy p ON cc.policy_coverage_detail_identifier = p.policy_identifier
WHERE 
    (lp.claim_amount_identifier IS NOT NULL OR 
     lr.claim_amount_identifier IS NOT NULL OR 
     ep.claim_amount_identifier IS NOT NULL OR 
     er.claim_amount_identifier IS NOT NULL)
GROUP BY 
    c.company_catastrophe_code, p.policy_number
ORDER BY 
    c.company_catastrophe_code, p.policy_number;","SELECT cat.catastrophe_name,
       p.policy_number,
       COALESCE(SUM(CASE WHEN lp.claim_amount_identifier IS NOT NULL THEN ca.claim_amount END), 0) +
       COALESCE(SUM(CASE WHEN lr.claim_amount_identifier IS NOT NULL THEN ca.claim_amount END), 0) +
       COALESCE(SUM(CASE WHEN ep.claim_amount_identifier IS NOT NULL THEN ca.claim_amount END), 0) +
       COALESCE(SUM(CASE WHEN er.claim_amount_identifier IS NOT NULL THEN ca.claim_amount END), 0) AS total_loss
FROM oda_benchmark.acme_claim c
LEFT JOIN oda_benchmark.acme_catastrophe cat ON c.catastrophe_identifier = cat.catastrophe_identifier
JOIN oda_benchmark.acme_claim_amount ca ON c.claim_identifier = ca.claim_identifier
LEFT JOIN oda_benchmark.acme_loss_payment lp ON ca.claim_amount_identifier = lp.claim_amount_identifier
LEFT JOIN oda_benchmark.acme_loss_reserve lr ON ca.claim_amount_identifier = lr.claim_amount_identifier
LEFT JOIN oda_benchmark.acme_expense_payment ep ON ca.claim_amount_identifier = ep.claim_amount_identifier
LEFT JOIN oda_benchmark.acme_expense_reserve er ON ca.claim_amount_identifier = er.claim_amount_identifier
JOIN oda_benchmark.acme_claim_coverage cc ON c.claim_identifier = cc.claim_identifier
JOIN oda_benchmark.acme_policy_coverage_detail pcd ON cc.policy_coverage_detail_identifier = pcd.policy_coverage_detail_identifier
JOIN oda_benchmark.acme_policy p ON pcd.policy_identifier = p.policy_identifier
GROUP BY cat.catastrophe_name, p.policy_number
ORDER BY total_loss DESC"
3,Q39,39,HQHS,aggregate,0,"What are the total loss, which is the sum of loss payment, loss reserve, expense payment, expense reserve amount by claim number, catastrophe and corresponding policy number?",1,0,1,0.0,0,"SELECT 
    c.company_claim_number,
    cat.catastrophe_name,
    p.policy_number,
    SUM(COALESCE(lp.claim_amount, 0) + COALESCE(lr.claim_amount, 0) + COALESCE(ep.claim_amount, 0) + COALESCE(er.claim_amount, 0)) AS total_loss
FROM 
    oda_benchmark.acme_claim c
JOIN 
    oda_benchmark.acme_catastrophe cat ON c.catastrophe_identifier = cat.catastrophe_identifier
JOIN 
    oda_benchmark.acme_claim_coverage cc ON c.claim_identifier = cc.claim_identifier
JOIN 
    oda_benchmark.acme_policy p ON cc.policy_coverage_detail_identifier = p.policy_identifier
LEFT JOIN 
    oda_benchmark.acme_claim_amount ca ON c.claim_identifier = ca.claim_identifier
LEFT JOIN 
    oda_benchmark.acme_loss_payment lp ON ca.claim_amount_identifier = lp.claim_amount_identifier
LEFT JOIN 
    oda_benchmark.acme_loss_reserve lr ON ca.claim_amount_identifier = lr.claim_amount_identifier
LEFT JOIN 
    oda_benchmark.acme_expense_payment ep ON ca.claim_amount_identifier = ep.claim_amount_identifier
LEFT JOIN 
    oda_benchmark.acme_expense_reserve er ON ca.claim_amount_identifier = er.claim_amount_identifier
GROUP BY 
    c.company_claim_number, cat.catastrophe_name, p.policy_number
ORDER BY 
    total_loss DESC;","SELECT c.company_claim_number,
       cat.catastrophe_name,
       p.policy_number,
       COALESCE(SUM(CASE WHEN lp.claim_amount_identifier IS NOT NULL THEN ca.claim_amount END), 0) +
       COALESCE(SUM(CASE WHEN lr.claim_amount_identifier IS NOT NULL THEN ca.claim_amount END), 0) +
       COALESCE(SUM(CASE WHEN ep.claim_amount_identifier IS NOT NULL THEN ca.claim_amount END), 0) +
       COALESCE(SUM(CASE WHEN er.claim_amount_identifier IS NOT NULL THEN ca.claim_amount END), 0) AS total_loss
FROM oda_benchmark.acme_claim c
LEFT JOIN oda_benchmark.acme_catastrophe cat ON c.catastrophe_identifier = cat.catastrophe_identifier
JOIN oda_benchmark.acme_claim_amount ca ON c.claim_identifier = ca.claim_identifier
LEFT JOIN oda_benchmark.acme_loss_payment lp ON ca.claim_amount_identifier = lp.claim_amount_identifier
LEFT JOIN oda_benchmark.acme_loss_reserve lr ON ca.claim_amount_identifier = lr.claim_amount_identifier
LEFT JOIN oda_benchmark.acme_expense_payment ep ON ca.claim_amount_identifier = ep.claim_amount_identifier
LEFT JOIN oda_benchmark.acme_expense_reserve er ON ca.claim_amount_identifier = er.claim_amount_identifier
JOIN oda_benchmark.acme_claim_coverage cc ON c.claim_identifier = cc.claim_identifier
JOIN oda_benchmark.acme_policy_coverage_detail pcd ON cc.policy_coverage_detail_identifier = pcd.policy_coverage_detail_identifier
JOIN oda_benchmark.acme_policy p ON pcd.policy_identifier = p.policy_identifier
GROUP BY c.company_claim_number, cat.catastrophe_name, p.policy_number
ORDER BY c.company_claim_number ASC"
3,Q40,40,HQHS,aggregate,0,"What is the total loss of each policy that an agent has sold by agent id where total loss is the sum of loss payment, loss reserve, expense payment, expense reserve amounts?",1,1,1,0.0,0,"SELECT apr.party_identifier AS agent_id, p.policy_number, SUM(ca.claim_amount) AS total_loss
FROM oda_benchmark.acme_agreement_party_role apr
JOIN oda_benchmark.acme_policy p ON apr.agreement_identifier = p.policy_identifier
JOIN oda_benchmark.acme_claim_coverage cc ON p.policy_identifier = cc.policy_coverage_detail_identifier
JOIN oda_benchmark.acme_claim c ON cc.claim_identifier = c.claim_identifier
JOIN oda_benchmark.acme_claim_amount ca ON c.claim_identifier = ca.claim_identifier
LEFT JOIN oda_benchmark.acme_loss_payment lp ON ca.claim_amount_identifier = lp.claim_amount_identifier
LEFT JOIN oda_benchmark.acme_loss_reserve lr ON ca.claim_amount_identifier = lr.claim_amount_identifier
LEFT JOIN oda_benchmark.acme_expense_payment ep ON ca.claim_amount_identifier = ep.claim_amount_identifier
LEFT JOIN oda_benchmark.acme_expense_reserve er ON ca.claim_amount_identifier = er.claim_amount_identifier
WHERE apr.party_role_code = 'AG'
  AND (lp.claim_amount_identifier IS NOT NULL OR lr.claim_amount_identifier IS NOT NULL
       OR ep.claim_amount_identifier IS NOT NULL OR er.claim_amount_identifier IS NOT NULL)
GROUP BY apr.party_identifier, p.policy_number
ORDER BY apr.party_identifier, total_loss DESC;","SELECT apr.party_identifier AS agent_id,
       p.policy_number,
       COALESCE(SUM(CASE WHEN lp.claim_amount_identifier IS NOT NULL THEN ca.claim_amount END), 0) +
       COALESCE(SUM(CASE WHEN lr.claim_amount_identifier IS NOT NULL THEN ca.claim_amount END), 0) +
       COALESCE(SUM(CASE WHEN ep.claim_amount_identifier IS NOT NULL THEN ca.claim_amount END), 0) +
       COALESCE(SUM(CASE WHEN er.claim_amount_identifier IS NOT NULL THEN ca.claim_amount END), 0) AS total_loss
FROM oda_benchmark.acme_claim c
JOIN oda_benchmark.acme_claim_amount ca ON c.claim_identifier = ca.claim_identifier
LEFT JOIN oda_benchmark.acme_loss_payment lp ON ca.claim_amount_identifier = lp.claim_amount_identifier
LEFT JOIN oda_benchmark.acme_loss_reserve lr ON ca.claim_amount_identifier = lr.claim_amount_identifier
LEFT JOIN oda_benchmark.acme_expense_payment ep ON ca.claim_amount_identifier = ep.claim_amount_identifier
LEFT JOIN oda_benchmark.acme_expense_reserve er ON ca.claim_amount_identifier = er.claim_amount_identifier
JOIN oda_benchmark.acme_claim_coverage cc ON c.claim_identifier = cc.claim_identifier
JOIN oda_benchmark.acme_policy_coverage_detail pcd ON cc.policy_coverage_detail_identifier = pcd.policy_coverage_detail_identifier
JOIN oda_benchmark.acme_policy p ON pcd.policy_identifier = p.policy_identifier
JOIN oda_benchmark.acme_agreement_party_role apr ON p.policy_identifier = apr.agreement_identifier
WHERE apr.party_role_code = 'AG'
GROUP BY apr.party_identifier, p.policy_number
ORDER BY apr.party_identifier ASC"
3,Q41,41,HQHS,aggregate,0,What is the loss ratio of each policy and agent who sold it by policy number and agent id?,1,0,1,0.0,0,"SELECT 
    p.policy_number,
    apr.party_identifier AS agent_id,
    COALESCE(SUM(l.claim_amount), 0) / NULLIF(SUM(pr.policy_amount), 0) AS loss_ratio
FROM 
    oda_benchmark.acme_policy p
JOIN 
    oda_benchmark.acme_agreement_party_role apr ON p.policy_identifier = apr.agreement_identifier
JOIN 
    oda_benchmark.acme_policy_amount pa ON p.policy_identifier = pa.policy_identifier
JOIN 
    oda_benchmark.acme_premium pr ON pa.policy_amount_identifier = pr.policy_amount_identifier
LEFT JOIN 
    oda_benchmark.acme_claim_coverage cc ON p.policy_identifier = cc.policy_coverage_detail_identifier
LEFT JOIN 
    oda_benchmark.acme_claim c ON cc.claim_identifier = c.claim_identifier
LEFT JOIN 
    oda_benchmark.acme_claim_amount l ON c.claim_identifier = l.claim_identifier
LEFT JOIN 
    oda_benchmark.acme_loss_payment lp ON l.claim_amount_identifier = lp.claim_amount_identifier
WHERE 
    apr.party_role_code = 'AG'
GROUP BY 
    p.policy_number, apr.party_identifier
ORDER BY 
    p.policy_number, apr.party_identifier;","SELECT p.policy_number,
       apr.party_identifier AS agent_id,
       (COALESCE(SUM(CASE WHEN lp.claim_amount_identifier IS NOT NULL THEN ca.claim_amount END), 0) +
        COALESCE(SUM(CASE WHEN lr.claim_amount_identifier IS NOT NULL THEN ca.claim_amount END), 0) +
        COALESCE(SUM(CASE WHEN ep.claim_amount_identifier IS NOT NULL THEN ca.claim_amount END), 0) +
        COALESCE(SUM(CASE WHEN er.claim_amount_identifier IS NOT NULL THEN ca.claim_amount END), 0)) /
       NULLIF(SUM(DISTINCT pa.policy_amount), 0) AS loss_ratio
FROM oda_benchmark.acme_claim c
JOIN oda_benchmark.acme_claim_amount ca ON c.claim_identifier = ca.claim_identifier
LEFT JOIN oda_benchmark.acme_loss_payment lp ON ca.claim_amount_identifier = lp.claim_amount_identifier
LEFT JOIN oda_benchmark.acme_loss_reserve lr ON ca.claim_amount_identifier = lr.claim_amount_identifier
LEFT JOIN oda_benchmark.acme_expense_payment ep ON ca.claim_amount_identifier = ep.claim_amount_identifier
LEFT JOIN oda_benchmark.acme_expense_reserve er ON ca.claim_amount_identifier = er.claim_amount_identifier
JOIN oda_benchmark.acme_claim_coverage cc ON c.claim_identifier = cc.claim_identifier
JOIN oda_benchmark.acme_policy_coverage_detail pcd ON cc.policy_coverage_detail_identifier = pcd.policy_coverage_detail_identifier
JOIN oda_benchmark.acme_policy p ON pcd.policy_identifier = p.policy_identifier
JOIN oda_benchmark.acme_agreement_party_role apr ON p.policy_identifier = apr.agreement_identifier
JOIN oda_benchmark.acme_policy_amount pa ON p.policy_identifier = pa.policy_identifier
JOIN oda_benchmark.acme_premium pr ON pa.policy_amount_identifier = pr.policy_amount_identifier
WHERE apr.party_role_code = 'AG'
GROUP BY p.policy_number, apr.party_identifier
ORDER BY p.policy_number ASC"
3,Q44,44,HQHS,aggregate,0,"What is the average loss of each policy by policy number and number of claims where loss is the sum of loss payment, loss reserve, expense payment, expense reserve amounts?",1,0,1,0.0,0,"SELECT 
    p.policy_number, 
    COUNT(DISTINCT c.claim_identifier) AS number_of_claims,
    AVG(COALESCE(lp.loss_payment_sum, 0) + COALESCE(lr.loss_reserve_sum, 0) + COALESCE(ep.expense_payment_sum, 0) + COALESCE(er.expense_reserve_sum, 0)) AS average_loss
FROM 
    oda_benchmark.acme_policy p
JOIN 
    oda_benchmark.acme_claim_coverage cc ON p.policy_identifier = cc.policy_identifier
JOIN 
    oda_benchmark.acme_claim c ON cc.claim_identifier = c.claim_identifier
LEFT JOIN 
    (SELECT claim_identifier, SUM(claim_amount) AS loss_payment_sum
     FROM oda_benchmark.acme_claim_amount ca
     JOIN oda_benchmark.acme_loss_payment lp ON ca.claim_amount_identifier = lp.claim_amount_identifier
     GROUP BY claim_identifier) lp ON c.claim_identifier = lp.claim_identifier
LEFT JOIN 
    (SELECT claim_identifier, SUM(claim_amount) AS loss_reserve_sum
     FROM oda_benchmark.acme_claim_amount ca
     JOIN oda_benchmark.acme_loss_reserve lr ON ca.claim_amount_identifier = lr.claim_amount_identifier
     GROUP BY claim_identifier) lr ON c.claim_identifier = lr.claim_identifier
LEFT JOIN 
    (SELECT claim_identifier, SUM(claim_amount) AS expense_payment_sum
     FROM oda_benchmark.acme_claim_amount ca
     JOIN oda_benchmark.acme_expense_payment ep ON ca.claim_amount_identifier = ep.claim_amount_identifier
     GROUP BY claim_identifier) ep ON c.claim_identifier = ep.claim_identifier
LEFT JOIN 
    (SELECT claim_identifier, SUM(claim_amount) AS expense_reserve_sum
     FROM oda_benchmark.acme_claim_amount ca
     JOIN oda_benchmark.acme_expense_reserve er ON ca.claim_amount_identifier = er.claim_amount_identifier
     GROUP BY claim_identifier) er ON c.claim_identifier = er.claim_identifier
GROUP BY 
    p.policy_number
ORDER BY 
    p.policy_number;","WITH claim_loss AS (
  SELECT ca.claim_identifier,
         COALESCE(SUM(CASE WHEN lp.claim_amount_identifier IS NOT NULL THEN ca.claim_amount END), 0) +
         COALESCE(SUM(CASE WHEN lr.claim_amount_identifier IS NOT NULL THEN ca.claim_amount END), 0) +
         COALESCE(SUM(CASE WHEN ep.claim_amount_identifier IS NOT NULL THEN ca.claim_amount END), 0) +
         COALESCE(SUM(CASE WHEN er.claim_amount_identifier IS NOT NULL THEN ca.claim_amount END), 0) AS full_loss
  FROM oda_benchmark.acme_claim_amount ca
  LEFT JOIN oda_benchmark.acme_loss_payment lp ON ca.claim_amount_identifier = lp.claim_amount_identifier
  LEFT JOIN oda_benchmark.acme_loss_reserve lr ON ca.claim_amount_identifier = lr.claim_amount_identifier
  LEFT JOIN oda_benchmark.acme_expense_payment ep ON ca.claim_amount_identifier = ep.claim_amount_identifier
  LEFT JOIN oda_benchmark.acme_expense_reserve er ON ca.claim_amount_identifier = er.claim_amount_identifier
  GROUP BY ca.claim_identifier
)
SELECT p.policy_number,
       COUNT(DISTINCT c.claim_identifier) AS number_of_claims,
       AVG(cl.full_loss) AS avg_loss
FROM oda_benchmark.acme_claim c
JOIN claim_loss cl ON c.claim_identifier = cl.claim_identifier
JOIN oda_benchmark.acme_claim_coverage cc ON c.claim_identifier = cc.claim_identifier
JOIN oda_benchmark.acme_policy_coverage_detail pcd ON cc.policy_coverage_detail_identifier = pcd.policy_coverage_detail_identifier
JOIN oda_benchmark.acme_policy p ON pcd.policy_identifier = p.policy_identifier
GROUP BY p.policy_number
ORDER BY p.policy_number ASC"
3,Q43,43,HQHS,aggregate,0,"What is the loss ratio, number of claims, total loss by policy number and premium where total loss is the sum of loss payment, loss reserve, expense payment, expense reserve amount and loss ratio is total loss divided by premium?",1,0,1,0.0,0,"SELECT 
    p.policy_number,
    COUNT(DISTINCT c.claim_identifier) AS number_of_claims,
    COALESCE(SUM(CASE WHEN l.claim_amount_identifier IS NOT NULL THEN ca.claim_amount ELSE 0 END), 0) +
    COALESCE(SUM(CASE WHEN lr.claim_amount_identifier IS NOT NULL THEN ca.claim_amount ELSE 0 END), 0) +
    COALESCE(SUM(CASE WHEN ep.claim_amount_identifier IS NOT NULL THEN ca.claim_amount ELSE 0 END), 0) +
    COALESCE(SUM(CASE WHEN er.claim_amount_identifier IS NOT NULL THEN ca.claim_amount ELSE 0 END), 0) AS total_loss,
    COALESCE(SUM(pr.policy_amount), 0) AS premium,
    CASE WHEN COALESCE(SUM(pr.policy_amount), 0) > 0 THEN
        (COALESCE(SUM(CASE WHEN l.claim_amount_identifier IS NOT NULL THEN ca.claim_amount ELSE 0 END), 0) +
         COALESCE(SUM(CASE WHEN lr.claim_amount_identifier IS NOT NULL THEN ca.claim_amount ELSE 0 END), 0) +
         COALESCE(SUM(CASE WHEN ep.claim_amount_identifier IS NOT NULL THEN ca.claim_amount ELSE 0 END), 0) +
         COALESCE(SUM(CASE WHEN er.claim_amount_identifier IS NOT NULL THEN ca.claim_amount ELSE 0 END), 0)) /
        COALESCE(SUM(pr.policy_amount), 0)
    ELSE 0 END AS loss_ratio
FROM 
    oda_benchmark.acme_policy p
LEFT JOIN 
    oda_benchmark.acme_claim_coverage cc ON p.policy_identifier = cc.policy_coverage_detail_identifier
LEFT JOIN 
    oda_benchmark.acme_claim c ON cc.claim_identifier = c.claim_identifier
LEFT JOIN 
    oda_benchmark.acme_claim_amount ca ON c.claim_identifier = ca.claim_identifier
LEFT JOIN 
    oda_benchmark.acme_loss_payment l ON ca.claim_amount_identifier = l.claim_amount_identifier
LEFT JOIN 
    oda_benchmark.acme_loss_reserve lr ON ca.claim_amount_identifier = lr.claim_amount_identifier
LEFT JOIN 
    oda_benchmark.acme_expense_payment ep ON ca.claim_amount_identifier = ep.claim_amount_identifier
LEFT JOIN 
    oda_benchmark.acme_expense_reserve er ON ca.claim_amount_identifier = er.claim_amount_identifier
LEFT JOIN 
    oda_benchmark.acme_policy_amount pa ON p.policy_identifier = pa.policy_identifier
LEFT JOIN 
    oda_benchmark.acme_premium pr ON pa.policy_amount_identifier = pr.policy_amount_identifier
GROUP BY 
    p.policy_number
ORDER BY 
    p.policy_number;","SELECT p.policy_number,
       SUM(DISTINCT pa.policy_amount) AS premium,
       COUNT(DISTINCT c.claim_identifier) AS number_of_claims,
       COALESCE(SUM(CASE WHEN lp.claim_amount_identifier IS NOT NULL THEN ca.claim_amount END), 0) +
       COALESCE(SUM(CASE WHEN lr.claim_amount_identifier IS NOT NULL THEN ca.claim_amount END), 0) +
       COALESCE(SUM(CASE WHEN ep.claim_amount_identifier IS NOT NULL THEN ca.claim_amount END), 0) +
       COALESCE(SUM(CASE WHEN er.claim_amount_identifier IS NOT NULL THEN ca.claim_amount END), 0) AS total_loss,
       (COALESCE(SUM(CASE WHEN lp.claim_amount_identifier IS NOT NULL THEN ca.claim_amount END), 0) +
        COALESCE(SUM(CASE WHEN lr.claim_amount_identifier IS NOT NULL THEN ca.claim_amount END), 0) +
        COALESCE(SUM(CASE WHEN ep.claim_amount_identifier IS NOT NULL THEN ca.claim_amount END), 0) +
        COALESCE(SUM(CASE WHEN er.claim_amount_identifier IS NOT NULL THEN ca.claim_amount END), 0)) /
       NULLIF(SUM(DISTINCT pa.policy_amount), 0) AS loss_ratio
FROM oda_benchmark.acme_claim c
JOIN oda_benchmark.acme_claim_amount ca ON c.claim_identifier = ca.claim_identifier
LEFT JOIN oda_benchmark.acme_loss_payment lp ON ca.claim_amount_identifier = lp.claim_amount_identifier
LEFT JOIN oda_benchmark.acme_loss_reserve lr ON ca.claim_amount_identifier = lr.claim_amount_identifier
LEFT JOIN oda_benchmark.acme_expense_payment ep ON ca.claim_amount_identifier = ep.claim_amount_identifier
LEFT JOIN oda_benchmark.acme_expense_reserve er ON ca.claim_amount_identifier = er.claim_amount_identifier
JOIN oda_benchmark.acme_claim_coverage cc ON c.claim_identifier = cc.claim_identifier
JOIN oda_benchmark.acme_policy_coverage_detail pcd ON cc.policy_coverage_detail_identifier = pcd.policy_coverage_detail_identifier
JOIN oda_benchmark.acme_policy p ON pcd.policy_identifier = p.policy_identifier
JOIN oda_benchmark.acme_policy_amount pa ON p.policy_identifier = pa.policy_identifier
JOIN oda_benchmark.acme_premium pr ON pa.policy_amount_identifier = pr.policy_amount_identifier
GROUP BY p.policy_number
ORDER BY p.policy_number ASC"
